model_path,HW,CIN1,CIN2,CIN3,CIN4,latency
concat_prior_VVAZPF.pt,28,50,76,0,0,0.02587386
concat_prior_1G609C.pt,7,661,479,0,0,0.01198776
concat_prior_QP6UE8.pt,7,2029,238,538,2012,0.17731733999999996
concat_prior_ET0NSP.pt,56,1953,177,150,840,3.08546568
concat_prior_WYBZVJ.pt,28,43,441,155,0,0.2588963599999999
concat_prior_ZPHD4I.pt,7,500,11,0,0,0.004541300000000001
concat_prior_MOOJ5O.pt,28,261,525,115,0,0.3887847399999999
concat_prior_MTHBTN.pt,14,32,203,56,497,0.2121686
concat_prior_7DSFVN.pt,14,162,91,0,0,0.010648040000000001
concat_prior_0QM0EI.pt,14,142,66,394,529,0.20373897999999996
concat_prior_RN3S95.pt,7,220,179,233,0,0.00505682
concat_prior_FXTJ34.pt,56,518,1021,1169,767,3.52986736
concat_prior_A2O6I0.pt,56,256,83,0,0,0.4127511999999999
concat_prior_UWL0N3.pt,28,151,125,204,0,0.25890237999999993
concat_prior_LHZ1P3.pt,14,123,834,45,0,0.13889488000000003
concat_prior_IF5SW6.pt,14,119,48,183,0,0.13187468
concat_prior_QKTJD9.pt,28,520,104,0,0,0.20913106000000004
concat_prior_R30ZLC.pt,56,86,184,145,0,0.35024031999999994
concat_prior_MZW267.pt,7,84,190,836,130,0.1401907
concat_prior_0M7MP1.pt,28,393,192,0,0,0.18778754000000006
concat_prior_WJ7IP3.pt,7,534,440,958,139,0.15573430000000005
concat_prior_EZNY3B.pt,14,468,150,0,0,0.10291388000000003
concat_prior_VMYFQP.pt,7,462,80,99,1000,0.1380254
concat_prior_X7V10H.pt,28,119,13,0,0,0.1378001
concat_prior_WCWF6P.pt,7,11,119,788,0,0.11560467999999996
concat_prior_3H6KCC.pt,14,993,122,11,946,0.19090582
concat_prior_82FV42.pt,28,510,398,396,538,0.27078842
concat_prior_HSHWMZ.pt,14,157,248,949,0,0.15549714
concat_prior_A1YNM6.pt,28,248,253,84,202,0.27207774
concat_prior_RYST9P.pt,14,87,521,78,233,0.1636744
concat_prior_N227P6.pt,28,150,114,0,0,0.1788204
concat_prior_UYRQL4.pt,7,700,108,958,0,0.18407642
concat_prior_6IJF0V.pt,28,1069,230,0,0,0.38899880000000003
concat_prior_8OIG7G.pt,7,702,168,240,231,0.14865044000000002
concat_prior_ZJ1P7O.pt,14,41,79,141,21,0.012639160000000003
concat_prior_Y6ROBZ.pt,7,253,204,0,0,0.00581634
concat_prior_5I1RJD.pt,7,161,260,0,0,0.01559982
concat_prior_ZXXFGQ.pt,28,119,431,0,0,0.2529976400000001
concat_prior_D0WKP6.pt,14,484,432,34,423,0.2185363
concat_prior_0DHI1S.pt,7,3,450,172,54,0.013372980000000003
concat_prior_13EIMC.pt,56,22,11,129,249,0.44263695999999997
concat_prior_BSRXU5.pt,28,694,836,201,0,0.3012932199999999
concat_prior_V5CDRF.pt,14,119,410,0,0,0.1195809
concat_prior_4URCX5.pt,56,487,520,116,174,1.01215306
concat_prior_WL1BJW.pt,7,166,1234,144,114,0.14884461999999998
concat_prior_A9IRS9.pt,7,243,153,158,60,0.005081760000000001
concat_prior_XTJ9QU.pt,14,91,90,175,468,0.1784482199999999
concat_prior_TF1PRG.pt,14,46,514,0,0,0.11852502000000004
concat_prior_FJ03PI.pt,14,211,12,526,65,0.20115331999999989
concat_prior_Z0IFK5.pt,28,46,159,0,0,0.18922924
concat_prior_ZQ1PYD.pt,14,700,534,0,0,0.035724200000000005
concat_prior_MDFP97.pt,7,103,174,0,0,0.007212539999999998
concat_prior_HJXRD9.pt,28,443,105,54,322,0.16739306000000007
concat_prior_8AW2Y1.pt,28,212,470,0,0,0.19049618000000007
concat_prior_Q2J3MC.pt,28,481,295,990,0,0.23089331999999993
concat_prior_3BMGNQ.pt,14,949,323,0,0,0.25133702
concat_prior_7SOQU9.pt,7,186,168,488,506,0.12822096000000005
concat_prior_MWCD6Z.pt,56,71,527,0,0,0.3062577799999999
concat_prior_UTZK0E.pt,14,34,865,179,0,0.17499763999999998
concat_prior_0YS3P5.pt,28,173,183,181,0,0.28817050000000005
concat_prior_IWVMUC.pt,56,501,513,0,0,0.7412738999999998
concat_prior_HHC2C1.pt,7,225,31,0,0,0.00382714
concat_prior_3H239P.pt,14,587,52,283,213,0.2995336799999999
concat_prior_DL80JQ.pt,14,214,295,420,0,0.25840704
concat_prior_RG4ATA.pt,7,1874,655,0,0,0.18549066000000003
concat_prior_1XH0TW.pt,14,100,99,0,0,0.006386859999999999
concat_prior_K2B9JT.pt,14,2013,148,0,0,0.23634249999999996
concat_prior_1PW0I3.pt,28,572,526,216,111,0.23857118
concat_prior_2HM8V7.pt,14,440,525,0,0,0.23792330000000003
concat_prior_YLO2RG.pt,56,252,771,0,0,0.49486574000000005
concat_prior_P71LH8.pt,28,68,23,490,1170,0.3857680000000001
concat_prior_G1DG9W.pt,14,203,147,606,23,0.23928526000000003
concat_prior_5X3DQO.pt,14,93,1703,123,0,0.16574234000000002
concat_prior_CWF3Q4.pt,7,215,38,471,0,0.011326219999999998
concat_prior_OP1OWE.pt,14,131,840,86,0,0.153814
concat_prior_N8VYY5.pt,28,38,219,0,0,0.13541725999999998
concat_prior_5OV292.pt,14,130,1293,1292,0,0.16801185999999999
concat_prior_0BGJRW.pt,28,232,450,50,0,0.39596544
concat_prior_HXC363.pt,14,537,58,0,0,0.13560144000000002
concat_prior_Y6Q750.pt,14,2003,136,0,0,0.25748809999999994
concat_prior_7NK8BZ.pt,28,200,16,19,0,0.14376798
concat_prior_ZLSR8O.pt,28,1161,51,0,0,0.35985187999999996
concat_prior_FKSPS0.pt,56,509,151,22,836,1.0651923600000002
concat_prior_ZRSD9D.pt,7,497,73,528,510,0.025063479999999996
concat_prior_DBY11M.pt,28,10,110,650,558,0.3625036200000001
concat_prior_G6NCQT.pt,7,784,111,0,0,0.10306896000000002
concat_prior_3EH19H.pt,14,137,776,72,0,0.14483400000000002
concat_prior_EV2MGG.pt,14,417,5,183,1937,0.25819068
concat_prior_2G9LPN.pt,14,199,190,25,45,0.17124571999999996
concat_prior_026F1C.pt,14,166,930,0,0,0.12407419999999998
concat_prior_PI1N56.pt,14,432,500,213,249,0.22110062000000005
concat_prior_93PD9N.pt,28,535,1154,846,0,0.6005367199999999
concat_prior_PS868T.pt,56,520,1692,66,723,3.075451900000001
concat_prior_FWULTS.pt,56,1806,1018,956,537,5.763895240000002
concat_prior_JD8V9I.pt,14,7,930,223,0,0.18077341999999993
concat_prior_N87JWD.pt,14,5,1842,0,0,0.14702984000000002
concat_prior_HW0NXV.pt,14,508,79,0,0,0.11780866
concat_prior_PR1KNG.pt,14,447,507,0,0,0.18655092000000006
concat_prior_Y73U6R.pt,7,116,148,1181,843,0.18069486
concat_prior_SVC84O.pt,14,33,174,6,206,0.14751395999999997
concat_prior_FKD5QI.pt,7,47,534,495,517,0.021142759999999997
concat_prior_5A59BN.pt,56,25,1181,0,0,1.01343736
concat_prior_MG5G06.pt,14,999,784,12,0,0.19201079999999993
concat_prior_Y3ERDZ.pt,14,514,475,102,234,0.18403146000000004
concat_prior_0NUGGF.pt,56,551,137,132,0,0.6744502
concat_prior_I6QTEQ.pt,7,521,245,216,0,0.01204678
concat_prior_R3J33S.pt,56,63,167,26,321,0.32797024
concat_prior_CUC3MF.pt,7,685,108,87,162,0.11629224000000002
concat_prior_AE8K07.pt,7,265,187,45,260,0.01169476
concat_prior_OS6Q79.pt,28,251,190,175,122,0.3352414400000001
concat_prior_E68Q1R.pt,7,95,214,0,0,0.003635799999999999
concat_prior_C9NRHM.pt,7,524,984,0,0,0.10520453999999997
concat_prior_92KFFG.pt,14,460,1536,0,0,0.23333491999999997
concat_prior_BKDWFK.pt,14,168,688,39,175,0.19408869999999998
concat_prior_TLA52U.pt,14,88,769,8,817,0.16961982000000003
concat_prior_1QZSFA.pt,14,87,1406,71,0,0.14241681999999997
concat_prior_YEM7ZM.pt,7,129,46,41,210,0.004394859999999998
concat_prior_IWNNEC.pt,14,802,2015,147,509,0.18184748000000006
concat_prior_7KUQ1R.pt,7,55,538,158,0,0.013330040000000003
concat_prior_785O6Z.pt,14,38,2102,264,0,0.16704365999999995
concat_prior_7B7ZX9.pt,14,174,7,497,75,0.17535886
concat_prior_W5HGH1.pt,14,456,940,204,862,0.25016417999999996
concat_prior_POQVYK.pt,28,131,527,0,0,0.22156882000000003
concat_prior_COYJ22.pt,7,214,155,1001,432,0.1446151
concat_prior_2WULHP.pt,14,700,293,36,63,0.18377974000000002
concat_prior_LBRLOB.pt,7,978,32,0,0,0.10782329999999997
concat_prior_XGG1S7.pt,28,535,31,0,0,0.21636107999999993
concat_prior_RQ0866.pt,14,82,189,425,33,0.16363052
concat_prior_5LE2A5.pt,7,955,42,0,0,0.01853588
concat_prior_GCKV5G.pt,7,285,146,0,0,0.0074420799999999985
concat_prior_EY1DCX.pt,14,1766,135,160,113,0.21378066
concat_prior_ZSTQ25.pt,7,256,170,23,445,0.012686799999999998
concat_prior_X01LBP.pt,56,129,141,538,124,0.6140070799999999
concat_prior_8W98EO.pt,56,212,494,528,42,0.59779804
concat_prior_BQS24J.pt,14,683,236,168,0,0.18757349999999995
concat_prior_JWXF55.pt,28,529,76,921,263,0.5417654600000001
concat_prior_VRTELE.pt,14,199,161,0,0,0.16626877999999998
concat_prior_DYHQQK.pt,7,265,217,266,0,0.011282580000000002
concat_prior_IOD1BO.pt,7,816,7,0,0,0.09923776000000002
concat_prior_6SG0OA.pt,14,125,205,54,0,0.12302586000000003
concat_prior_6IWBS4.pt,14,493,188,0,0,0.18579162000000005
concat_prior_6AK9T0.pt,14,84,65,504,514,0.1560625
concat_prior_ON0OQA.pt,14,9,512,490,515,0.16435441999999995
concat_prior_LFWI0M.pt,7,233,196,0,0,0.00630296
concat_prior_KRYSLU.pt,28,100,223,0,0,0.23621326000000004
concat_prior_1XMQQ1.pt,56,242,431,0,0,0.4977626999999999
concat_prior_ZVD44U.pt,28,755,114,29,537,0.30787896
concat_prior_GHCE1X.pt,14,169,166,44,848,0.21234332000000003
concat_prior_0DUIAI.pt,7,1286,80,0,0,0.11480378
concat_prior_GSQMN6.pt,28,87,52,795,0,0.28609320000000005
concat_prior_G45XAE.pt,28,34,26,2144,810,0.14975780000000002
concat_prior_RTXMGE.pt,7,81,78,253,120,0.00502006
concat_prior_08GLTX.pt,14,91,31,0,0,0.01438381999999999
concat_prior_BMI33E.pt,56,191,984,138,526,1.3554536599999993
concat_prior_WPKMHB.pt,14,38,489,492,252,0.15275739999999996
concat_prior_9K6F6T.pt,14,88,272,18,96,0.13289668000000002
concat_prior_SSFRVD.pt,56,52,166,1025,99,0.9878738199999998
concat_prior_16D538.pt,14,116,173,0,0,0.0945184
concat_prior_D1ZH9U.pt,14,521,12,0,0,0.119358
concat_prior_GX1AS9.pt,14,539,149,802,0,0.2592608599999999
concat_prior_P8WA8Y.pt,7,361,528,21,14,0.014182739999999996
concat_prior_AMOKM4.pt,14,22,155,209,65,0.15596291999999998
concat_prior_A49VZ6.pt,28,169,203,0,0,0.20727722000000007
concat_prior_WFJ6SQ.pt,14,267,186,0,0,0.15265615999999999
concat_prior_V4QJSG.pt,28,2015,131,0,0,0.4968605400000001
concat_prior_ZPT750.pt,7,499,266,427,0,0.014845819999999996
concat_prior_SKP7PM.pt,7,183,996,0,0,0.11243823999999998
concat_prior_0YL9DS.pt,56,209,671,0,0,0.61483052
concat_prior_SX3KQO.pt,14,142,107,0,0,0.00913834
concat_prior_CDSHG1.pt,14,74,492,0,0,0.11461093999999995
concat_prior_6EDGS8.pt,7,806,40,0,0,0.10963106
concat_prior_FTEDDG.pt,14,138,973,1007,99,0.15434572000000002
concat_prior_BYHD98.pt,14,144,212,0,0,0.11908094000000002
concat_prior_DZYOW8.pt,14,146,99,1243,175,0.17360865999999997
concat_prior_WCINB0.pt,7,1034,987,553,116,0.21259683999999995
concat_prior_MKHWGX.pt,7,214,1187,0,0,0.10961238
concat_prior_C6F306.pt,14,226,180,0,0,0.15034545999999996
concat_prior_P8APT2.pt,14,502,108,12,369,0.1939476600000001
concat_prior_ANW4UC.pt,7,207,847,50,467,0.14070924
concat_prior_AZRZB6.pt,14,212,1001,196,651,0.19770178000000002
concat_prior_6SL7S5.pt,56,161,222,0,0,0.4022413199999999
concat_prior_JZKWA1.pt,7,169,625,182,0,0.011653900000000002
concat_prior_UDD9FI.pt,28,1432,215,1180,92,0.36397467999999994
concat_prior_I3GEO0.pt,56,148,107,0,0,0.35777488000000013
concat_prior_OD7PQP.pt,7,130,23,8,28,0.0033719600000000007
concat_prior_W369MN.pt,56,766,768,0,0,1.0276963200000002
concat_prior_NPFLJ6.pt,14,109,761,683,694,0.16857818
concat_prior_2GZTC5.pt,56,255,65,0,0,0.26080475999999997
concat_prior_C3ZNSC.pt,14,47,8,59,111,0.01501624
concat_prior_3IIJEP.pt,14,2015,1287,0,0,0.20095218000000006
concat_prior_2S3HX1.pt,14,194,12,0,0,0.08871861999999998
concat_prior_MDU9SA.pt,14,833,25,426,49,0.19006745999999997
concat_prior_XIA180.pt,14,74,509,521,51,0.15965339999999997
concat_prior_OFR5MO.pt,7,906,58,162,0,0.1124696
concat_prior_K7SD9B.pt,28,111,256,237,254,0.19152706000000008
concat_prior_D7RT1L.pt,56,4,986,114,0,0.7514967399999998
concat_prior_11P8HD.pt,56,197,169,0,0,0.36782323999999994
concat_prior_9XQZYN.pt,14,143,70,0,0,0.01005528
concat_prior_D83RCM.pt,28,992,45,0,0,0.27946224000000014
concat_prior_99LKGH.pt,7,114,89,0,0,0.01102276
concat_prior_HUAPH2.pt,14,2037,801,99,511,0.08645374
concat_prior_O9AVSM.pt,14,173,804,541,0,0.19563998000000002
concat_prior_PMBA05.pt,7,26,1710,201,0,0.10882184
concat_prior_H0I0YT.pt,7,514,522,782,207,0.19816748
concat_prior_3O8JTE.pt,14,210,337,185,21,0.20002510000000004
concat_prior_EZ3BXC.pt,14,513,491,72,7,0.18241668
concat_prior_0PCTPQ.pt,28,130,20,241,249,0.33383055999999994
concat_prior_NI3IYO.pt,14,93,133,535,0,0.1596911
concat_prior_KW75DU.pt,28,573,135,41,216,0.25198753999999995
concat_prior_WOYJ3V.pt,14,120,69,0,0,0.006395579999999999
concat_prior_3D21DG.pt,28,162,1269,134,36,0.51048742
concat_prior_EEJCKM.pt,14,540,18,0,0,0.13627798000000002
concat_prior_Y1EGXY.pt,56,431,29,811,93,1.1771676000000002
concat_prior_AN57XP.pt,14,150,185,0,0,0.10460311999999998
concat_prior_ZBHWVH.pt,28,195,124,246,0,0.30973064000000006
concat_prior_LP7VDY.pt,28,11,16,59,508,0.28560722000000005
concat_prior_QPYIQA.pt,14,958,226,0,0,0.20114434
concat_prior_6ZYJIR.pt,14,234,80,485,0,0.20473690000000005
concat_prior_PGBIHT.pt,28,253,75,0,0,0.2030608
concat_prior_JFEODD.pt,7,533,223,0,0,0.00891048
concat_prior_UBMAAH.pt,14,161,256,0,0,0.12320977999999996
concat_prior_1FME7R.pt,28,36,434,0,0,0.1612189
concat_prior_VR0PTF.pt,7,54,536,0,0,0.011475100000000002
concat_prior_1ZW1TO.pt,7,520,178,0,0,0.007678800000000001
concat_prior_BMQ9OV.pt,14,84,789,52,1332,0.2016834
concat_prior_QM3H1Z.pt,7,121,479,162,100,0.015603439999999998
concat_prior_BVR3OU.pt,7,171,29,119,0,0.004511300000000001
concat_prior_H4UZPL.pt,56,1268,973,2009,330,7.433920439999998
concat_prior_UE34RV.pt,7,107,536,0,0,0.01374506
concat_prior_NLXQ0E.pt,7,804,15,0,0,0.10722622000000001
concat_prior_HBVT4Y.pt,7,30,241,194,0,0.012862019999999998
concat_prior_40IPJ0.pt,7,150,8,105,22,0.003671560000000001
concat_prior_VPGXKJ.pt,7,510,2019,239,0,0.15220891999999997
concat_prior_BG6D3C.pt,28,272,96,56,0,0.1972467599999999
concat_prior_DHRGOF.pt,14,174,702,0,0,0.21268898
concat_prior_GEM1Z5.pt,14,483,197,86,0,0.2011743
concat_prior_N6YRG7.pt,14,982,133,0,0,0.17108415999999999
concat_prior_CDVAUI.pt,7,254,809,0,0,0.10668633999999998
concat_prior_0VFTAN.pt,14,249,176,248,224,0.22716710000000007
concat_prior_63UBYE.pt,14,4,18,272,0,0.09736097999999997
concat_prior_9GCOZA.pt,56,417,187,108,995,1.29444952
concat_prior_RHI3J9.pt,14,1004,90,974,178,0.18530119999999997
concat_prior_FXLM69.pt,14,114,185,0,0,0.08667309999999999
concat_prior_ZK5107.pt,28,23,245,323,384,0.23684652000000006
concat_prior_8JBIRW.pt,7,27,128,166,126,0.00471172
concat_prior_S502ND.pt,7,255,528,0,0,0.0110493
concat_prior_XIJ5XP.pt,14,68,97,75,200,0.1384982
concat_prior_R95IOU.pt,28,928,93,98,0,0.30416071999999994
concat_prior_2JXICR.pt,7,168,1010,0,0,0.09121552
concat_prior_4YZV8O.pt,28,575,443,0,0,0.28930737999999995
concat_prior_UHJ7IY.pt,14,762,132,188,0,0.038134379999999996
concat_prior_7R9PTS.pt,14,10,498,829,0,0.23336461999999997
concat_prior_CZUZSL.pt,7,944,162,0,0,0.10951184000000001
concat_prior_3PVRSV.pt,56,61,148,139,150,0.30534108000000004
concat_prior_E0DLQG.pt,28,144,107,0,0,0.18256589999999992
concat_prior_7CBZFG.pt,56,795,805,91,225,1.6679804200000001
concat_prior_ZJRQ2C.pt,28,10,236,0,0,0.14652008000000005
concat_prior_KOJDQB.pt,7,65,1154,541,77,0.14111036000000005
concat_prior_2W2ZIV.pt,28,475,165,441,1115,0.48922894
concat_prior_M947WB.pt,28,489,20,453,414,0.26053206
concat_prior_53O17M.pt,28,215,171,491,47,0.14255785999999998
concat_prior_SIZ2H0.pt,56,529,6,104,0,0.46138572000000005
concat_prior_P9R17U.pt,7,38,33,189,992,0.13314598
concat_prior_SC6L45.pt,56,848,13,207,203,1.0139917600000004
concat_prior_TLLZ2Z.pt,14,134,15,0,0,0.004604519999999998
concat_prior_ZB1FW1.pt,14,1004,626,1010,0,0.2114381
concat_prior_MU27TA.pt,28,50,1022,109,66,0.2671372
concat_prior_10H942.pt,7,109,140,0,0,0.014727539999999999
concat_prior_MA0HMD.pt,14,86,47,25,1884,0.14370966000000002
concat_prior_57DD9V.pt,14,5,217,0,0,0.10624595999999999
concat_prior_IZIJ7S.pt,56,152,91,0,0,0.36505556000000006
concat_prior_UPTPFA.pt,28,5,1018,0,0,0.20890525999999998
concat_prior_46J48G.pt,28,11,952,0,0,0.19277629999999996
concat_prior_F8AXL9.pt,7,10,1685,0,0,0.12325866000000003
concat_prior_4I4RQR.pt,7,1892,178,53,14,0.15366814
concat_prior_MDFELY.pt,14,789,78,199,103,0.2549491799999999
concat_prior_Z05D4D.pt,14,533,215,487,100,0.23407040000000012
concat_prior_FRDTBM.pt,56,1165,449,0,0,1.2762974
concat_prior_APG2CL.pt,14,106,144,52,0,0.015244939999999995
concat_prior_US93MA.pt,14,173,159,0,0,0.13606478
concat_prior_NL062G.pt,7,1688,985,204,89,0.20457149999999996
concat_prior_ZVP1PF.pt,28,984,199,0,0,0.30993238
concat_prior_NJ5FKP.pt,7,74,234,0,0,0.005660099999999997
concat_prior_26ZOF8.pt,7,858,269,0,0,0.11100206000000004
concat_prior_X86YU9.pt,28,178,67,538,0,0.2649283599999999
concat_prior_IGSWRF.pt,14,348,1010,0,0,0.22027454000000002
concat_prior_B15ORJ.pt,28,522,564,0,0,0.3425816
concat_prior_S3WO44.pt,56,986,125,969,0,1.7097794399999997
concat_prior_9WAP4T.pt,14,1954,64,260,70,0.20916753999999999
concat_prior_XTFH6R.pt,14,7,173,837,0,0.16678879999999996
concat_prior_SLZJ3Z.pt,56,47,195,76,182,0.5244343
concat_prior_S2WU08.pt,14,188,203,1639,256,0.18937756
concat_prior_C8ROGS.pt,28,90,159,0,0,0.18747682000000002
concat_prior_SYS51K.pt,7,251,42,499,138,0.01461306
concat_prior_DMPSPV.pt,7,136,197,245,468,0.017028360000000003
concat_prior_4H09Y7.pt,14,102,209,0,0,0.09030736
concat_prior_BOHA49.pt,28,163,25,149,0,0.20322864
concat_prior_T7OXEC.pt,28,462,410,78,202,0.24524185999999992
concat_prior_4QM1CM.pt,56,226,830,216,0,0.9273157599999999
concat_prior_64Y10R.pt,7,460,172,41,0,0.008592639999999997
concat_prior_MRRUE3.pt,28,22,49,237,0,0.03976584
concat_prior_WNRXDU.pt,14,201,84,0,0,0.13811934
concat_prior_ME6IDQ.pt,14,119,209,0,0,0.09101369999999998
concat_prior_OLSH71.pt,28,39,162,0,0,0.14847028
concat_prior_65Y35S.pt,14,5,161,0,0,0.00509766
concat_prior_J1CPU6.pt,14,666,2046,0,0,0.21512815999999998
concat_prior_7YXIDB.pt,14,154,103,214,0,0.1294359
concat_prior_DCEAYX.pt,7,22,75,0,0,0.016220079999999998
concat_prior_EYZ8Z5.pt,14,266,2050,125,1668,0.21353609999999995
concat_prior_JZUKPP.pt,14,257,262,494,44,0.19857934000000005
concat_prior_V3HME4.pt,56,398,508,219,324,1.00202386
concat_prior_CW6WEJ.pt,14,1594,199,148,0,0.25340618000000004
concat_prior_R1SX94.pt,14,519,1167,0,0,0.19476676
concat_prior_81CG45.pt,7,500,103,47,45,0.008878700000000002
concat_prior_2J8EYQ.pt,7,114,119,231,103,0.00504034
concat_prior_X2RTM3.pt,56,862,155,0,0,0.6874064399999998
concat_prior_X09KII.pt,7,8,268,795,0,0.10885804
concat_prior_0CUTH8.pt,28,59,204,1010,99,0.30003682000000004
concat_prior_UETRPV.pt,28,535,258,849,157,0.34737390000000007
concat_prior_XD3RIB.pt,14,268,50,0,0,0.10110975999999998
concat_prior_83VPO0.pt,14,151,16,535,0,0.15361108
concat_prior_PHPJM1.pt,7,362,938,31,187,0.12310524000000003
concat_prior_OFYLHC.pt,14,24,20,0,0,0.014082439999999998
concat_prior_GVX5M8.pt,28,251,109,199,88,0.39675414
concat_prior_MSKUUV.pt,14,492,262,0,0,0.17049135999999993
concat_prior_LWRX2Y.pt,14,934,117,36,625,0.19196027999999987
concat_prior_V3QPJP.pt,7,74,999,272,0,0.11330354
concat_prior_9AJOID.pt,14,530,1149,189,251,0.22613545999999993
concat_prior_4S5ZH5.pt,28,484,5,1987,537,0.5241966000000001
concat_prior_LTNWFU.pt,28,1008,243,0,0,0.25402330000000006
concat_prior_2QTNVB.pt,56,1291,1007,133,676,3.0568032799999996
concat_prior_J2XYVH.pt,14,175,10,119,0,0.15295258
concat_prior_VBDQ50.pt,14,1961,135,141,64,0.22055096000000002
concat_prior_3ZJ1CQ.pt,56,48,196,32,0,0.27410215999999993
concat_prior_8CF6QT.pt,14,66,1010,0,0,0.13052202
concat_prior_JJMPVP.pt,14,57,71,16,0,0.006297000000000001
concat_prior_S4GEX4.pt,14,556,529,0,0,0.23789448
concat_prior_E876WZ.pt,14,206,426,0,0,0.18055458000000002
concat_prior_M30VKI.pt,7,170,762,151,269,0.12661424
concat_prior_W4C1AB.pt,14,112,509,182,110,0.19437126
concat_prior_Y3XYU5.pt,56,264,221,36,494,0.4281498000000001
concat_prior_MWQD3R.pt,28,71,34,0,0,0.11496642
concat_prior_SMRI94.pt,14,802,232,102,267,0.24165496
concat_prior_48C6Z8.pt,7,207,14,0,0,0.011647320000000008
concat_prior_A93193.pt,7,201,62,539,232,0.012094860000000002
concat_prior_F9IM1J.pt,14,137,675,0,0,0.1311044
concat_prior_HVCX7M.pt,14,157,206,0,0,0.10790608
concat_prior_TFW7GD.pt,28,151,269,0,0,0.25438589999999994
concat_prior_9FD96J.pt,7,388,497,0,0,0.009319720000000004
concat_prior_3B68XX.pt,56,202,532,0,0,0.4603123800000001
concat_prior_WJHPH3.pt,7,2019,34,0,0,0.017994200000000002
concat_prior_HLR95W.pt,14,452,237,127,0,0.21373190000000006
concat_prior_ZG1QWS.pt,7,888,319,503,131,0.16813914000000005
concat_prior_9GGQOU.pt,28,560,158,0,0,0.25496312000000004
concat_prior_AF242K.pt,56,622,200,0,0,0.6054444000000001
concat_prior_N26LB7.pt,14,279,179,53,0,0.16890567999999995
concat_prior_FE5DO6.pt,7,64,21,272,245,0.005115779999999999
concat_prior_OMFAO0.pt,14,222,717,0,0,0.20028862
concat_prior_MW4386.pt,14,113,434,0,0,0.12729456
concat_prior_NVYKHL.pt,28,847,178,1919,169,0.5863518200000001
concat_prior_442YY8.pt,7,216,2085,0,0,0.11907992000000006
concat_prior_HS7ACR.pt,56,74,208,270,0,0.19520757999999994
concat_prior_WKVBCM.pt,7,500,150,244,0,0.011416039999999995
concat_prior_ORC49P.pt,56,189,195,189,0,0.25033328
concat_prior_SST28H.pt,14,1013,121,502,512,0.19096100000000005
concat_prior_MY8EPQ.pt,56,135,533,37,1161,1.2102348399999996
concat_prior_F0ZZQ9.pt,14,89,222,0,0,0.09647532
concat_prior_F4K4QD.pt,14,106,201,212,979,0.15528966
concat_prior_QUKYWH.pt,56,97,993,202,94,1.1352496200000002
concat_prior_RINGAG.pt,7,167,15,0,0,0.01611712
concat_prior_H9BOKI.pt,56,1016,823,1058,752,3.537098500000001
concat_prior_T0DYS5.pt,14,1041,61,697,34,0.18664808
concat_prior_3HQ6DT.pt,56,260,294,37,111,0.26703530000000003
concat_prior_XY3HR9.pt,7,82,786,178,88,0.10975778000000001
concat_prior_UBIPPI.pt,14,193,2020,522,0,0.20258574000000004
concat_prior_MMHTVZ.pt,14,255,505,0,0,0.17320776
concat_prior_TGSGE0.pt,7,198,164,118,0,0.00515998
concat_prior_BK9QGS.pt,14,537,767,39,237,0.17632662000000004
concat_prior_ZBWMN5.pt,14,1006,4,0,0,0.13852054
concat_prior_WKQ37J.pt,56,81,484,143,0,0.2901627399999999
concat_prior_4H8LWR.pt,56,542,254,124,421,1.2003651
concat_prior_1ZWGRK.pt,7,1147,528,189,246,0.15832090000000001
concat_prior_0G5NUT.pt,7,186,98,18,102,0.00455204
concat_prior_HVXA1L.pt,28,219,77,0,0,0.18624112
concat_prior_79QZZM.pt,7,529,67,0,0,0.01050532
concat_prior_V96L7E.pt,14,164,495,115,772,0.1678509
concat_prior_DYNJA2.pt,14,148,118,2050,3,0.15183882
concat_prior_F5MT97.pt,56,101,922,489,0,1.3198719400000005
concat_prior_PYUK7W.pt,56,225,194,0,0,0.42063439999999985
concat_prior_0U5DPL.pt,14,979,170,212,92,0.21842534
concat_prior_9IW33M.pt,56,828,9,93,2112,3.4581443000000003
concat_prior_VF27Z0.pt,14,3,209,996,0,0.18534706
concat_prior_E4LWSM.pt,56,529,29,464,528,1.1318605199999998
concat_prior_QDXYO0.pt,14,160,91,256,0,0.12966541999999998
concat_prior_7ZCP1S.pt,14,26,524,47,279,0.16337154
concat_prior_RVPXL9.pt,28,500,103,115,69,0.28794612
concat_prior_GEMWUA.pt,28,152,210,251,452,0.28704566000000004
concat_prior_ATISG3.pt,56,202,209,1140,257,1.2528283000000002
concat_prior_V5PYRT.pt,28,101,145,164,0,0.24749880000000005
concat_prior_USXQXG.pt,14,96,417,25,0,0.13858749999999997
concat_prior_Y1TEZO.pt,7,1081,215,341,0,0.0236544
concat_prior_B0EVOH.pt,14,133,442,0,0,0.12982232000000005
concat_prior_OD8HCH.pt,14,35,248,44,145,0.16219574
concat_prior_ZHM36S.pt,56,1026,112,535,0,1.2172535399999997
concat_prior_VPC8WJ.pt,28,542,262,2019,92,0.5352874799999999
concat_prior_IFOWW3.pt,28,198,201,209,0,0.19731878000000005
concat_prior_1MQXU6.pt,14,175,137,16,499,0.23677122
concat_prior_XCTGSX.pt,14,999,225,445,816,0.24765585999999998
concat_prior_9R30DK.pt,56,152,514,62,0,0.5704326399999999
concat_prior_XRT4V0.pt,7,454,3,0,0,0.0078474
concat_prior_SL4JH4.pt,56,517,245,1148,0,1.32195952
concat_prior_9HSUF0.pt,56,193,196,1651,169,1.7430846599999998
concat_prior_CZG7XV.pt,56,114,151,206,189,0.5919390999999998
concat_prior_U5YM9S.pt,14,101,194,0,0,0.08939324000000003
concat_prior_HB2AWB.pt,14,1475,851,0,0,0.20493242000000003
concat_prior_RRRMLY.pt,14,93,1892,251,0,0.14665449999999997
concat_prior_DZOT4M.pt,14,72,955,62,0,0.14376255999999998
concat_prior_LI83W7.pt,14,1071,240,0,0,0.20859149999999999
concat_prior_F43HD9.pt,14,6,136,169,7,0.1335983
concat_prior_9S0FFW.pt,7,168,130,191,119,0.005072340000000002
concat_prior_MH0FA5.pt,7,133,218,825,115,0.12996757999999994
concat_prior_PROZPN.pt,28,2158,178,29,242,0.12400446000000001
concat_prior_ML8I3Y.pt,28,240,104,117,0,0.20292990000000002
concat_prior_XJZPZZ.pt,56,261,984,124,196,0.9022901999999999
concat_prior_TGXXUP.pt,7,86,31,217,168,0.012879020000000003
concat_prior_WJVUVN.pt,28,65,194,253,999,0.24020791999999996
concat_prior_XIOD30.pt,14,215,195,412,0,0.20050946
concat_prior_U23DUI.pt,14,515,813,0,0,0.21232105999999995
concat_prior_EDZQBM.pt,14,1853,1465,512,1004,0.16091292
concat_prior_UUZRBP.pt,14,495,202,929,241,0.17844784000000008
concat_prior_BQJ4JY.pt,7,270,31,82,185,0.005029079999999999
concat_prior_ZO5LMS.pt,7,204,37,89,524,0.01393706
concat_prior_3S6HB3.pt,56,232,124,253,515,0.93656756
concat_prior_SGCRCI.pt,14,225,236,0,0,0.1491201
concat_prior_GST7KQ.pt,56,194,2042,0,0,1.8423621799999998
concat_prior_URMVIJ.pt,28,260,148,997,268,0.23823404
concat_prior_UL1GJK.pt,14,100,58,0,0,0.0049235
concat_prior_3CV47Z.pt,56,791,113,195,1156,1.73527356
concat_prior_V2RNIO.pt,7,254,480,0,0,0.010544460000000002
concat_prior_VYZF50.pt,14,155,85,466,85,0.20788668
concat_prior_PGYIE2.pt,14,67,236,0,0,0.08528448000000001
concat_prior_ZMIZO1.pt,28,106,170,171,978,0.31627619999999995
concat_prior_2CRAG9.pt,56,209,1256,0,0,1.08419072
concat_prior_P0ZCHA.pt,7,1017,424,0,0,0.13392716000000002
concat_prior_K4XC08.pt,56,187,252,0,0,0.4085544799999999
concat_prior_UBBOMI.pt,7,197,350,0,0,0.007434940000000004
concat_prior_B4XAY1.pt,7,242,516,0,0,0.010899859999999999
concat_prior_71T2MV.pt,56,193,679,147,503,1.2391176600000002
concat_prior_FUC8LN.pt,14,487,67,36,0,0.13350979999999996
concat_prior_EJDD9A.pt,28,29,33,123,0,0.15833038000000005
concat_prior_8IW1W5.pt,14,57,38,1433,0,0.030258980000000005
concat_prior_LDT9JE.pt,14,83,248,87,101,0.1343393
concat_prior_8UGJZO.pt,14,25,33,313,437,0.19544274000000011
concat_prior_RSJ5FO.pt,28,517,188,0,0,0.28702021999999994
concat_prior_6ZX0A9.pt,28,156,523,0,0,0.24699859999999998
concat_prior_N9M7HT.pt,28,95,128,511,141,0.44595396
concat_prior_GR5Z7S.pt,7,200,234,537,75,0.01280986
concat_prior_H6QKQO.pt,14,980,21,1552,531,0.21509789999999995
concat_prior_G7IPBA.pt,7,213,39,0,0,0.017117680000000003
concat_prior_PZA3GR.pt,14,515,91,6,0,0.14271924
concat_prior_NRHLLG.pt,56,214,45,0,0,0.30294736
concat_prior_4UNY6U.pt,28,170,523,140,221,0.33470812
concat_prior_M9YX7U.pt,14,128,35,0,0,0.004897420000000002
concat_prior_QBTYFP.pt,14,111,199,26,976,0.21108936000000006
concat_prior_AFNO7N.pt,56,149,974,808,531,1.9297164200000005
concat_prior_6BED8I.pt,14,1721,180,0,0,0.22781269999999995
concat_prior_HF8R39.pt,7,71,171,0,0,0.007586900000000002
concat_prior_H5JYS5.pt,56,540,78,68,0,0.42098019999999997
concat_prior_MLODKH.pt,7,530,197,0,0,0.0070484599999999994
concat_prior_WIXUPA.pt,14,117,414,62,1584,0.16937869999999997
concat_prior_GY1370.pt,28,116,91,0,0,0.21848723999999994
concat_prior_6YQSAF.pt,14,162,520,973,8,0.16921614000000001
concat_prior_Q6LOBN.pt,14,492,103,2027,853,0.18937016000000007
concat_prior_T3N3X1.pt,28,115,1010,226,165,0.4914755000000001
concat_prior_YSNJQ2.pt,14,451,965,159,17,0.18813
concat_prior_PWYSGD.pt,56,494,174,85,24,0.48598104000000014
concat_prior_D1MTNB.pt,7,452,127,1756,1999,0.15400212000000005
concat_prior_PH1T7H.pt,28,246,1597,0,0,0.20894178000000008
concat_prior_1524GX.pt,14,900,514,0,0,0.24586274
concat_prior_AVKI8Z.pt,7,144,171,11,0,0.004592020000000001
concat_prior_HV52IT.pt,7,136,190,130,538,0.015880400000000003
concat_prior_Y3ICJ2.pt,14,178,239,510,0,0.22697576000000008
concat_prior_959T1O.pt,7,58,290,213,0,0.005645540000000001
concat_prior_QB4QDU.pt,56,487,1806,0,0,1.7819584000000004
concat_prior_EV04NJ.pt,14,150,50,0,0,0.00793586
concat_prior_MBM46H.pt,14,32,417,0,0,0.11532202
concat_prior_LNMFOH.pt,7,205,1325,0,0,0.11203224000000005
concat_prior_QLZJM1.pt,14,521,140,175,795,0.21533016
concat_prior_3WA8QA.pt,14,212,11,531,32,0.1860967400000001
concat_prior_O59EXY.pt,7,517,149,126,236,0.012925119999999997
concat_prior_W3CNVD.pt,7,125,1013,475,0,0.13592628000000004
concat_prior_TAU5UG.pt,14,530,541,184,0,0.18856573999999993
concat_prior_2G0N49.pt,14,2046,202,35,0,0.19467172
concat_prior_K2LWVT.pt,14,179,459,0,0,0.1707376
concat_prior_XWGF2G.pt,14,253,328,19,16,0.20636228000000004
concat_prior_Q1S79Y.pt,56,809,2036,935,0,3.8259931400000005
concat_prior_YXTPNZ.pt,56,505,41,0,0,0.46204881999999986
concat_prior_NU7L4G.pt,14,241,56,44,0,0.17390969999999994
concat_prior_8H9OLZ.pt,28,579,139,655,996,0.5659075
concat_prior_UPHVSB.pt,28,30,579,0,0,0.17932305999999992
concat_prior_VNPGQE.pt,28,608,237,0,0,0.062332060000000016
concat_prior_IOVN8W.pt,14,155,1318,0,0,0.13964796000000002
concat_prior_03L91O.pt,14,168,524,486,168,0.2836197
concat_prior_XWT2PU.pt,28,171,103,0,0,0.2278263799999999
concat_prior_J1J83O.pt,14,585,191,124,299,0.22598116000000004
concat_prior_MUTSGE.pt,14,69,304,267,2021,0.19680388000000001
concat_prior_EZHGT0.pt,7,222,1657,495,163,0.1539371
concat_prior_B0GAE3.pt,14,413,41,0,0,0.13247456
concat_prior_IEFG71.pt,56,1519,852,0,0,1.9421340400000002
concat_prior_GDR34P.pt,28,519,506,0,0,0.27283276000000006
concat_prior_6GNDP2.pt,28,7,17,0,0,0.00411232
concat_prior_T5VBF0.pt,28,112,681,0,0,0.25386882000000005
concat_prior_ANL4SQ.pt,28,400,272,0,0,0.26994818000000004
concat_prior_6LO2MT.pt,7,159,43,765,36,0.09744432000000001
concat_prior_9F83XO.pt,7,398,52,213,191,0.010474019999999999
concat_prior_KOD347.pt,14,271,47,253,673,0.24165306
concat_prior_IULGHP.pt,56,179,180,69,270,0.5003405000000002
concat_prior_7MU8BC.pt,14,148,218,0,0,0.10508016000000002
concat_prior_QED5P2.pt,7,12,68,0,0,0.01047434
concat_prior_DB4FGE.pt,14,139,498,270,0,0.18081466000000002
concat_prior_DCKWRQ.pt,56,202,365,150,425,1.0279059199999998
concat_prior_7BYGNL.pt,28,187,15,0,0,0.14789402000000001
concat_prior_EQR40H.pt,7,449,537,0,0,0.01267464
concat_prior_NKJGIP.pt,14,924,118,0,0,0.15911914
concat_prior_WL1NFV.pt,7,410,55,70,0,0.00487464
concat_prior_IMHGW1.pt,14,540,565,799,260,0.24919792000000002
concat_prior_D24380.pt,7,225,79,71,131,0.004871159999999999
concat_prior_1UVEGY.pt,14,210,200,73,116,0.21657368
concat_prior_AA8EW2.pt,14,43,198,135,535,0.26089114
concat_prior_00IX8Z.pt,7,195,17,583,53,0.014296600000000001
concat_prior_TIMQXM.pt,14,533,526,0,0,0.19273137999999995
concat_prior_TCCTSW.pt,28,134,254,0,0,0.1969885
concat_prior_OA0SXC.pt,56,133,215,0,0,0.31554273999999993
concat_prior_U5JAXQ.pt,14,265,96,0,0,0.15279006
concat_prior_41WU5V.pt,56,526,60,1004,89,1.1539528
concat_prior_43389E.pt,14,517,199,0,0,0.19707377999999998
concat_prior_A9HH1U.pt,7,156,311,134,3,0.0052053199999999985
concat_prior_AAANB6.pt,28,1017,467,0,0,0.46693836
concat_prior_58TGB1.pt,56,975,213,130,0,1.0350974199999996
concat_prior_21BSJV.pt,14,832,2019,97,998,0.46684668000000007
concat_prior_1GH8ES.pt,14,125,862,0,0,0.14317164
concat_prior_7V6DGH.pt,14,261,36,0,0,0.10254232000000002
concat_prior_4B1VE4.pt,56,245,121,0,0,0.37782582000000003
concat_prior_M1IYCS.pt,28,251,183,187,56,0.25605922
concat_prior_PF9QAO.pt,14,2003,221,294,138,0.26194378
concat_prior_U0ED8S.pt,14,535,235,0,0,0.20297664000000007
concat_prior_687GS8.pt,56,225,52,1384,74,1.2262927599999998
concat_prior_21USIC.pt,14,210,153,0,0,0.12064345999999997
concat_prior_UTV45J.pt,14,4,480,49,0,0.10833376000000002
concat_prior_3GITOS.pt,14,53,1016,152,50,0.1599696
concat_prior_TNA5E0.pt,56,538,2014,0,0,1.9189300400000004
concat_prior_0D2KY7.pt,14,577,1182,0,0,0.06829455999999999
concat_prior_B45ZEB.pt,7,164,518,117,219,0.016273360000000004
concat_prior_FE5JVE.pt,7,496,424,0,0,0.00725638
concat_prior_8CRHRN.pt,7,227,107,0,0,0.013520640000000002
concat_prior_JMF2SL.pt,7,497,133,611,0,0.016480639999999998
concat_prior_05W6YL.pt,28,127,1177,188,34,0.47502402
concat_prior_YY2555.pt,14,268,206,56,258,0.15927101999999999
concat_prior_2VRES5.pt,14,1020,1268,0,0,0.20432808000000005
concat_prior_2JFWVJ.pt,7,268,694,169,0,0.07454573999999999
concat_prior_8KU1K6.pt,14,994,199,0,0,0.21805148
concat_prior_9G6S0K.pt,28,47,31,78,13,0.18601473999999998
concat_prior_FDRVNI.pt,14,189,16,68,0,0.10899336000000001
concat_prior_NJE7GT.pt,56,217,418,498,885,1.52256208
concat_prior_M95JOB.pt,28,481,186,43,0,0.21696572
concat_prior_NBBS10.pt,7,165,526,0,0,0.00833334
concat_prior_B0JCRM.pt,28,13,443,0,0,0.15879191999999998
concat_prior_ASPUNI.pt,28,162,103,74,185,0.18315092
concat_prior_4I96OJ.pt,28,45,246,257,0,0.20864530000000006
concat_prior_HECM1H.pt,56,537,193,498,202,1.19301332
concat_prior_YLUMUW.pt,14,152,67,803,456,0.10198894000000001
concat_prior_9TURX4.pt,7,27,32,0,0,0.006801900000000003
concat_prior_J1N5MT.pt,7,18,1249,254,85,0.13690344
concat_prior_ZBAQM3.pt,7,239,36,158,90,0.00526656
concat_prior_54OMI8.pt,56,98,1002,101,0,0.8183129800000001
concat_prior_4Q0D0A.pt,7,161,527,175,228,0.012454040000000006
concat_prior_GL84LQ.pt,14,76,518,511,772,0.19166080000000002
concat_prior_0X9G68.pt,7,43,60,1160,0,0.12401554000000001
concat_prior_Q23B8O.pt,7,179,137,305,0,0.00519428
concat_prior_HXBSXC.pt,56,531,122,0,0,0.5242242200000001
concat_prior_8CALJS.pt,28,158,208,0,0,0.12550676
concat_prior_MNNPVA.pt,7,109,507,17,0,0.005221680000000001
concat_prior_9PK1VY.pt,28,303,514,71,0,0.41533156000000004
concat_prior_PLWCXC.pt,28,274,55,505,179,0.2834340800000001
concat_prior_Z5LFK5.pt,14,502,400,217,218,0.19095016000000012
concat_prior_A4ENM5.pt,56,792,118,2037,489,4.27185296
concat_prior_6PGBTA.pt,28,520,767,0,0,0.3747098399999998
concat_prior_0PDY9S.pt,7,709,123,128,0,0.10373488
concat_prior_AP69QQ.pt,7,1888,98,228,163,0.17068072
concat_prior_H9ECAF.pt,7,260,464,457,220,0.022970059999999997
concat_prior_HAIROU.pt,14,29,139,0,0,0.011121400000000005
concat_prior_J35UYZ.pt,14,111,539,0,0,0.1214799
concat_prior_GXI6WA.pt,7,180,197,219,1166,0.1506269
concat_prior_8P9HA0.pt,7,160,1184,134,514,0.12826961999999997
concat_prior_MLT1MG.pt,56,825,1014,0,0,1.4175815200000002
concat_prior_178WWH.pt,28,498,120,87,103,0.3500801200000001
concat_prior_E44W64.pt,56,346,266,0,0,0.5365991200000001
concat_prior_B77E20.pt,28,39,193,98,0,0.22692537999999998
concat_prior_DOU559.pt,14,9,1695,0,0,0.17805874000000002
concat_prior_TMK7VH.pt,56,172,254,0,0,0.3481716999999999
concat_prior_UXBWUI.pt,28,146,318,423,430,0.11990275999999998
concat_prior_BQ12RP.pt,7,957,548,0,0,0.15704509999999997
concat_prior_0GQ6CR.pt,28,930,61,0,0,0.31315056
concat_prior_LXT4LK.pt,56,493,338,0,0,0.7097694999999998
concat_prior_4I8GKL.pt,7,450,197,0,0,0.0049875399999999995
concat_prior_2F2TYJ.pt,56,135,1252,495,0,1.5334273399999996
concat_prior_709ND2.pt,14,176,228,1180,0,0.32783930000000006
concat_prior_5C8GK9.pt,28,32,836,0,0,0.24168885999999998
concat_prior_BXBNOC.pt,14,180,1023,497,0,0.22934963999999997
concat_prior_FUUPVW.pt,14,148,1646,1018,84,0.20518048
concat_prior_QCZCIG.pt,14,131,537,860,218,0.2170342000000001
concat_prior_QDXP0G.pt,28,973,55,0,0,0.30972308000000004
concat_prior_YEDDQB.pt,7,164,269,0,0,0.004494059999999999
concat_prior_40ZL1W.pt,28,189,812,181,0,0.33183862
concat_prior_VFLRMJ.pt,7,217,38,44,875,0.11941370000000001
concat_prior_OFFXPQ.pt,28,4,660,0,0,0.23830069999999995
concat_prior_XNIJFT.pt,56,449,64,0,0,0.38486800000000004
concat_prior_RR20G0.pt,56,255,403,0,0,0.53125642
concat_prior_4QH15L.pt,7,513,69,0,0,0.004880579999999999
concat_prior_0HIOMH.pt,28,628,242,11,0,0.17853878000000006
concat_prior_73FEON.pt,14,53,127,126,221,0.15394378000000006
concat_prior_1RL4EK.pt,7,186,23,396,2129,0.16121216000000005
concat_prior_W9N3X9.pt,56,68,233,0,0,0.17115566000000002
concat_prior_CZP8SY.pt,7,113,159,9,76,0.004645259999999999
concat_prior_O529B5.pt,14,26,691,0,0,0.12786380000000003
concat_prior_DD1VXU.pt,14,130,1027,420,415,0.15943960000000001
concat_prior_AY87FF.pt,14,162,147,390,185,0.18059525999999998
concat_prior_Y6ELQ9.pt,28,157,128,0,0,0.1992319599999999
concat_prior_AO1A67.pt,7,164,19,616,767,0.1422135
concat_prior_2T8RLW.pt,14,87,214,60,0,0.11236219999999998
concat_prior_YJIK0X.pt,7,145,166,0,0,0.012677840000000001
concat_prior_5SSJIF.pt,14,513,175,149,0,0.1808542
concat_prior_MPTET6.pt,56,135,139,1168,0,0.9809487399999999
concat_prior_C6YXUF.pt,28,699,113,36,0,0.3055013
concat_prior_2KB7GM.pt,56,581,497,0,0,0.78823698
concat_prior_4LX1YU.pt,14,17,1430,503,0,0.14875968000000006
concat_prior_CSU5EP.pt,56,2000,140,121,204,1.78787172
concat_prior_3AAOEL.pt,7,229,470,35,570,0.020061560000000003
concat_prior_CWWTJ6.pt,28,496,504,0,0,0.32208433999999997
concat_prior_X42FG1.pt,56,62,151,112,912,0.9644026000000001
concat_prior_RA4XMM.pt,7,127,41,132,67,0.004392879999999999
concat_prior_MMALT3.pt,56,398,140,0,0,0.4969840400000001
concat_prior_JDMOXS.pt,14,58,540,0,0,0.11861303999999999
concat_prior_8E45OS.pt,28,215,175,801,89,0.2924606
concat_prior_ZYFOWF.pt,7,30,114,0,0,0.017662340000000002
concat_prior_EAPZB7.pt,14,253,20,0,0,0.09287125999999998
concat_prior_C9BJ97.pt,28,49,37,976,120,0.36360212000000014
concat_prior_SN8FP0.pt,7,218,38,224,46,0.00494816
concat_prior_8L64SY.pt,14,196,138,861,137,0.19145482000000005
concat_prior_DBFAKJ.pt,56,24,225,153,24,0.30323775999999986
concat_prior_H4Z4MX.pt,14,102,520,321,162,0.04662630000000001
concat_prior_FCE2D8.pt,14,270,144,0,0,0.14253719999999998
concat_prior_CUJUPR.pt,7,73,251,539,113,0.0168652
concat_prior_4WT2O5.pt,14,401,34,125,0,0.14571765999999997
concat_prior_7MMJ6K.pt,28,1174,997,160,435,0.3730467
concat_prior_QRZJMB.pt,28,138,83,163,201,0.25226998
concat_prior_L05F6V.pt,14,523,152,5,0,0.17196226
concat_prior_W9VU4V.pt,7,114,956,68,131,0.11234400000000001
concat_prior_B7N0OU.pt,14,517,197,0,0,0.17793992000000003
concat_prior_E4V9VJ.pt,14,173,982,0,0,0.17808686000000004
concat_prior_SL3F87.pt,28,266,974,0,0,0.36574103999999996
concat_prior_MGZ0OT.pt,28,125,514,987,176,0.55969212
concat_prior_BVJ3SJ.pt,14,1121,224,167,660,0.25232004
concat_prior_RJAB93.pt,7,154,266,64,0,0.0053906399999999995
concat_prior_9XQ9IG.pt,14,1188,523,549,0,0.20797464000000004
concat_prior_R17NE7.pt,28,178,527,41,91,0.28193066
concat_prior_9YC4XS.pt,14,114,52,394,367,0.20405578000000002
concat_prior_5L0WYM.pt,14,74,639,0,0,0.14211462000000005
concat_prior_2W5WBP.pt,14,204,36,128,0,0.12387686
concat_prior_USHKIJ.pt,7,451,7,0,0,0.0042524600000000004
concat_prior_NG73DR.pt,14,111,177,0,0,0.10047354
concat_prior_PN1NSE.pt,7,353,167,0,0,0.017486160000000008
concat_prior_COYOHT.pt,7,176,142,0,0,0.012713160000000006
concat_prior_944VIX.pt,14,102,2113,0,0,0.18294552
concat_prior_D6T2K4.pt,14,226,228,0,0,0.17439084000000002
concat_prior_EUFJ7S.pt,28,206,520,0,0,0.26526051999999994
concat_prior_88UYMV.pt,28,1024,257,224,130,0.2967799200000001
concat_prior_269R41.pt,28,124,2036,425,0,0.47136283999999995
concat_prior_IVLJ3Z.pt,14,125,1808,0,0,0.13573810000000003
concat_prior_NXT090.pt,14,256,10,0,0,0.08457822000000002
concat_prior_6OXG43.pt,7,117,1176,0,0,0.0987169
concat_prior_U3W59V.pt,14,237,784,0,0,0.17845496
concat_prior_OBD40S.pt,28,33,1814,0,0,0.36537444
concat_prior_CQXHFD.pt,56,43,78,0,0,0.20235287999999996
concat_prior_5SM2XM.pt,7,68,66,0,0,0.00770952
concat_prior_WIZINK.pt,28,499,822,1179,65,0.5024898800000002
concat_prior_210UUM.pt,56,238,566,960,0,1.27622962
concat_prior_1ZFGMK.pt,7,958,80,1226,107,0.16978713999999998
concat_prior_6HPKH0.pt,28,81,47,465,0,0.2283773200000001
concat_prior_XF2M5R.pt,14,314,239,144,0,0.21718959999999993
concat_prior_7Z0VVD.pt,28,190,817,0,0,0.30307259999999997
concat_prior_R7XTQW.pt,7,498,2037,85,146,0.17386419999999997
concat_prior_TB3KBW.pt,28,193,37,0,0,0.14837248
concat_prior_HZQ8YB.pt,7,65,239,0,0,0.0039838799999999995
concat_prior_GOL5CR.pt,28,2031,17,0,0,0.4311827199999999
concat_prior_P8XUUK.pt,7,143,125,0,0,0.010370280000000003
concat_prior_IGP9K7.pt,7,997,198,139,39,0.15373158
concat_prior_KWMUNC.pt,14,223,69,0,0,0.12785835999999998
concat_prior_JBDV3X.pt,14,199,24,77,170,0.21009912
concat_prior_02WKH6.pt,28,525,223,0,0,0.23862159999999996
concat_prior_KPTLCL.pt,28,187,112,74,286,0.07934098
concat_prior_I8KOL2.pt,28,155,172,493,6,0.21036084000000002
concat_prior_JPE6T4.pt,7,283,459,7,251,0.014959399999999994
concat_prior_SR0FH0.pt,7,52,116,265,187,0.0051814800000000005
concat_prior_H4MJ4K.pt,7,652,461,1013,100,0.16172918
concat_prior_SJ9QA8.pt,14,104,505,0,0,0.12217014000000002
concat_prior_2FRL5S.pt,14,133,1753,89,14,0.16341499999999998
concat_prior_UDKSAN.pt,56,29,500,0,0,0.28993204
concat_prior_KYJQV2.pt,7,113,552,21,133,0.014286559999999998
concat_prior_T5FQM5.pt,28,161,818,0,0,0.30267824
concat_prior_5XNQOH.pt,14,91,510,698,0,0.14445838
concat_prior_0RHX7D.pt,7,149,189,0,0,0.009986639999999996
concat_prior_CFOUCY.pt,14,237,176,0,0,0.09401028000000002
concat_prior_J3UBIK.pt,14,453,16,109,33,0.16623132
concat_prior_Q5HHX2.pt,14,205,1276,0,0,0.23514968000000003
concat_prior_B6RSIK.pt,14,259,271,0,0,0.15952940000000002
concat_prior_XFX763.pt,7,23,127,0,0,0.01632326
concat_prior_ZXSG4Z.pt,14,501,497,1015,263,0.3020969
concat_prior_OGCPM6.pt,7,224,465,214,229,0.012726000000000001
concat_prior_MILQNS.pt,7,91,66,0,0,0.01749588
concat_prior_PLATRR.pt,7,95,1276,0,0,0.12586223999999996
concat_prior_MDAGT7.pt,14,257,55,0,0,0.11978794000000002
concat_prior_TW9DJ3.pt,28,168,149,166,97,0.41436162
concat_prior_OM4WLN.pt,7,503,600,855,516,0.19573960000000004
concat_prior_V8GLKU.pt,28,24,526,1767,446,0.53050264
concat_prior_0EK7FF.pt,7,14,1914,0,0,0.11005399999999999
concat_prior_RX2BPQ.pt,14,149,521,1156,504,0.1779346
concat_prior_X698R8.pt,7,540,500,0,0,0.012438859999999998
concat_prior_ADLONA.pt,14,762,1626,20,152,0.18574802
concat_prior_GLJ8XX.pt,56,536,120,149,0,0.45010794
concat_prior_S90HR7.pt,14,661,435,0,0,0.20455808
concat_prior_35Y9JL.pt,14,414,495,0,0,0.2249461
concat_prior_PSE0T0.pt,7,92,235,185,839,0.14746116000000004
concat_prior_GYNEJL.pt,14,537,405,221,488,0.23056862000000003
concat_prior_1UA1MF.pt,14,18,511,18,0,0.12563234
concat_prior_4Z9XGI.pt,7,215,78,30,194,0.00483196
concat_prior_BAQEE1.pt,7,993,784,0,0,0.15197755999999996
concat_prior_6UZ3UZ.pt,14,254,97,178,838,0.19616218000000005
concat_prior_MYMBH3.pt,28,256,262,0,0,0.16702511999999994
concat_prior_SRFY6X.pt,7,88,23,491,94,0.012750119999999998
concat_prior_UAKQ75.pt,28,664,140,74,298,0.24638552
concat_prior_1X8ED6.pt,7,221,136,79,0,0.006370380000000001
concat_prior_ESGFKY.pt,56,145,535,0,0,0.31846214
concat_prior_JGO669.pt,14,300,1011,155,0,0.20360782000000005
concat_prior_GMFK9A.pt,28,109,241,489,179,0.27934704
concat_prior_HIKIIB.pt,14,527,17,0,0,0.11511559999999997
concat_prior_PMP7HK.pt,56,268,178,53,142,0.31033415999999997
concat_prior_F4G8KE.pt,7,1816,199,63,237,0.15402456
concat_prior_PVBTGR.pt,56,239,560,1149,0,1.4522640799999997
concat_prior_K43S11.pt,14,266,215,160,8,0.19010971999999995
concat_prior_27UT29.pt,7,152,136,52,0,0.004371380000000001
concat_prior_CMEHLH.pt,14,659,1266,0,0,0.19439950000000003
concat_prior_S5YYGZ.pt,28,385,148,1901,215,0.47680012
concat_prior_NU7UNW.pt,14,30,144,0,0,0.008162999999999995
concat_prior_P5WKQ2.pt,28,186,202,0,0,0.21595657999999993
concat_prior_5LXL8I.pt,28,90,765,237,1140,0.28945738000000004
concat_prior_PXUDT5.pt,28,42,78,821,185,0.30452902
concat_prior_H8JNJQ.pt,7,22,53,164,817,0.11753575999999998
concat_prior_YP12GI.pt,28,180,836,0,0,0.308973
concat_prior_MGV8I1.pt,56,1179,228,158,891,1.9743646400000006
concat_prior_KHX5VO.pt,14,26,148,122,991,0.19047282
concat_prior_V5DNRJ.pt,7,922,94,0,0,0.11532102
concat_prior_PUM688.pt,14,1017,111,42,204,0.17381142000000008
concat_prior_LSUDUK.pt,14,87,1828,0,0,0.15308404000000003
concat_prior_KMJKTL.pt,14,44,930,0,0,0.14872609999999997
concat_prior_IVOZW8.pt,28,344,215,0,0,0.23332725999999998
concat_prior_MYBIXL.pt,7,983,516,0,0,0.16633299999999995
concat_prior_OTLKDP.pt,7,1152,242,175,37,0.12568612000000004
concat_prior_THCGH5.pt,7,54,848,269,112,0.13622510000000002
concat_prior_CJZZM6.pt,28,123,206,0,0,0.18451236
concat_prior_YBW8DJ.pt,14,22,244,143,18,0.14027456000000002
concat_prior_88CFN7.pt,14,11,182,0,0,0.09731306000000002
concat_prior_ISOH54.pt,56,162,202,178,14,0.4982346199999999
concat_prior_M57HO3.pt,28,89,60,145,704,0.35222961999999997
concat_prior_VC5HJO.pt,14,501,62,540,0,0.2594976
concat_prior_2HE8JH.pt,28,29,245,43,0,0.21362647999999995
concat_prior_HX4H28.pt,14,495,1252,222,673,0.17049706000000003
concat_prior_EROTUX.pt,7,438,188,0,0,0.004874119999999999
concat_prior_3WX9DF.pt,14,173,159,200,0,0.11447715999999997
concat_prior_QM1NSQ.pt,28,38,152,43,52,0.22373614000000003
concat_prior_5GMOJI.pt,14,189,46,805,0,0.17859488000000007
concat_prior_O1D63E.pt,7,29,148,0,0,0.008293940000000001
concat_prior_87AICN.pt,7,480,259,0,0,0.006159259999999999
concat_prior_WSG650.pt,28,56,858,33,0,0.2715137
concat_prior_I0YIIY.pt,14,159,248,0,0,0.10661270000000002
concat_prior_D2DGJE.pt,28,65,4,0,0,0.10918208000000001
concat_prior_V7QMWP.pt,14,60,489,0,0,0.12890094
concat_prior_0XLJDW.pt,14,216,223,867,193,0.20184322000000002
concat_prior_GZ2X7C.pt,28,246,155,259,197,0.25769558
concat_prior_NONXAP.pt,7,483,498,237,0,0.015297760000000002
concat_prior_6W7WWJ.pt,56,5,441,0,0,0.36965481999999994
concat_prior_4M4GJG.pt,56,72,520,0,0,0.27585684000000005
concat_prior_J5TYT0.pt,14,978,1855,105,0,0.21263512000000007
concat_prior_E7VWZ2.pt,7,240,532,0,0,0.0061297800000000005
concat_prior_TV2HIM.pt,14,489,1752,0,0,0.20705655999999997
concat_prior_NHVX2Q.pt,56,202,171,433,1152,1.4353061399999998
concat_prior_DJGSDP.pt,56,1158,90,0,0,0.8992965399999997
concat_prior_57X7AF.pt,14,1653,119,0,0,0.17999745999999997
concat_prior_VJ9OYB.pt,56,211,159,0,0,0.3719164399999999
concat_prior_XPOU8R.pt,28,40,4,0,0,0.006408819999999997
concat_prior_OQSBF8.pt,14,153,186,978,162,0.05600112000000001
concat_prior_B6Y3S1.pt,7,422,54,532,22,0.05105652
concat_prior_BDF3AH.pt,14,250,18,0,0,0.09820136
concat_prior_2LA4VG.pt,7,229,122,0,0,0.00783966
concat_prior_DVPFE0.pt,56,14,759,0,0,0.5377520400000001
concat_prior_AT7QPP.pt,14,576,1501,0,0,0.21977981999999996
concat_prior_T7BGU8.pt,7,113,93,0,0,0.012393599999999998
concat_prior_1NYG0R.pt,7,114,128,0,0,0.01665824
concat_prior_57FPHU.pt,28,488,398,86,0,0.23302530000000005
concat_prior_MD5U15.pt,14,532,138,0,0,0.14413267999999999
concat_prior_7RM7AJ.pt,28,130,120,3,981,0.3210868400000002
concat_prior_DV2R1G.pt,14,1458,263,448,245,0.17669626000000005
concat_prior_X1CLH1.pt,56,670,225,506,170,1.07470892
concat_prior_9UUAEC.pt,7,21,951,0,0,0.08818646
concat_prior_UIXGBO.pt,14,65,551,0,0,0.11346536000000006
concat_prior_M7BWLV.pt,28,156,147,528,92,0.2825557799999999
concat_prior_41R1GH.pt,28,141,834,0,0,0.2423754200000001
concat_prior_A17WBA.pt,14,990,73,0,0,0.16757940000000002
concat_prior_0S75TZ.pt,7,540,203,12,0,0.008767279999999999
concat_prior_ACHKSN.pt,14,117,498,0,0,0.13454313999999998
concat_prior_0D4V0S.pt,14,50,89,0,0,0.006371720000000002
concat_prior_IGFG09.pt,7,114,85,163,0,0.004383140000000001
concat_prior_T3MDXI.pt,7,144,526,0,0,0.006127460000000002
concat_prior_FNTVGZ.pt,28,665,195,271,0,0.32239764
concat_prior_4OGIC5.pt,7,351,24,195,0,0.004900719999999999
concat_prior_U3ULB2.pt,56,77,99,0,0,0.19098463999999984
concat_prior_CHBJ3B.pt,14,498,77,1411,96,0.29714341999999994
concat_prior_D2JDML.pt,28,447,156,152,0,0.27199088
concat_prior_RTNFA9.pt,28,772,93,0,0,0.25833972000000005
concat_prior_DZM85L.pt,56,132,104,0,0,0.32039672
concat_prior_8CB7S0.pt,7,508,1268,0,0,0.12063033999999999
concat_prior_BNF7G8.pt,7,510,10,209,290,0.013161840000000001
concat_prior_6XPSYL.pt,14,94,204,0,0,0.08714920000000001
concat_prior_PFF0YF.pt,14,267,1002,2029,247,0.17648925999999998
concat_prior_QR6WSD.pt,28,923,256,237,179,0.47689613999999997
concat_prior_7SM9M4.pt,56,210,182,4,540,0.62618186
concat_prior_LEFTWI.pt,7,577,35,194,0,0.0091877
concat_prior_Y1A3R4.pt,28,798,811,0,0,0.3729205
concat_prior_K2HH0N.pt,14,17,60,118,247,0.16252060000000002
concat_prior_KX25BM.pt,7,29,183,2141,263,0.14246094000000004
concat_prior_RH7AUL.pt,7,13,270,1017,0,0.11484969999999999
concat_prior_WGXJG5.pt,14,500,270,0,0,0.19886906
concat_prior_D161M5.pt,14,26,54,47,60,0.01130682
concat_prior_JDHVMP.pt,7,347,138,0,0,0.014808839999999998
concat_prior_HT8WLT.pt,14,30,191,270,157,0.09052169999999998
concat_prior_Q50ZOE.pt,56,108,151,168,70,0.22395280000000004
concat_prior_I03XWE.pt,56,1049,169,1017,0,1.91292628
concat_prior_WDFRLO.pt,7,181,94,124,0,0.007222919999999999
concat_prior_YCDC8A.pt,14,336,1677,236,0,0.23644879999999996
concat_prior_7XX7TZ.pt,28,248,1532,441,234,0.35896207999999996
concat_prior_I5FBIG.pt,14,243,185,115,0,0.038582599999999995
concat_prior_R9ZYD5.pt,7,161,19,0,0,0.012699880000000004
concat_prior_Q9TPUU.pt,14,14,263,325,62,0.18191569999999999
concat_prior_D3YRUZ.pt,28,1072,725,0,0,0.4529333400000001
concat_prior_6GOZPJ.pt,14,506,263,0,0,0.17872966
concat_prior_31PZ34.pt,7,444,182,0,0,0.004910560000000001
concat_prior_LW1XVL.pt,7,56,498,3,982,0.14669870000000002
concat_prior_S3ZVMZ.pt,14,515,1901,141,0,0.19345388
concat_prior_35DDKB.pt,7,815,122,140,988,0.17717118000000007
concat_prior_AYJ5Z3.pt,7,83,283,211,0,0.005047820000000001
concat_prior_HAM51B.pt,14,490,769,125,523,0.22042878
concat_prior_YC8SSH.pt,28,126,26,0,0,0.1194859
concat_prior_159L42.pt,14,19,844,506,540,0.16640746000000003
concat_prior_AGCIZ5.pt,14,66,84,0,0,0.011413840000000001
concat_prior_8DRJYC.pt,28,859,64,0,0,0.30780882
concat_prior_YCH5D3.pt,14,196,23,93,0,0.1158545
concat_prior_LAJG78.pt,14,13,847,1158,223,0.21294485999999999
concat_prior_9E2XWG.pt,14,260,541,69,145,0.23688202
concat_prior_8QCGD8.pt,7,271,448,0,0,0.008026699999999996
concat_prior_4ZY1H7.pt,28,132,130,54,1148,0.38021321999999996
concat_prior_GQ3G78.pt,7,38,156,115,95,0.004762379999999999
concat_prior_2H5UM4.pt,14,416,535,14,52,0.19933622
concat_prior_R0UOJB.pt,56,92,29,0,0,0.1994054000000001
concat_prior_WA12DF.pt,14,165,50,0,0,0.008302579999999999
concat_prior_WGI7Y6.pt,56,51,788,0,0,0.4728167799999998
concat_prior_QCXOZ9.pt,7,202,1403,0,0,0.11379979999999998
concat_prior_K1Y2HT.pt,56,32,540,151,87,0.3071341799999999
concat_prior_C62VZ7.pt,56,176,43,911,248,1.0653275
concat_prior_FYYI3O.pt,14,447,536,210,529,0.17920856000000002
concat_prior_QW5PQP.pt,14,104,45,0,0,0.004724120000000001
concat_prior_JW9EBR.pt,56,96,246,315,0,0.6026214599999999
concat_prior_PB05BJ.pt,28,62,108,0,0,0.1482002
concat_prior_KUHHCL.pt,7,288,491,488,937,0.12608783999999998
concat_prior_4Y0O19.pt,14,260,540,0,0,0.20910618000000003
concat_prior_1UJBG2.pt,56,142,27,684,16,0.5746472400000002
concat_prior_E6CW6Z.pt,7,1259,147,487,0,0.16389272000000002
concat_prior_A3WEVZ.pt,14,14,110,0,0,0.014695500000000005
concat_prior_E5FZA4.pt,7,31,34,265,0,0.015514079999999994
concat_prior_QIDPOB.pt,14,395,670,204,183,0.22464151999999998
concat_prior_JEXN4K.pt,28,2136,521,0,0,0.5114040599999999
concat_prior_T9BNUY.pt,7,62,539,0,0,0.004950119999999999
concat_prior_474HAH.pt,14,541,44,0,0,0.13059566
concat_prior_E7LA7R.pt,28,508,973,0,0,0.3860454
concat_prior_ZYMF4M.pt,28,158,144,0,0,0.18384382
concat_prior_4SA0GP.pt,14,95,936,260,317,0.17258236
concat_prior_OE4EI4.pt,7,203,841,0,0,0.09169361999999999
concat_prior_GYFFDG.pt,28,186,88,22,270,0.20519251999999993
concat_prior_2MGJG3.pt,14,680,236,156,527,0.19626642
concat_prior_JPFOUE.pt,14,174,212,35,0,0.16853444
concat_prior_R76ZCA.pt,28,85,516,0,0,0.21327278000000002
concat_prior_T9HJWF.pt,7,34,69,0,0,0.0030255799999999986
concat_prior_WPV54W.pt,14,65,216,106,0,0.12383871999999997
concat_prior_ZCKOK7.pt,7,66,84,32,0,0.010535999999999998
concat_prior_UVBWLA.pt,14,1011,59,0,0,0.15902037999999996
concat_prior_HTBFFT.pt,14,11,62,0,0,0.012540939999999999
concat_prior_IP1EMT.pt,56,168,1956,70,234,1.6994672199999996
concat_prior_08O7CY.pt,28,38,93,0,0,0.10266935999999999
concat_prior_USBTZX.pt,7,1641,692,68,0,0.17324323999999997
concat_prior_RGOE1Q.pt,7,173,224,120,222,0.012833420000000002
concat_prior_1Y4BMP.pt,56,1008,515,0,0,1.1406998200000003
concat_prior_UG0QQM.pt,7,19,242,0,0,0.006705999999999998
concat_prior_C71GIT.pt,56,261,1921,0,0,1.739499059999999
concat_prior_5KB1K5.pt,14,221,430,1423,2000,0.2608678800000001
concat_prior_N2G3E4.pt,56,227,3,687,130,0.8089188199999999
concat_prior_HT2KKW.pt,7,27,248,0,0,0.003675980000000001
concat_prior_10H8Y7.pt,7,540,29,0,0,0.0047322399999999995
concat_prior_8Q4O6T.pt,56,138,493,0,0,0.39870003999999987
concat_prior_F0V48G.pt,14,133,138,125,78,0.02095972
concat_prior_DB019K.pt,14,46,412,0,0,0.10532684000000002
concat_prior_FZY3KW.pt,56,239,192,267,55,0.45471586
concat_prior_IFHXN3.pt,14,120,197,189,26,0.16795395999999996
concat_prior_HZQ0TX.pt,28,209,185,392,988,0.29642128000000006
concat_prior_HU4XE8.pt,7,12,34,772,48,0.10063920000000001
concat_prior_R919RV.pt,14,989,72,0,0,0.15479851999999997
concat_prior_2R7DD5.pt,7,395,214,0,0,0.010953719999999998
concat_prior_B7WT4Y.pt,14,632,119,976,27,0.21295496000000008
concat_prior_HCFVMR.pt,14,426,838,24,0,0.19898965999999998
concat_prior_WOKCM3.pt,14,166,522,133,229,0.16703099999999999
concat_prior_GLT24K.pt,28,1779,528,0,0,0.43885732
concat_prior_W147Y7.pt,7,1014,10,0,0,0.08993584000000002
concat_prior_RKQ3YY.pt,14,219,136,0,0,0.11991954000000002
concat_prior_66XAFA.pt,28,974,841,0,0,0.4528866000000001
concat_prior_CVRKFE.pt,7,466,5,189,0,0.0052159599999999995
concat_prior_49HQML.pt,14,137,459,0,0,0.13253186000000003
concat_prior_RHF6P9.pt,28,1225,1684,287,190,0.48720327999999996
concat_prior_LJM3KY.pt,28,73,135,0,0,0.19626332000000002
concat_prior_Z5L765.pt,7,54,120,0,0,0.01739384
concat_prior_W8VDT9.pt,56,773,273,0,0,0.8019004999999999
concat_prior_HAEJK6.pt,14,987,13,35,169,0.2423768600000001
concat_prior_TLDEKQ.pt,7,223,169,0,0,0.01160676
concat_prior_7X24CB.pt,7,647,11,0,0,0.005388660000000001
concat_prior_Z9TDQT.pt,7,256,532,18,481,0.011797119999999996
concat_prior_GHOXVH.pt,14,180,138,0,0,0.10271290000000002
concat_prior_L505P0.pt,7,504,886,0,0,0.10541903999999996
concat_prior_DJIFZU.pt,14,969,52,208,77,0.2873300800000001
concat_prior_E7MXTP.pt,7,103,98,55,58,0.006627119999999999
concat_prior_OBPNBK.pt,14,261,210,502,507,0.19311250000000005
concat_prior_4XWAJV.pt,14,253,1158,0,0,0.18362579999999995
concat_prior_LNKV9E.pt,28,66,14,197,0,0.19700953999999998
concat_prior_QA9F6Y.pt,14,45,259,405,223,0.19305476
concat_prior_THUDCM.pt,7,23,48,0,0,0.0028919999999999996
concat_prior_F9FXNV.pt,14,191,25,0,0,0.09481774
concat_prior_V4P4PY.pt,14,219,651,0,0,0.17552638
concat_prior_VOB46I.pt,14,122,226,168,19,0.16354936000000003
concat_prior_OWY4EC.pt,14,788,36,539,153,0.21363564000000004
concat_prior_PWD27M.pt,14,31,246,1180,0,0.17487724
concat_prior_B9R7RV.pt,56,1181,410,27,1259,2.78145238
concat_prior_FP47QF.pt,7,161,1296,147,122,0.10994753999999998
concat_prior_XL3Z9H.pt,14,700,140,771,199,0.15881231999999998
concat_prior_QW47MA.pt,7,269,17,199,0,0.0046384
concat_prior_YTSLHN.pt,56,150,1016,68,459,1.2101681600000003
concat_prior_3QFVJ7.pt,28,16,217,1155,257,0.3942156600000001
concat_prior_K0W8U3.pt,56,65,83,0,0,0.17225328
concat_prior_0A2L6N.pt,14,129,19,1138,0,0.17375647999999994
concat_prior_H0MF7F.pt,28,18,49,0,0,0.09471864
concat_prior_Q2MQUH.pt,56,250,195,0,0,0.4403666799999999
concat_prior_G6BS5C.pt,28,194,406,535,2128,0.44446128
concat_prior_AMVOD3.pt,28,121,811,0,0,0.26888313999999996
concat_prior_S3ENPI.pt,7,175,1998,0,0,0.1299958
concat_prior_B6L502.pt,7,37,251,142,0,0.0046353600000000016
concat_prior_K8EYNX.pt,7,102,58,52,4,0.0034606000000000003
concat_prior_GGQQFS.pt,14,269,466,0,0,0.17166979999999996
concat_prior_XZ5PRE.pt,14,233,163,0,0,0.16163311999999996
concat_prior_ZPSN7P.pt,14,38,104,0,0,0.010610340000000003
concat_prior_VM2XYS.pt,56,268,95,662,573,1.36704264
concat_prior_J91PXK.pt,14,32,71,1058,17,0.16114772000000002
concat_prior_IOQ7Y2.pt,14,531,520,0,0,0.20002132000000006
concat_prior_6IG9XN.pt,14,260,77,0,0,0.12331623999999998
concat_prior_8SDERA.pt,28,2047,693,114,13,0.6484253199999997
concat_prior_AG4ZVO.pt,14,166,127,138,180,0.17879352
concat_prior_S1BHP8.pt,7,147,503,0,0,0.00493802
concat_prior_7A92OC.pt,7,460,124,769,115,0.14808838
concat_prior_849MTC.pt,14,136,145,0,0,0.00805198
concat_prior_YJ2BG6.pt,14,515,48,0,0,0.13005397999999999
concat_prior_BJASBM.pt,56,46,30,203,104,0.2677249200000001
concat_prior_V5TQOV.pt,56,179,25,244,484,0.6759230200000002
concat_prior_KKKR3X.pt,56,528,160,0,0,0.4900320399999999
concat_prior_Z7YBRY.pt,14,102,34,0,0,0.00465346
concat_prior_QQL3OY.pt,56,520,109,0,0,0.4522734999999999
concat_prior_LAB2HM.pt,14,80,243,148,170,0.20526214000000004
concat_prior_IL49SJ.pt,28,63,145,479,2013,0.59101282
concat_prior_VUP2Q6.pt,28,42,792,0,0,0.16741956
concat_prior_PV80V7.pt,56,144,219,0,0,0.3648948999999999
concat_prior_7RD8DO.pt,28,38,5,231,0,0.17186835999999997
concat_prior_SSNJXO.pt,7,504,118,0,0,0.005928179999999998
concat_prior_OOWLXQ.pt,7,590,146,1250,457,0.18042147999999997
concat_prior_JOBK1P.pt,14,1251,887,236,1357,0.3345966
concat_prior_08ZJPG.pt,14,26,271,67,223,0.19260412
concat_prior_7HHR2M.pt,14,71,500,142,223,0.0718173
concat_prior_16B4VA.pt,28,74,269,0,0,0.16482535999999995
concat_prior_IGU1Z8.pt,14,30,101,0,0,0.004818579999999999
concat_prior_CSF5Q2.pt,14,11,515,32,0,0.1109135
concat_prior_SQHSF6.pt,14,199,390,663,151,0.17662014000000004
concat_prior_S5IZ3U.pt,7,13,83,252,697,0.09670466
concat_prior_X61NW0.pt,14,441,95,455,131,0.33290697999999996
concat_prior_4YHLCB.pt,28,810,63,1149,191,0.33584374000000006
concat_prior_3CPVA8.pt,7,662,34,806,488,0.15119755999999998
concat_prior_T5RBQ5.pt,14,30,36,0,0,0.0088148
concat_prior_E0XQH5.pt,56,110,39,425,105,0.23449580000000003
concat_prior_793YPQ.pt,14,488,119,304,239,0.1973482
concat_prior_H30BC7.pt,56,519,8,195,208,0.54010182
concat_prior_JCZD5P.pt,56,149,654,0,0,0.5617166
concat_prior_ECZ9WT.pt,28,316,195,0,0,0.17880517999999998
concat_prior_8NF48S.pt,14,36,11,1823,563,0.15774552000000006
concat_prior_UDNQLS.pt,28,249,714,151,103,0.3659786000000002
concat_prior_QP38I6.pt,14,177,490,1174,107,0.17903824000000002
concat_prior_OQC5WN.pt,56,63,437,116,139,0.4571547200000001
concat_prior_LZV974.pt,14,1187,815,19,0,0.17578216000000002
concat_prior_YVDY3N.pt,7,184,172,237,170,0.01342508
concat_prior_B9H22U.pt,28,24,222,0,0,0.13675993999999997
concat_prior_6P9YGV.pt,56,502,491,157,0,0.9232607800000002
concat_prior_GII2G4.pt,7,178,205,17,240,0.005036200000000001
concat_prior_CRGME4.pt,14,238,115,16,0,0.14517808000000001
concat_prior_3NMMI1.pt,56,182,125,14,494,0.46057716
concat_prior_C2JBI2.pt,14,126,490,0,0,0.12757146000000003
concat_prior_PL939G.pt,14,135,5,0,0,0.01165942
concat_prior_M47K6T.pt,7,134,2036,209,576,0.1736259
concat_prior_KL0X7I.pt,28,494,200,213,0,0.35411904000000005
concat_prior_BZ0SKZ.pt,14,65,238,524,582,0.16660781999999996
concat_prior_61XXH6.pt,28,146,995,0,0,0.32300682000000003
concat_prior_QO4C2G.pt,14,518,525,0,0,0.22504376
concat_prior_2MHW34.pt,14,806,206,5,0,0.20614476000000004
concat_prior_TR9Y7R.pt,14,999,992,495,218,0.19232384
concat_prior_L64WDW.pt,14,192,236,195,170,0.2555393600000001
concat_prior_I60XXL.pt,56,139,152,4,211,0.3372186000000001
concat_prior_Y2EXR3.pt,56,31,107,1733,0,1.36718084
concat_prior_2V0KNM.pt,14,470,114,0,0,0.14541898000000003
concat_prior_CCIWG9.pt,7,167,20,301,229,0.01208414
concat_prior_CK1EJR.pt,14,540,1066,142,0,0.23417766
concat_prior_3CHOU5.pt,28,509,16,0,0,0.15593530000000005
concat_prior_PD3NX9.pt,14,175,221,1010,1146,0.20583136000000002
concat_prior_2CHI4S.pt,56,54,134,1199,0,1.0589076999999998
concat_prior_P8P6G1.pt,14,1473,505,0,0,0.17137174000000002
concat_prior_8XZ9AI.pt,14,321,694,504,672,0.20395559999999996
concat_prior_W55DGX.pt,56,90,1558,538,354,1.9853612200000001
concat_prior_9M7V8B.pt,28,1173,522,104,205,0.30892942
concat_prior_QS89O6.pt,7,232,206,0,0,0.004303839999999998
concat_prior_RHAMSI.pt,14,261,214,184,0,0.18607977999999992
concat_prior_6AWDYA.pt,28,90,494,504,88,0.31916069999999996
concat_prior_JA3IYI.pt,14,129,6,1002,0,0.14132606
concat_prior_KU7X1S.pt,14,97,70,0,0,0.00492608
concat_prior_3A3TMX.pt,7,265,7,177,227,0.00914154
concat_prior_Z2YDRS.pt,7,98,540,0,0,0.0116362
concat_prior_6BAT3F.pt,14,111,499,0,0,0.11146156
concat_prior_BQZVIG.pt,7,124,59,0,0,0.011915719999999998
concat_prior_OPUD18.pt,14,17,413,0,0,0.10178621999999998
concat_prior_RWHYHD.pt,28,169,166,135,117,0.23728061999999997
concat_prior_KLJ70J.pt,14,83,502,985,0,0.15708100000000003
concat_prior_4U9HN6.pt,28,164,487,68,0,0.20113880000000006
concat_prior_BY8PFZ.pt,14,260,136,0,0,0.12695215999999998
concat_prior_FOJX7Y.pt,14,263,478,451,201,0.24121974000000013
concat_prior_4YAR31.pt,56,224,23,0,0,0.26864054000000004
concat_prior_ADNRIN.pt,7,41,109,516,115,0.010484640000000005
concat_prior_EYIYAL.pt,14,251,217,2074,91,0.2669743399999999
concat_prior_8792Q3.pt,28,109,656,454,89,0.42017027999999995
concat_prior_F9TEZ0.pt,14,173,149,82,223,0.23513744
concat_prior_8H1XR6.pt,7,264,205,532,1982,0.1724344
concat_prior_RLQGYE.pt,14,228,961,0,0,0.22657082000000003
concat_prior_FQP3CT.pt,28,1019,677,59,1271,0.6636650000000001
concat_prior_15BRJ1.pt,28,126,987,1021,0,0.5805739800000003
concat_prior_XGYHA6.pt,7,206,1371,0,0,0.09510418
concat_prior_PIJ2I5.pt,14,569,46,1026,126,0.1955412
concat_prior_WEL6AV.pt,14,60,513,0,0,0.11615986000000003
concat_prior_9PWKOU.pt,14,147,246,0,0,0.12500498000000002
concat_prior_PJW8OV.pt,7,40,512,100,0,0.00498502
concat_prior_2VCDEO.pt,28,499,777,0,0,0.36533721999999996
concat_prior_M9V8JT.pt,28,625,504,0,0,0.35726005999999993
concat_prior_MCSW78.pt,14,787,119,260,0,0.22652355999999993
concat_prior_4LFXOP.pt,7,86,156,134,0,0.006066180000000001
concat_prior_AG8KLG.pt,14,134,227,110,858,0.15467598000000005
concat_prior_CIEZ7S.pt,14,4,84,48,26,0.005512100000000001
concat_prior_EVK9Q4.pt,7,242,161,168,0,0.0050263799999999996
concat_prior_J9UBNW.pt,7,513,860,0,0,0.09779005999999998
concat_prior_1KQOQR.pt,14,260,987,51,0,0.18742891999999994
concat_prior_OF2O26.pt,28,1011,126,41,243,0.2224965999999999
concat_prior_TU2AUF.pt,7,184,127,122,0,0.004409739999999999
concat_prior_AHGMWK.pt,7,783,39,473,0,0.11769810000000001
concat_prior_FWRZUA.pt,7,5,198,0,0,0.014457600000000001
concat_prior_1GYHN3.pt,14,156,484,0,0,0.14471784000000001
concat_prior_STNWBY.pt,14,2033,56,0,0,0.16768427999999996
concat_prior_R5IIOV.pt,7,1185,268,1599,16,0.20262324000000004
concat_prior_PBL2KY.pt,14,54,184,415,454,0.21341883999999994
concat_prior_R6JLAS.pt,7,129,15,104,189,0.004567559999999999
concat_prior_4S1IJ1.pt,28,228,122,707,120,0.5073984199999999
concat_prior_45V0BC.pt,7,195,491,0,0,0.01074594
concat_prior_CTKKON.pt,28,1150,155,181,163,0.52836992
concat_prior_IYO2UM.pt,28,100,99,0,0,0.18262302000000002
concat_prior_EWDVV0.pt,56,55,112,0,0,0.27777722
concat_prior_0J01VX.pt,56,680,143,332,0,0.8192875599999999
concat_prior_5LNKPW.pt,56,1105,190,25,124,1.2088111799999999
concat_prior_MMJ9RV.pt,7,242,120,0,0,0.00430122
concat_prior_29B4KA.pt,56,150,217,0,0,0.38177756000000007
concat_prior_5TABUP.pt,28,827,218,181,489,0.5513565600000001
concat_prior_1F8WZY.pt,56,89,826,153,198,0.9673813800000001
concat_prior_EH3HET.pt,14,218,1851,0,0,0.20059335999999997
concat_prior_DM4YEQ.pt,14,100,496,512,0,0.18562734000000003
concat_prior_YSJKCZ.pt,7,134,53,0,0,0.010190339999999997
concat_prior_5X70R6.pt,7,112,150,135,249,0.005284380000000001
concat_prior_JEXW3B.pt,14,165,503,150,267,0.17982157999999998
concat_prior_JJUCOW.pt,28,140,138,51,104,0.26694492000000003
concat_prior_CM2F2O.pt,14,94,49,272,504,0.16943863999999997
concat_prior_OBS8GN.pt,14,860,143,131,41,0.25422761999999993
concat_prior_QAUJQC.pt,28,246,212,97,0,0.1974469
concat_prior_7LN53U.pt,56,399,142,98,43,0.41505126000000003
concat_prior_J1SFBE.pt,28,501,108,864,0,0.37405981999999993
concat_prior_XXC1GR.pt,7,656,247,0,0,0.00737256
concat_prior_HBT2BW.pt,14,538,113,127,0,0.25236967999999993
concat_prior_QEIL4P.pt,28,242,122,1663,22,0.3471283000000001
concat_prior_GSJJV0.pt,28,90,257,511,0,0.37322641999999995
concat_prior_RLEIQ1.pt,28,25,677,233,0,0.25646924
concat_prior_99RCW0.pt,14,526,133,203,200,0.18975488
concat_prior_KHP6WC.pt,28,695,97,0,0,0.27154854000000006
concat_prior_7YFX8D.pt,14,243,530,0,0,0.16268264
concat_prior_AQBOHP.pt,7,154,95,0,0,0.003604619999999999
concat_prior_NKX8X8.pt,7,135,139,162,0,0.00845594
concat_prior_57SDX2.pt,14,772,9,205,271,0.1985001999999999
concat_prior_X4O9X4.pt,14,309,1675,0,0,0.18867686
concat_prior_9WG70V.pt,7,82,251,0,0,0.0136028
concat_prior_G0Y3EA.pt,7,79,498,2108,246,0.17163987999999997
concat_prior_5K79UF.pt,28,460,106,0,0,0.21387127999999997
concat_prior_MFMWTZ.pt,14,190,494,445,174,0.20336242000000004
concat_prior_4PSLP5.pt,7,131,202,163,159,0.00544948
concat_prior_5SW0IK.pt,7,58,1289,0,0,0.11567024
concat_prior_TBSB4Y.pt,7,20,4,490,125,0.004933520000000002
concat_prior_87545E.pt,28,532,1028,561,204,0.2639927
concat_prior_3OL4PE.pt,14,142,139,148,0,0.0259892
concat_prior_MZ8VUP.pt,7,159,204,514,0,0.014917020000000003
concat_prior_JXTEK8.pt,7,247,13,77,202,0.004929979999999998
concat_prior_2492ZN.pt,56,971,162,568,0,1.36126896
concat_prior_QDAQ1G.pt,7,559,110,0,0,0.02031164
concat_prior_4FVPQ9.pt,14,270,478,1181,515,0.32423702
concat_prior_IBWSHF.pt,14,207,27,0,0,0.09794312000000001
concat_prior_B3PRE4.pt,14,4,121,0,0,0.004775099999999999
concat_prior_SH50BQ.pt,14,67,265,0,0,0.10785748
concat_prior_ZBDBME.pt,28,1022,206,0,0,0.3122355600000001
concat_prior_34B5A5.pt,14,526,308,0,0,0.15443269999999998
concat_prior_DZRJUK.pt,7,433,74,26,415,0.010570020000000003
concat_prior_LYTAJK.pt,56,78,176,0,0,0.24979378000000008
concat_prior_K2R5N7.pt,14,89,229,163,0,0.13108619999999999
concat_prior_2KXKDY.pt,14,232,144,0,0,0.11467602000000003
concat_prior_XLEHLJ.pt,7,141,320,208,817,0.021861000000000002
concat_prior_ADA0JS.pt,14,34,540,255,496,0.16457975999999996
concat_prior_34S819.pt,7,50,116,0,0,0.01483934
concat_prior_1H3VFF.pt,14,521,55,79,194,0.19688436000000006
concat_prior_947R22.pt,7,248,501,0,0,0.010407280000000001
concat_prior_W8WWA3.pt,28,1224,55,0,0,0.21013036000000004
concat_prior_AH4WG4.pt,7,212,1026,0,0,0.11472459999999998
concat_prior_8OFI9P.pt,14,63,425,236,0,0.1477795
concat_prior_MPQ5D5.pt,14,408,523,558,17,0.19696334000000001
concat_prior_UA2RXC.pt,7,240,2044,0,0,0.11923358
concat_prior_LBMNUV.pt,7,47,84,0,0,0.020711480000000004
concat_prior_PL187D.pt,28,493,13,127,128,0.18283417999999999
concat_prior_XW6693.pt,14,90,526,178,828,0.29625342000000005
concat_prior_PWFSU4.pt,28,16,488,0,0,0.16305606
concat_prior_C3AT07.pt,28,172,527,68,2000,0.12737872
concat_prior_1VK4LU.pt,28,25,164,0,0,0.12376100000000001
concat_prior_6J5P34.pt,14,72,2125,0,0,0.16421846000000007
concat_prior_PODJQD.pt,14,91,538,0,0,0.10243919999999995
concat_prior_GNBYXG.pt,56,157,2157,429,935,3.8357556799999997
concat_prior_IZ0L4B.pt,14,24,60,210,499,0.21280065999999997
concat_prior_0R4UDH.pt,56,496,38,0,0,0.2672918799999999
concat_prior_ZBT12A.pt,56,526,170,20,1669,2.0463037600000007
concat_prior_AG3AK0.pt,28,836,521,0,0,0.35886720000000005
concat_prior_FEQCW0.pt,7,776,473,129,195,0.14797662000000003
concat_prior_SJQQ0F.pt,7,143,120,9,84,0.004363459999999998
concat_prior_LU8CBX.pt,14,252,39,238,977,0.19741489999999992
concat_prior_H2XOYC.pt,7,200,1516,257,0,0.14137623999999993
concat_prior_VFELMG.pt,56,71,211,0,0,0.2662167
concat_prior_XSCI2L.pt,7,139,182,15,197,0.0050076
concat_prior_N8LM3B.pt,28,181,70,0,0,0.20352912000000004
concat_prior_U7JT38.pt,28,254,27,6,0,0.12986530000000002
concat_prior_CPHS4A.pt,14,135,1974,219,0,0.15058252000000005
concat_prior_643J4J.pt,14,173,188,404,35,0.20026703999999998
concat_prior_V464YZ.pt,14,50,506,494,26,0.20456673999999997
concat_prior_EBUNAM.pt,14,171,38,0,0,0.10745606000000006
concat_prior_PHPRV8.pt,14,426,181,0,0,0.14645555999999998
concat_prior_BFZUJ3.pt,56,201,263,424,0,0.6164271400000001
concat_prior_KONLZJ.pt,14,58,38,289,142,0.17392954
concat_prior_JP79PQ.pt,14,158,50,0,0,0.01004888
concat_prior_BWGHS4.pt,14,527,141,847,239,0.2430879
concat_prior_PV8Q8N.pt,28,212,25,32,196,0.23157693999999998
concat_prior_5YSK3N.pt,7,26,220,248,1321,0.15862276
concat_prior_SBJNZS.pt,14,121,23,0,0,0.01177858
concat_prior_CVZLVE.pt,14,227,189,187,0,0.24041150000000003
concat_prior_J417TS.pt,28,54,491,0,0,0.22069219999999995
concat_prior_2TY9OH.pt,28,520,43,17,159,0.25783528
concat_prior_D9L71D.pt,14,536,33,257,221,0.14326005999999997
concat_prior_YVOFLK.pt,14,144,950,122,110,0.19085554000000005
concat_prior_MC8D3N.pt,56,827,533,863,1899,4.760499480000002
concat_prior_VHWQI6.pt,14,1180,508,43,0,0.22927641999999993
concat_prior_D8UXEA.pt,14,134,802,43,206,0.046657099999999986
concat_prior_FDQJSO.pt,14,84,534,128,0,0.16858558
concat_prior_9ELPSW.pt,14,128,530,173,0,0.16746600000000003
concat_prior_ECGVH0.pt,28,430,53,0,0,0.19858056
concat_prior_ESDS0H.pt,7,508,643,263,1019,0.1544685399999999
concat_prior_96D1VB.pt,56,457,476,0,0,0.3084128400000001
concat_prior_S7Q3UF.pt,7,1073,96,24,61,0.11952684
concat_prior_3ORA3B.pt,7,252,86,511,1782,0.13646042000000003
concat_prior_ABYAZB.pt,14,6,217,0,0,0.09903246000000003
concat_prior_2ZVD7G.pt,28,1328,519,0,0,0.20354609999999995
concat_prior_8MUKNR.pt,7,248,491,110,0,0.012804200000000002
concat_prior_1SD686.pt,14,691,2007,0,0,0.28092042
concat_prior_C3MR9X.pt,28,175,1017,135,0,0.30683378
concat_prior_L58Z8L.pt,7,90,133,0,0,0.017406159999999993
concat_prior_REW2N0.pt,28,200,33,0,0,0.12191593999999999
concat_prior_RS4CA9.pt,7,185,165,501,68,0.011758000000000001
concat_prior_71FEJZ.pt,28,1258,238,120,12,0.28556018
concat_prior_HIOJR3.pt,14,219,270,1023,826,0.19764405999999998
concat_prior_ZI5TUC.pt,56,232,105,242,0,0.41972170000000003
concat_prior_X1OJ4U.pt,7,218,125,208,0,0.004965140000000001
concat_prior_C1ALZ6.pt,56,243,209,439,1268,1.6740246599999997
concat_prior_UCCKED.pt,28,101,11,0,0,0.11476066
concat_prior_V1VZQR.pt,14,822,514,0,0,0.18623080000000006
concat_prior_RKR3CU.pt,56,966,271,172,125,1.2277408600000004
concat_prior_Z5VG27.pt,14,222,166,0,0,0.14592660000000002
concat_prior_D3UV7M.pt,14,6,63,0,0,0.0033659
concat_prior_PNFTCO.pt,56,573,105,0,0,0.49088786
concat_prior_ZCFHK8.pt,7,52,222,0,0,0.003748939999999999
concat_prior_F27KUS.pt,28,230,1522,0,0,0.41352970000000006
concat_prior_NYN9WS.pt,56,161,29,218,0,0.36366352
concat_prior_7SZYFT.pt,7,459,18,0,0,0.028018259999999993
concat_prior_0ROT91.pt,56,249,130,208,0,0.4403066
concat_prior_CWFMLS.pt,28,498,166,476,0,0.3030683
concat_prior_66KH6B.pt,14,90,215,0,0,0.10997214
concat_prior_1IY507.pt,28,245,600,488,0,0.33126062000000006
concat_prior_49DC51.pt,28,188,189,0,0,0.20278519999999997
concat_prior_C0HNRC.pt,28,191,68,2128,243,0.2697350000000001
concat_prior_ZHZAI2.pt,56,48,38,58,0,0.18289596
concat_prior_1H9MOO.pt,14,204,151,1283,102,0.28380098
concat_prior_QWTYLC.pt,7,843,182,230,350,0.18550756000000007
concat_prior_FIKMEB.pt,14,514,123,3,5,0.16170725999999994
concat_prior_EDJB8R.pt,14,44,1284,0,0,0.20749394
concat_prior_HLR8L3.pt,28,76,108,207,0,0.19816611999999995
concat_prior_UCV6M7.pt,14,159,235,0,0,0.12647712
concat_prior_J8GD20.pt,14,302,165,111,0,0.21983982000000002
concat_prior_09BIDV.pt,28,181,2151,523,0,0.49665017999999983
concat_prior_XFYBPW.pt,28,247,803,927,426,0.3770232400000001
concat_prior_RKQKHC.pt,7,253,836,0,0,0.10711357999999999
concat_prior_1ZOW5U.pt,14,230,342,121,0,0.19564196000000003
concat_prior_ANC1DN.pt,56,110,207,0,0,0.31958702
concat_prior_1TFXHK.pt,56,115,416,1733,250,1.9083849000000008
concat_prior_98A4GR.pt,7,492,451,196,0,0.01480514
concat_prior_H1MLDZ.pt,7,23,189,483,252,0.012702420000000006
concat_prior_0GWCOD.pt,28,32,178,171,3,0.22446352000000006
concat_prior_BBLK56.pt,28,76,218,1721,226,0.61673636
concat_prior_GSNYLV.pt,14,139,95,0,0,0.010781260000000004
concat_prior_WU3ZYR.pt,14,153,72,1553,786,0.14487711999999994
concat_prior_BW1AHE.pt,14,237,2005,0,0,0.18573528
concat_prior_2M1O16.pt,14,628,243,324,0,0.25750967999999996
concat_prior_09MSTQ.pt,14,538,58,355,1024,0.22053647999999998
concat_prior_LOBN1A.pt,7,179,20,0,0,0.006327180000000001
concat_prior_AEIERR.pt,28,496,64,10,489,0.24850628
concat_prior_MTJZS7.pt,14,59,363,187,1264,0.18915852000000008
concat_prior_NXK5EN.pt,28,443,148,835,194,0.45805256000000005
concat_prior_92BLUE.pt,56,503,87,443,598,1.2841315
concat_prior_KKPZ6L.pt,7,553,260,0,0,0.0087468
concat_prior_LA2EWR.pt,28,541,153,173,16,0.30403056
concat_prior_Q1V5DR.pt,14,524,528,506,224,0.31296554
concat_prior_LIXQ3V.pt,28,412,41,0,0,0.18223347999999998
concat_prior_4A5VUS.pt,14,120,212,17,0,0.11170453999999999
concat_prior_P4DPCM.pt,14,94,102,0,0,0.009622140000000003
concat_prior_68V03J.pt,28,9,263,6,143,0.23015337999999996
concat_prior_YR8TBY.pt,7,39,660,89,656,0.028207119999999995
concat_prior_AX2ZDX.pt,14,124,269,0,0,0.10781861999999999
concat_prior_BVQ17F.pt,7,194,246,0,0,0.00439282
concat_prior_MKJAZD.pt,28,534,510,0,0,0.34887738
concat_prior_19B2XU.pt,7,1007,259,702,0,0.16165513999999997
concat_prior_D6DKS5.pt,28,252,992,267,0,0.30546189999999995
concat_prior_4KNSD4.pt,7,462,9,0,0,0.004281500000000001
concat_prior_3LOH6E.pt,56,156,150,0,0,0.3304859
concat_prior_FXTRQ8.pt,14,973,123,0,0,0.17796683999999993
concat_prior_DU2BUF.pt,14,110,72,158,112,0.02545676000000001
concat_prior_FA5XQF.pt,28,174,449,6,0,0.31487195999999995
concat_prior_G8MAJ5.pt,14,420,202,150,219,0.28318624000000003
concat_prior_8R7ZBD.pt,28,150,224,118,235,0.4733103999999998
concat_prior_GDXZHR.pt,56,187,489,0,0,0.54040544
concat_prior_4WIALR.pt,14,523,82,172,166,0.208336
concat_prior_TT2QTS.pt,28,844,124,199,190,0.33160254
concat_prior_YNKR33.pt,7,182,216,181,0,0.005058739999999999
concat_prior_HPJZ54.pt,56,164,122,0,0,0.22909844000000007
concat_prior_GYNIB6.pt,14,445,525,149,0,0.18845482
concat_prior_LVPSLN.pt,14,135,31,565,0,0.15176731999999998
concat_prior_FFL1H7.pt,14,256,41,427,83,0.16784856
concat_prior_JA6J8Q.pt,7,101,126,1009,91,0.12988183999999997
concat_prior_4O4WY9.pt,56,445,1004,854,0,1.7310519400000004
concat_prior_ZLQFLC.pt,14,237,137,166,0,0.18895341999999996
concat_prior_KWKQL5.pt,28,6,2040,1039,516,0.44191772000000007
concat_prior_PVEWK5.pt,56,541,500,988,0,1.44006574
concat_prior_BICHKL.pt,56,2018,81,185,132,1.90184108
concat_prior_44JI4T.pt,28,93,96,1026,1048,0.2525828399999999
concat_prior_J3E5ZA.pt,14,226,1019,524,136,0.06579027999999996
concat_prior_SZ23BT.pt,14,817,513,0,0,0.20302891999999997
concat_prior_33NVRU.pt,14,68,228,846,0,0.20520326
concat_prior_IF9M05.pt,14,49,179,9,0,0.11786814
concat_prior_1UEIL9.pt,14,482,111,0,0,0.14664765999999996
concat_prior_E8YRIL.pt,14,58,258,0,0,0.10870469999999996
concat_prior_HP6AAW.pt,14,920,258,61,527,0.20991460000000006
concat_prior_ULQUUA.pt,7,2135,29,0,0,0.11739807999999999
concat_prior_OQWW1F.pt,14,495,104,518,621,0.18607725999999997
concat_prior_15YILI.pt,14,111,188,434,201,0.16946802000000002
concat_prior_619EUA.pt,56,225,233,19,72,0.29946506
concat_prior_5V0IWB.pt,28,47,80,424,12,0.20901272000000007
concat_prior_YJE98J.pt,28,6,1743,0,0,0.37925322
concat_prior_NHYYGU.pt,28,130,142,223,250,0.2662574999999999
concat_prior_FJ79RU.pt,28,119,508,497,134,0.29464186000000003
concat_prior_ZRL7UV.pt,14,495,75,10,0,0.14007322
concat_prior_UXNCGH.pt,14,131,209,976,235,0.32152924
concat_prior_YIQPYL.pt,14,36,1713,128,180,0.14483600000000002
concat_prior_ZO28WC.pt,14,859,1005,0,0,0.20698742000000003
concat_prior_37XAEM.pt,28,528,499,0,0,0.26271406
concat_prior_VD1VUE.pt,7,399,1271,68,113,0.13372965999999997
concat_prior_7N45MH.pt,56,36,67,233,159,0.4345720799999999
concat_prior_FER6DE.pt,14,202,123,143,10,0.17867328000000002
concat_prior_9T0J59.pt,14,213,246,0,0,0.14922296
concat_prior_E17ZUY.pt,28,167,87,563,0,0.21759964000000004
concat_prior_DT3C35.pt,14,553,148,166,680,0.18475270000000002
concat_prior_LYO8UM.pt,28,116,142,0,0,0.19054611999999999
concat_prior_RHYPVA.pt,56,144,526,991,0,1.29847918
concat_prior_7BD2A3.pt,56,126,35,170,0,0.24794326000000003
concat_prior_19L7V4.pt,14,788,193,0,0,0.20953935999999995
concat_prior_RVZ1GB.pt,28,224,92,58,0,0.23164028000000003
concat_prior_6HQ2BC.pt,14,174,785,0,0,0.16812420000000003
concat_prior_9GZS30.pt,28,1000,233,42,835,0.41903186
concat_prior_0SHB66.pt,28,156,225,134,515,0.22402234000000004
concat_prior_AF756S.pt,14,338,788,762,231,0.29591324
concat_prior_GMWIS9.pt,14,129,127,497,0,0.19280702000000005
concat_prior_IZYF2E.pt,14,10,177,530,0,0.17664889999999997
concat_prior_BKK9WT.pt,28,262,380,0,0,0.24113542000000007
concat_prior_EED9FI.pt,14,1173,1237,0,0,0.23247934
concat_prior_XF5NGP.pt,28,442,27,0,0,0.16029505999999993
concat_prior_CGUYCI.pt,56,209,803,59,0,0.79855878
concat_prior_FL9WFN.pt,56,178,1911,0,0,1.6723959
concat_prior_RSP325.pt,14,797,123,0,0,0.17545825999999998
concat_prior_KUWO6Y.pt,56,20,205,39,927,0.98899084
concat_prior_NDATJ1.pt,14,47,191,49,20,0.14065132
concat_prior_6TEDN2.pt,56,45,31,253,5,0.2542062600000001
concat_prior_HOXDRE.pt,14,428,114,513,0,0.2440146
concat_prior_VH24DW.pt,7,181,194,155,0,0.00489936
concat_prior_EC3WHA.pt,7,54,113,81,110,0.0046979000000000005
concat_prior_ZTGYVK.pt,56,503,170,0,0,0.49752520000000006
concat_prior_PVLS1K.pt,14,1160,135,676,0,0.04313182
concat_prior_NNQBO5.pt,28,1539,56,262,0,0.38498115999999993
concat_prior_L306ZK.pt,28,157,126,101,509,0.38215836000000003
concat_prior_I0UH2F.pt,14,111,175,129,0,0.10326648
concat_prior_WVXSCE.pt,28,683,11,461,66,0.3236844
concat_prior_PS27Y0.pt,7,8,211,0,0,0.015771100000000003
concat_prior_140XWU.pt,28,108,1025,122,537,0.3359436799999999
concat_prior_GLDHKU.pt,56,516,102,45,0,0.20447529999999997
concat_prior_A120JW.pt,28,505,13,996,26,0.23296184000000003
concat_prior_DQFD60.pt,28,47,162,828,78,0.3176897
concat_prior_3JI99H.pt,7,87,216,0,0,0.007556239999999999
concat_prior_BON2VN.pt,28,135,515,785,59,0.27532872
concat_prior_5AMF9P.pt,56,193,234,0,0,0.3872438200000001
concat_prior_L8YZ3G.pt,56,2048,116,0,0,1.4951335000000001
concat_prior_E42POF.pt,7,177,530,71,0,0.012285320000000006
concat_prior_3X75BO.pt,14,257,27,90,0,0.1402262
concat_prior_IKKH9Q.pt,28,137,171,174,0,0.26263057999999995
concat_prior_8FO17P.pt,28,1998,252,246,24,0.23403402
concat_prior_IJL6GL.pt,7,257,162,0,0,0.0042612
concat_prior_HTZB4R.pt,14,563,31,41,87,0.18872934000000008
concat_prior_D4R0H5.pt,14,490,13,109,0,0.16406179999999998
concat_prior_3SQHR5.pt,14,948,543,20,0,0.20147475999999997
concat_prior_X2CZGQ.pt,14,16,126,0,0,0.00673674
concat_prior_GYUIBD.pt,14,81,256,215,0,0.15394602000000002
concat_prior_MLL8B3.pt,14,552,32,453,149,0.22918065999999995
concat_prior_7YPIU3.pt,7,535,88,0,0,0.005094360000000003
concat_prior_F7FWY5.pt,14,999,227,168,832,0.18569138
concat_prior_XKTZ10.pt,7,54,133,291,978,0.13678331999999999
concat_prior_0VWJYQ.pt,7,687,263,1021,536,0.19848384000000002
concat_prior_40UFKD.pt,28,82,1918,0,0,0.38675116
concat_prior_1D1DA8.pt,14,171,126,762,0,0.17654683999999998
concat_prior_QN9VAS.pt,7,179,507,0,0,0.010672640000000002
concat_prior_SCW9S4.pt,14,15,102,504,0,0.14413945999999994
concat_prior_X22DYY.pt,56,150,205,0,0,0.28704394
concat_prior_8MWY3J.pt,56,655,249,980,0,1.4054686600000001
concat_prior_4G8UL9.pt,28,53,1687,518,186,0.4465313200000001
concat_prior_O2652M.pt,7,490,20,0,0,0.004604940000000001
concat_prior_KT5DQ5.pt,56,31,155,577,0,0.3938184400000001
concat_prior_QM8QXT.pt,28,393,1146,270,124,0.3296177
concat_prior_67XDOD.pt,28,216,52,1998,0,0.4474622200000001
concat_prior_AJZHC5.pt,28,126,172,658,0,0.23390516000000006
concat_prior_25ZLIT.pt,28,3,10,0,0,0.014960519999999998
concat_prior_DUNYRM.pt,7,11,564,0,0,0.01133058
concat_prior_1AMSPC.pt,28,500,224,101,66,0.2412598199999999
concat_prior_F5460C.pt,14,139,42,217,0,0.12551006000000003
concat_prior_PTLWMA.pt,56,194,1028,0,0,0.82297812
concat_prior_6QZ7QZ.pt,28,52,667,120,226,0.24002788
concat_prior_YWTC0A.pt,28,88,194,0,0,0.1749046
concat_prior_V4WM0O.pt,7,129,193,0,0,0.0037478200000000002
concat_prior_K3OPCJ.pt,56,196,159,0,0,0.28571188
concat_prior_G7BANZ.pt,56,42,48,1016,0,0.4362561799999999
concat_prior_OQR7H3.pt,56,505,509,125,0,0.9461461999999998
concat_prior_F9BHFG.pt,14,242,185,0,0,0.1444617
concat_prior_Y8PWBB.pt,14,1004,62,498,589,0.19591511999999997
concat_prior_138M3X.pt,14,632,357,131,438,0.2151166199999999
concat_prior_AAM9X8.pt,14,25,253,0,0,0.09963859999999998
concat_prior_18EPUL.pt,14,170,675,176,0,0.1994378399999999
concat_prior_19R174.pt,14,841,61,272,1465,0.16714353999999998
concat_prior_W2SH5F.pt,7,224,236,0,0,0.00888828
concat_prior_WW6WKC.pt,28,17,125,206,0,0.26401608000000004
concat_prior_JUZHE4.pt,7,263,119,197,85,0.005476139999999999
concat_prior_ODDLXC.pt,14,49,923,0,0,0.14849837999999996
concat_prior_NTKGJU.pt,14,232,864,0,0,0.18880561999999998
concat_prior_6AGBGY.pt,14,93,770,151,271,0.18995401999999997
concat_prior_VTEZFF.pt,14,451,421,1169,0,0.21183719999999998
concat_prior_O2MSE4.pt,7,300,489,179,79,0.015188160000000001
concat_prior_GMVEL9.pt,14,463,65,0,0,0.13435978
concat_prior_QJ4BBC.pt,14,145,41,816,170,0.15199462
concat_prior_ZHEQKL.pt,28,195,114,33,213,0.17656051999999992
concat_prior_NYO8G6.pt,28,1176,217,226,231,0.28045471999999994
concat_prior_MP1Q2N.pt,56,191,2012,1982,157,4.32692002
concat_prior_NPVKD6.pt,7,796,198,0,0,0.11416576000000003
concat_prior_VLLQOY.pt,14,790,214,250,984,0.20341849999999997
concat_prior_D0PZC4.pt,7,171,76,160,0,0.006075619999999997
concat_prior_LHP2ZQ.pt,28,132,501,60,152,0.18840496000000007
concat_prior_83R5EF.pt,28,1157,167,0,0,0.25486216000000006
concat_prior_GA2OC6.pt,14,520,223,0,0,0.18896191999999995
concat_prior_NNE5SW.pt,56,1644,451,0,0,1.57502282
concat_prior_CCBFML.pt,14,148,25,419,0,0.11519560000000002
concat_prior_ZWR1XT.pt,28,203,138,0,0,0.24451681999999997
concat_prior_WMTJ1W.pt,7,92,214,0,0,0.02460206
concat_prior_P7QR0Y.pt,56,1008,520,1026,188,2.6310631999999994
concat_prior_FEIEP9.pt,14,6,183,271,0,0.15292387999999998
concat_prior_Y9R6C4.pt,7,24,40,850,160,0.11120956000000001
concat_prior_4OAX46.pt,28,816,126,0,0,0.29489112
concat_prior_57L0UH.pt,56,30,503,0,0,0.23030347999999998
concat_prior_G4TDP8.pt,7,173,71,656,65,0.01583026
concat_prior_0XLWK0.pt,56,540,258,0,0,0.23995759999999997
concat_prior_NPSX03.pt,14,40,179,528,0,0.17267675999999998
concat_prior_DU8TS1.pt,14,71,246,0,0,0.10639339999999999
concat_prior_YGIMBX.pt,7,510,99,1261,179,0.14086588000000003
concat_prior_X5DIAX.pt,7,210,532,0,0,0.011414780000000003
concat_prior_G9J1MV.pt,7,127,264,0,0,0.013865800000000001
concat_prior_MHR0AX.pt,14,218,265,0,0,0.17594268000000002
concat_prior_S0CSHS.pt,7,56,107,166,26,0.008347860000000002
concat_prior_461IP1.pt,28,128,651,0,0,0.2240060399999999
concat_prior_RPZALI.pt,7,245,253,271,981,0.14230486000000003
concat_prior_UVRRNV.pt,28,30,29,217,0,0.15953284000000004
concat_prior_NW3JOG.pt,28,136,234,0,0,0.15596464
concat_prior_M5N1GY.pt,28,198,156,124,87,0.20140566000000007
concat_prior_62BO76.pt,7,758,201,531,248,0.029037660000000007
concat_prior_9TOXFC.pt,28,219,495,0,0,0.16828879999999993
concat_prior_34H8KI.pt,28,125,155,0,0,0.19987804
concat_prior_3G8QER.pt,28,1004,193,96,65,0.19473716000000002
concat_prior_5PR214.pt,14,54,509,789,0,0.17796733999999997
concat_prior_G9PH5N.pt,56,125,45,0,0,0.13501474000000002
concat_prior_PEJ5MX.pt,7,990,250,114,0,0.11791301999999997
concat_prior_43B6QX.pt,28,6,265,0,0,0.12083309999999997
concat_prior_IAOXGD.pt,14,120,80,0,0,0.006293939999999999
concat_prior_9NW9II.pt,14,770,234,217,48,0.1934108
concat_prior_I30M79.pt,7,450,817,0,0,0.10129794000000002
concat_prior_CWCF4O.pt,7,70,176,0,0,0.017263979999999998
concat_prior_2YZPS1.pt,14,184,521,0,0,0.18781998000000003
concat_prior_1FOBD4.pt,14,293,49,948,789,0.1805568
concat_prior_2QLGRU.pt,7,16,44,1177,229,0.02357132
concat_prior_2GBHKL.pt,7,69,86,0,0,0.014134959999999998
concat_prior_AWXVVA.pt,14,258,816,152,120,0.19496882
concat_prior_9P5IZO.pt,56,94,2029,0,0,1.6356149800000004
concat_prior_0AQ2OS.pt,7,834,246,1235,0,0.19170940000000003
concat_prior_XTBD74.pt,28,831,536,474,0,0.35698875999999996
concat_prior_ZLJ4XQ.pt,28,1013,479,0,0,0.37746316000000013
concat_prior_8KSJOY.pt,28,125,246,0,0,0.19863334000000005
concat_prior_2TNYCS.pt,14,434,387,150,1013,0.19450501999999992
concat_prior_OHVVBZ.pt,14,984,129,0,0,0.15208848
concat_prior_P6OVXA.pt,14,179,1164,192,0,0.19127983999999995
concat_prior_WXB0IB.pt,56,53,1717,44,1092,3.6996352999999997
concat_prior_59WCM2.pt,14,80,189,1701,0,0.16639872
concat_prior_82W74I.pt,14,164,76,0,0,0.00737564
concat_prior_38S2JE.pt,14,1018,520,143,214,0.19675633999999997
concat_prior_ON2LCH.pt,28,231,158,0,0,0.21833915999999998
concat_prior_JJNGCU.pt,28,400,451,123,202,0.35015604000000006
concat_prior_JERQX9.pt,14,200,60,138,212,0.15303906
concat_prior_LMO464.pt,56,2100,134,0,0,1.6280724800000002
concat_prior_COUEFK.pt,7,519,1175,0,0,0.13253557999999996
concat_prior_UTSGRF.pt,14,1604,163,508,29,0.1778147200000001
concat_prior_WK2F3K.pt,14,85,63,0,0,0.00482968
concat_prior_TT6WSS.pt,7,13,148,0,0,0.013990679999999998
concat_prior_QY20EX.pt,14,73,182,905,0,0.18715579999999996
concat_prior_LQ9DAG.pt,56,116,224,0,0,0.30552482000000003
concat_prior_C624PP.pt,14,2047,189,73,1151,0.21612383999999996
concat_prior_CEF1MH.pt,28,774,56,34,690,0.35977531999999995
concat_prior_AFY9TY.pt,14,103,233,0,0,0.12292996
concat_prior_Q2J97T.pt,7,999,1295,0,0,0.1986265600000001
concat_prior_1QEX1S.pt,56,995,4,0,0,0.64022948
concat_prior_Z9QZPD.pt,56,116,2025,0,0,1.6195101999999997
concat_prior_03I8SJ.pt,28,2039,31,0,0,0.41721234000000007
concat_prior_0XE1H3.pt,7,2033,609,218,454,0.25061587999999996
concat_prior_0ZRZ9E.pt,28,192,12,206,0,0.2424168800000001
concat_prior_PR2DSV.pt,7,225,1466,142,1185,0.18326713999999988
concat_prior_TUDH5N.pt,7,490,190,112,0,0.00950722
