model_path,HW,CIN,COUT,KERNEL_SIZE,POOL_STRIDES,latency
maxpool_prior_6ZMVFL.pt,28,180,180,3,1,0.3772303399999999
maxpool_prior_6NAHZ2.pt,28,68,68,3,2,0.28403336
maxpool_prior_FGBU5W.pt,56,136,136,3,2,1.4327661999999999
maxpool_prior_0XX73A.pt,14,53,53,3,1,0.16443696
maxpool_prior_X3W0AR.pt,14,383,383,3,2,0.23564374000000005
maxpool_prior_F4J86R.pt,224,501,501,3,2,20.293379979999994
maxpool_prior_2ERK4G.pt,112,242,242,3,2,2.23375066
maxpool_prior_38RMBH.pt,224,501,501,3,2,20.097588740000006
maxpool_prior_ZMBZIR.pt,28,130,130,2,2,0.21806556000000007
maxpool_prior_FSDYTY.pt,28,507,507,2,2,1.14093934
maxpool_prior_OQA8VW.pt,14,513,513,2,2,0.19425044
maxpool_prior_TF4F97.pt,14,494,494,3,2,0.3420233999999999
maxpool_prior_PPJNUX.pt,28,73,73,3,1,0.8975429999999999
maxpool_prior_96M71X.pt,14,236,236,2,2,0.13444948
maxpool_prior_RBQC4F.pt,28,480,480,2,2,1.3296918400000002
maxpool_prior_Y9UXS2.pt,14,60,60,3,1,0.14980713999999998
maxpool_prior_DEULST.pt,28,507,507,2,2,1.2707797600000001
maxpool_prior_35CCT8.pt,56,183,183,3,2,1.3423613999999995
maxpool_prior_SCQIAT.pt,112,128,128,2,2,2.5121850799999996
maxpool_prior_6Q2TOB.pt,224,71,71,2,2,1.94357986
maxpool_prior_3Y1DKN.pt,14,522,522,2,2,0.2533506800000001
maxpool_prior_UUPTU7.pt,28,201,201,3,2,0.50756254
maxpool_prior_4ZP7UH.pt,14,480,480,2,2,0.20823946000000004
maxpool_prior_HR4ESL.pt,112,61,61,3,2,1.4701802800000001
maxpool_prior_HDLRGF.pt,56,54,54,2,2,0.38967608000000015
maxpool_prior_E781WI.pt,224,36,36,3,1,5.550806240000001
maxpool_prior_CHYYUH.pt,112,362,362,2,2,2.1711007799999993
maxpool_prior_Q93DRR.pt,112,61,61,3,1,1.9132451000000001
maxpool_prior_KUBMDV.pt,112,235,235,2,2,2.4117192800000002
maxpool_prior_Y8J5TN.pt,28,62,62,2,2,0.18339892
maxpool_prior_336D11.pt,14,65,65,2,2,0.11459715999999996
maxpool_prior_FWVOEJ.pt,14,46,46,3,2,0.10672433999999996
maxpool_prior_LCZBUQ.pt,224,236,236,2,2,5.8705536600000015
maxpool_prior_HINX82.pt,28,486,486,3,2,1.2713833600000002
maxpool_prior_LO1TVC.pt,14,58,58,3,1,0.17593738000000003
maxpool_prior_ZH9KR3.pt,112,61,61,2,1,1.4156705200000004
maxpool_prior_GGN1G0.pt,112,130,130,3,2,1.4503267199999998
maxpool_prior_KHL2C0.pt,28,507,507,3,2,1.30866602
maxpool_prior_0IGJV6.pt,14,474,474,3,2,0.2870127
maxpool_prior_MYBAL3.pt,112,180,180,2,2,1.8976042600000005
maxpool_prior_AC4EFF.pt,14,499,499,3,2,0.33716376000000003
maxpool_prior_BWUMWQ.pt,112,129,129,2,2,1.2153648000000001
maxpool_prior_22C53S.pt,14,502,502,3,2,0.31554669999999985
maxpool_prior_SDI068.pt,14,62,62,2,1,0.13247896
maxpool_prior_CLTA20.pt,56,251,251,3,2,1.1628216999999998
maxpool_prior_GXY2UM.pt,224,131,131,2,2,3.52321268
maxpool_prior_HJBQK9.pt,14,248,248,3,1,0.49224057999999987
maxpool_prior_L5R1NX.pt,14,140,140,2,2,0.11820348000000003
maxpool_prior_9OHGEB.pt,14,240,240,3,2,0.26111324
maxpool_prior_937T0I.pt,28,54,54,2,2,0.16497124
maxpool_prior_2OJ47Q.pt,112,508,508,2,2,3.53171354
maxpool_prior_DNV7Q4.pt,112,138,138,2,2,1.3698454199999999
maxpool_prior_7I4F7I.pt,224,79,79,3,2,2.8774186599999996
maxpool_prior_N38SZM.pt,14,236,236,2,2,0.13062551999999997
maxpool_prior_H7G1SR.pt,14,234,234,2,2,0.14599642000000002
maxpool_prior_ZHN78W.pt,56,60,60,3,2,0.7808565800000001
maxpool_prior_XJT5WC.pt,28,495,495,2,2,0.8319270199999997
maxpool_prior_8YHD2H.pt,14,507,507,3,2,0.30145552
maxpool_prior_O838RZ.pt,28,509,509,2,2,0.84821544
maxpool_prior_VBP4IG.pt,224,130,130,3,2,5.16024666
maxpool_prior_N1W6PX.pt,56,499,499,2,2,1.3916369599999998
maxpool_prior_R7QV69.pt,56,140,140,3,2,1.21303336
maxpool_prior_YMOQKO.pt,28,95,95,2,2,0.16987232
maxpool_prior_394XWF.pt,112,57,57,2,2,1.15615466
maxpool_prior_BC421L.pt,28,148,148,2,2,0.23186983999999997
maxpool_prior_K5SJML.pt,56,496,496,3,2,1.7959471000000007
maxpool_prior_X2RM5R.pt,224,498,498,3,1,73.42745036
maxpool_prior_0HMQBH.pt,14,58,58,3,2,0.10416015999999999
maxpool_prior_WKQAAS.pt,112,65,65,2,1,1.6320238999999999
maxpool_prior_3N7NF5.pt,224,58,58,3,1,7.865009900000001
maxpool_prior_7C8Y40.pt,14,64,64,2,2,0.08891090000000001
maxpool_prior_4ZFKFV.pt,28,57,57,2,2,0.12540154
maxpool_prior_3NR2GD.pt,28,144,144,2,2,0.22058153999999994
maxpool_prior_2L1NFP.pt,112,73,73,3,2,1.1147050799999996
maxpool_prior_RAPIAV.pt,14,53,53,2,2,0.13985313999999996
maxpool_prior_ULLLQC.pt,112,64,64,2,2,1.3174783399999999
maxpool_prior_W0NCW7.pt,28,246,246,2,2,0.49176020000000004
maxpool_prior_PZSMB5.pt,14,128,128,2,2,0.021631020000000004
maxpool_prior_DFF871.pt,14,54,54,2,2,0.09333298000000001
maxpool_prior_8M2AU1.pt,56,838,838,2,2,2.0937243600000004
maxpool_prior_7F342C.pt,14,52,52,2,2,0.07664614000000002
maxpool_prior_BVAI4C.pt,112,64,64,2,2,1.3541315399999996
maxpool_prior_WBM827.pt,14,67,67,2,2,0.09339963999999998
maxpool_prior_DEY1D4.pt,56,54,54,2,2,0.39134339999999995
maxpool_prior_E5XZZA.pt,112,495,495,3,2,4.488738099999999
maxpool_prior_SXXN1D.pt,14,508,508,3,2,0.33347605999999996
maxpool_prior_V6CQ74.pt,112,253,253,3,2,2.271481020000001
maxpool_prior_0ZUST7.pt,112,65,65,2,2,0.9811582800000003
maxpool_prior_IDF0JM.pt,56,505,505,3,2,1.9815088599999993
maxpool_prior_ISYXMH.pt,56,52,52,3,2,0.59553312
maxpool_prior_W89RD5.pt,28,490,490,2,2,0.9901419199999998
maxpool_prior_2YP0YO.pt,14,492,492,2,2,0.24818640000000003
maxpool_prior_OEFZ97.pt,112,74,74,2,2,1.3843948599999996
maxpool_prior_KA1U0O.pt,112,58,58,2,2,1.3589069399999998
maxpool_prior_3EHOEB.pt,224,496,496,2,2,14.298345720000002
maxpool_prior_BW5BTV.pt,28,503,503,3,2,1.26282842
maxpool_prior_2G0FIK.pt,112,254,254,2,2,1.6797423800000002
maxpool_prior_09S65I.pt,224,836,836,2,1,92.38663543999999
maxpool_prior_GDK9WU.pt,28,242,242,3,2,0.61843928
maxpool_prior_FV2KWU.pt,112,252,252,2,1,5.11074276
maxpool_prior_NA5JTY.pt,112,148,148,2,2,1.44726068
maxpool_prior_QB3QMM.pt,28,495,495,3,2,1.0942428799999997
maxpool_prior_G0I3PE.pt,112,481,481,3,2,4.671172899999999
maxpool_prior_SLKYI2.pt,112,827,827,2,2,5.154317459999999
maxpool_prior_1LFPVB.pt,14,230,230,2,2,0.15057568
maxpool_prior_UZFZQ3.pt,14,67,67,2,2,0.09205479999999999
maxpool_prior_PRSLAD.pt,112,238,238,3,2,2.1697026799999994
maxpool_prior_W68SEH.pt,14,245,245,2,2,0.20003822
maxpool_prior_ZNNGHW.pt,112,502,502,3,2,4.67130768
maxpool_prior_VJF659.pt,14,511,511,3,2,0.34039593999999984
maxpool_prior_87K47A.pt,224,142,142,2,2,3.5144138399999996
maxpool_prior_GQT7HN.pt,14,503,503,3,1,1.1958455
maxpool_prior_GRT6MK.pt,14,255,255,2,2,0.12600266
maxpool_prior_O2SH14.pt,56,65,65,3,1,0.8299474000000001
maxpool_prior_6Z4807.pt,28,74,74,2,2,0.13921412
maxpool_prior_8UAC3E.pt,14,142,142,3,2,0.17061798
maxpool_prior_H3KGAN.pt,28,190,190,2,2,0.50045368
maxpool_prior_T18ZJ3.pt,28,495,495,3,1,1.7023826200000007
maxpool_prior_KF0VXR.pt,28,192,192,2,2,0.30549207999999994
maxpool_prior_28GFF2.pt,28,384,384,3,2,1.1584075799999995
maxpool_prior_WJYIVM.pt,56,514,514,2,2,2.0481684600000003
maxpool_prior_Z0YVM9.pt,14,51,51,2,2,0.08942292
maxpool_prior_TNDO86.pt,56,150,150,3,2,1.5661467399999995
maxpool_prior_0UBNFG.pt,28,41,41,3,2,0.13012823999999998
maxpool_prior_9FGAZ2.pt,56,367,367,3,1,3.0925766599999998
maxpool_prior_K266B9.pt,14,58,58,2,2,0.13133648
maxpool_prior_185DRZ.pt,112,29,29,3,2,1.11207172
maxpool_prior_FXA1TW.pt,14,492,492,3,2,0.3773729
maxpool_prior_HX25IJ.pt,112,50,50,3,2,0.9356248400000001
maxpool_prior_V37RCU.pt,224,75,75,2,2,2.2291823999999987
maxpool_prior_PHWRYK.pt,14,203,203,2,2,0.18278654
maxpool_prior_DXLYKR.pt,14,68,68,3,1,0.19648958
maxpool_prior_R8AJU8.pt,14,132,132,3,2,0.1520021
maxpool_prior_7407NA.pt,112,238,238,2,2,1.6650496799999996
maxpool_prior_9L81CP.pt,112,56,56,3,2,1.3662131799999995
maxpool_prior_8Z9FU6.pt,112,249,249,2,2,1.65503774
maxpool_prior_N6SSS7.pt,112,58,58,2,2,1.0539080399999998
maxpool_prior_573L7V.pt,28,253,253,2,2,0.67949526
maxpool_prior_X1ZXUJ.pt,56,234,234,2,2,1.1483702399999998
maxpool_prior_YN0W87.pt,56,506,506,2,2,1.8163834399999996
maxpool_prior_8XYSMB.pt,224,67,67,2,2,1.8972284999999998
maxpool_prior_L1EN8C.pt,56,199,199,3,2,1.22401236
maxpool_prior_PR20L3.pt,28,504,504,2,2,1.1306634600000003
maxpool_prior_WWWSXR.pt,112,127,127,2,2,1.4377720799999998
maxpool_prior_56Y2RN.pt,56,69,69,3,2,1.0198979599999998
maxpool_prior_2FUYTL.pt,14,60,60,3,2,0.09600721999999999
maxpool_prior_LZ2LQM.pt,56,240,240,3,2,1.4342316399999995
maxpool_prior_V2ZDFB.pt,112,841,841,2,2,4.852980719999998
maxpool_prior_7MDO4P.pt,224,152,152,3,2,5.779361039999999
maxpool_prior_AMIISP.pt,14,507,507,3,2,0.2632222600000001
maxpool_prior_3W5Q74.pt,112,493,493,3,2,4.39968652
maxpool_prior_YCP301.pt,28,231,231,2,2,0.34648892
maxpool_prior_FDY3F8.pt,224,136,136,3,2,5.131168159999999
maxpool_prior_TS47JJ.pt,224,136,136,2,2,3.6281856599999998
maxpool_prior_KCSFO4.pt,56,152,152,2,2,0.99696764
maxpool_prior_UYGE5Q.pt,56,839,839,2,2,1.6238515800000002
maxpool_prior_LVW3I5.pt,112,69,69,2,1,1.7045516600000001
maxpool_prior_DCT6XK.pt,28,149,149,2,2,0.33996656000000003
maxpool_prior_72C5UP.pt,14,49,49,3,2,0.09428646000000002
maxpool_prior_K73YMK.pt,28,506,506,2,2,1.03541116
maxpool_prior_KJK9DA.pt,112,239,239,3,2,2.2696542600000003
maxpool_prior_JYP6G7.pt,14,132,132,2,2,0.11102195999999999
maxpool_prior_TAY9JH.pt,224,233,233,3,2,8.584907800000002
maxpool_prior_3HC57I.pt,28,67,67,2,2,0.22550346
maxpool_prior_XF4NKR.pt,14,71,71,3,2,0.10424086
maxpool_prior_Z49TLE.pt,112,477,477,2,1,11.6372034
maxpool_prior_KF14YJ.pt,56,497,497,2,1,2.64469992
maxpool_prior_BV3KYW.pt,14,246,246,3,2,0.16498654000000004
maxpool_prior_D22MMV.pt,14,487,487,2,2,0.23788354
maxpool_prior_W39V19.pt,28,53,53,3,2,0.2658315600000001
maxpool_prior_GP06MD.pt,14,254,254,2,1,0.39481177999999995
maxpool_prior_AFO1OL.pt,112,249,249,3,2,2.2830771
maxpool_prior_X61W0M.pt,112,510,510,2,2,3.2353798199999995
maxpool_prior_9PXNVY.pt,14,836,836,2,1,1.17154568
maxpool_prior_X75BS3.pt,28,250,250,2,2,0.3663263600000001
maxpool_prior_YDX46J.pt,112,512,512,2,1,13.121298059999999
maxpool_prior_KOEKDU.pt,56,130,130,3,2,1.1450114800000002
maxpool_prior_NHQ9Z1.pt,14,50,50,3,2,0.10688235999999998
maxpool_prior_ZWQT2E.pt,28,32,32,2,2,0.11198332000000004
maxpool_prior_SHEWKG.pt,28,193,193,3,2,0.8031947399999999
maxpool_prior_412DUS.pt,14,247,247,3,2,0.19757144000000001
maxpool_prior_M8WAI5.pt,112,250,250,3,2,2.21534708
maxpool_prior_XGRGLV.pt,112,245,245,2,2,1.60662316
maxpool_prior_JWJLIS.pt,28,67,67,3,2,0.21886975999999997
maxpool_prior_FFT2NK.pt,28,56,56,3,2,0.16312933999999998
maxpool_prior_PE2JNT.pt,14,190,190,2,2,0.17092676
maxpool_prior_GHAB8Z.pt,56,194,194,3,2,1.27616904
maxpool_prior_GU3XSW.pt,28,40,40,2,2,0.11744767999999998
maxpool_prior_LNMH6M.pt,28,847,847,3,2,1.6440105599999995
maxpool_prior_1VP0EG.pt,112,845,845,3,2,7.408114600000004
maxpool_prior_IKMMZG.pt,112,511,511,2,2,3.125095179999999
maxpool_prior_0EJTL8.pt,14,503,503,2,1,0.8132316200000002
maxpool_prior_NQ7OBU.pt,56,140,140,3,2,1.2077008599999999
maxpool_prior_DQ7E86.pt,56,58,58,3,1,1.4834728199999998
maxpool_prior_OXKDXX.pt,14,129,129,2,2,0.10500593999999999
maxpool_prior_XNKBOM.pt,224,54,54,2,2,1.5214151799999995
maxpool_prior_F9SC3J.pt,14,201,201,3,2,0.14611668
maxpool_prior_DN67QD.pt,14,507,507,2,2,0.3062377399999999
maxpool_prior_PW4X07.pt,14,152,152,2,2,0.10644695999999998
maxpool_prior_YIUJRI.pt,224,509,509,2,2,14.229523860000004
maxpool_prior_9SLOMR.pt,14,235,235,2,2,0.02693842
maxpool_prior_RNO4G8.pt,14,255,255,2,2,0.18474355999999997
maxpool_prior_BZAMC7.pt,224,500,500,3,2,19.45138184
maxpool_prior_7QABXD.pt,112,59,59,2,1,1.3418055800000004
maxpool_prior_4KDTRE.pt,14,240,240,2,2,0.12877954
maxpool_prior_0C1TMW.pt,14,504,504,2,1,1.1160652200000003
maxpool_prior_9L83TZ.pt,14,256,256,2,2,0.12709611999999998
maxpool_prior_W4P276.pt,56,57,57,2,1,1.09426014
maxpool_prior_WUBC33.pt,56,496,496,2,2,1.4317026799999995
maxpool_prior_D3B0HW.pt,56,493,493,2,2,1.4660395400000001
maxpool_prior_ATYQA9.pt,28,362,362,3,2,1.1866930999999998
maxpool_prior_BKGU16.pt,28,243,243,3,2,0.85735648
maxpool_prior_BD6KFQ.pt,56,833,833,2,2,1.59205666
maxpool_prior_D9IBJ7.pt,112,240,240,2,1,5.065702380000002
maxpool_prior_IOX6RO.pt,28,82,82,3,1,1.00407808
maxpool_prior_9LDJEF.pt,14,192,192,2,2,0.11310528
maxpool_prior_2Z13W6.pt,112,142,142,3,2,1.5322575399999996
maxpool_prior_KN1S2S.pt,112,494,494,3,2,4.40893074
maxpool_prior_YPN2UH.pt,14,150,150,3,2,0.12203114000000001
maxpool_prior_YQ0AR0.pt,14,41,41,2,2,0.10550359999999999
maxpool_prior_T7J72V.pt,28,70,70,3,2,0.27169831999999994
maxpool_prior_KXKEK2.pt,112,54,54,3,2,1.0261857800000003
maxpool_prior_FR5OKT.pt,14,532,532,3,2,0.33327424000000005
maxpool_prior_JC0ZDK.pt,56,253,253,3,2,1.62080004
maxpool_prior_9CGMP0.pt,112,510,510,2,1,13.227145659999996
maxpool_prior_7BL6NA.pt,14,87,87,3,1,0.19908805999999996
maxpool_prior_85MTZ8.pt,224,247,247,2,2,6.2561984
maxpool_prior_TQWZ08.pt,112,59,59,2,2,1.39356504
maxpool_prior_63EVDD.pt,112,240,240,3,2,2.990481799999998
maxpool_prior_ID2AVX.pt,224,497,497,3,2,19.930816180000004
maxpool_prior_EX0QC0.pt,56,66,66,3,2,0.7097530599999997
maxpool_prior_D43GX2.pt,56,55,55,2,2,0.4230442
maxpool_prior_VDQXEI.pt,112,49,49,2,1,1.4034180799999996
maxpool_prior_6A3FOR.pt,56,500,500,3,2,1.4448339
maxpool_prior_OXUFUM.pt,14,139,139,3,2,0.11780036
maxpool_prior_KGREA0.pt,112,33,33,2,2,0.7231087399999996
maxpool_prior_ZKA62S.pt,224,489,489,3,2,18.803546539999996
maxpool_prior_AFK0OL.pt,14,250,250,3,2,0.15393181999999997
maxpool_prior_GDLVNW.pt,112,844,844,2,2,5.191961900000001
maxpool_prior_13BO3Q.pt,14,238,238,2,2,0.21053238000000005
maxpool_prior_424E71.pt,112,370,370,3,2,3.4768241400000006
maxpool_prior_7NIJA9.pt,112,193,193,3,2,1.88032614
maxpool_prior_EK9767.pt,224,71,71,3,2,3.022138020000001
maxpool_prior_6CCI0I.pt,112,180,180,3,2,1.7559272799999999
maxpool_prior_8Q5RVI.pt,14,53,53,3,2,0.09695356000000001
maxpool_prior_FGC0ST.pt,112,232,232,3,2,2.17276836
maxpool_prior_CF2OVP.pt,28,69,69,3,1,0.96925742
maxpool_prior_VN45ZG.pt,56,505,505,2,2,1.4053375600000004
maxpool_prior_AMN45H.pt,14,197,197,3,2,0.13851490000000002
maxpool_prior_BPREGW.pt,56,504,504,3,2,2.2913493599999994
maxpool_prior_1KM2E7.pt,28,93,93,2,2,0.046011880000000005
maxpool_prior_CG36QI.pt,112,504,504,3,2,4.625978200000001
maxpool_prior_FYF6FZ.pt,14,491,491,3,2,0.42746932
maxpool_prior_TR6APV.pt,28,519,519,3,2,1.13887608
maxpool_prior_OME086.pt,56,71,71,3,2,0.8559735400000003
maxpool_prior_JAU79L.pt,112,70,70,3,2,0.9901533799999999
maxpool_prior_6X609J.pt,14,494,494,2,2,0.25089545999999996
maxpool_prior_NHCIER.pt,28,63,63,2,2,0.12853073999999998
maxpool_prior_UPPTZ0.pt,14,54,54,3,1,0.173437
maxpool_prior_DJ3HK7.pt,112,143,143,3,2,1.9277499999999994
maxpool_prior_S9ECSC.pt,112,503,503,2,2,3.3379378799999997
maxpool_prior_Y6HNGO.pt,14,60,60,2,2,0.09504349999999998
maxpool_prior_FNIO3T.pt,28,135,135,2,2,0.2827227
maxpool_prior_2XLR8U.pt,28,231,231,3,2,0.5192808000000001
maxpool_prior_NH0OVU.pt,56,523,523,2,2,3.1284623799999998
maxpool_prior_6HRXR6.pt,56,144,144,2,2,1.2397482399999997
maxpool_prior_HM3WCZ.pt,28,237,237,2,1,1.3389928599999996
maxpool_prior_D45WAH.pt,14,244,244,3,1,0.5571795600000001
maxpool_prior_IKCU9B.pt,28,235,235,2,2,0.41269609999999995
maxpool_prior_OHUDV7.pt,112,74,74,3,2,1.0235223200000005
maxpool_prior_EQ4XXC.pt,14,64,64,3,2,0.10189542000000003
maxpool_prior_B8722C.pt,14,235,235,3,2,0.15597219999999998
maxpool_prior_GK4KAY.pt,56,73,73,2,1,1.1055929000000002
maxpool_prior_U5FB1F.pt,112,60,60,3,1,2.0862274199999993
maxpool_prior_1Q5QAE.pt,56,476,476,3,2,1.57275904
maxpool_prior_O2KDZS.pt,224,476,476,3,2,18.491647339999997
maxpool_prior_VT5ARN.pt,112,89,89,3,2,1.1140527
maxpool_prior_1YAOUS.pt,14,137,137,3,2,0.14535628000000003
maxpool_prior_E2WXCS.pt,112,489,489,2,2,2.9975221399999996
maxpool_prior_EI4EKJ.pt,56,65,65,3,2,0.7935253800000003
maxpool_prior_9QOJ1W.pt,14,128,128,3,2,0.11181047999999999
maxpool_prior_TBF4VV.pt,14,52,52,3,2,0.10387302000000002
maxpool_prior_3UI0YO.pt,112,152,152,3,2,1.4809014800000002
maxpool_prior_GQGZ9C.pt,56,491,491,2,2,1.5948875600000003
maxpool_prior_L2VZEW.pt,112,51,51,3,2,0.9216670799999997
maxpool_prior_7LMTFY.pt,28,242,242,2,2,0.3585838000000001
maxpool_prior_R0QWWF.pt,14,848,848,2,1,1.3437479
maxpool_prior_ZVPNL9.pt,112,235,235,2,2,1.5745782400000001
maxpool_prior_Z1HW51.pt,112,503,503,3,2,4.684432759999999
maxpool_prior_RU753H.pt,224,81,81,2,1,7.5367830399999995
maxpool_prior_I92XYM.pt,112,503,503,3,2,4.608684280000001
maxpool_prior_UKJ6YY.pt,28,492,492,2,2,0.8517501799999999
maxpool_prior_CVXU3E.pt,14,73,73,3,2,0.07597795999999998
maxpool_prior_CDGRDN.pt,14,75,75,3,2,0.10176797999999998
maxpool_prior_Y87ZW7.pt,112,91,91,3,2,1.5066430199999992
maxpool_prior_88UAIN.pt,28,469,469,2,1,1.4335872799999998
maxpool_prior_5GRUTB.pt,224,235,235,2,2,5.990934420000001
maxpool_prior_YHAPR6.pt,56,94,94,2,2,0.63182994
maxpool_prior_AHXEMK.pt,112,495,495,2,2,3.165365959999999
maxpool_prior_O92BFP.pt,56,137,137,2,1,1.4628152599999995
maxpool_prior_GDBBBA.pt,14,241,241,3,2,0.038602439999999995
maxpool_prior_F3CR9D.pt,14,237,237,2,2,0.12358496000000001
maxpool_prior_VE2EUV.pt,112,54,54,3,2,0.89902968
maxpool_prior_SF620P.pt,14,139,139,3,2,0.11669672
maxpool_prior_GBH2FW.pt,112,143,143,3,2,1.8083744399999995
maxpool_prior_A2CJAF.pt,56,69,69,2,2,0.5161963
maxpool_prior_1PRVFZ.pt,112,134,134,3,2,1.5733302799999997
maxpool_prior_UUQBDM.pt,14,492,492,3,1,1.1607599199999996
maxpool_prior_R72RAN.pt,14,70,70,3,2,0.11422851999999999
maxpool_prior_WZ71IL.pt,56,1044,1044,3,2,2.4158502
maxpool_prior_X0MANX.pt,112,481,481,2,2,3.0311568600000003
maxpool_prior_08272N.pt,14,72,72,2,2,0.09175138
maxpool_prior_0HTUGR.pt,56,508,508,3,2,1.5931331800000001
maxpool_prior_TWP1TG.pt,28,54,54,2,2,0.1283755
maxpool_prior_9RT1XZ.pt,56,844,844,3,2,2.4536837199999995
maxpool_prior_IZ4VHE.pt,14,131,131,2,2,0.10427844000000003
maxpool_prior_XTVQPE.pt,14,497,497,2,2,0.19324258000000005
maxpool_prior_WFK2VH.pt,14,494,494,3,2,0.36904482000000016
maxpool_prior_8ER3D8.pt,112,499,499,3,2,4.78051644
maxpool_prior_R604UT.pt,112,230,230,3,1,7.581761439999999
maxpool_prior_AJIBYW.pt,112,233,233,2,2,1.5853219199999997
maxpool_prior_X4CWJP.pt,14,145,145,3,1,0.3767630599999998
maxpool_prior_806NNO.pt,28,492,492,2,2,0.8833818
maxpool_prior_U4OZES.pt,112,237,237,3,2,2.1362921399999992
maxpool_prior_JH553M.pt,112,71,71,2,2,1.0081497800000003
maxpool_prior_WZJHS5.pt,14,244,244,2,2,0.12860166
maxpool_prior_PROKAQ.pt,14,367,367,2,2,0.21016531999999993
maxpool_prior_ZF0RPC.pt,56,360,360,3,2,1.3655330999999997
maxpool_prior_LDRDMW.pt,56,503,503,3,2,1.7435911400000004
maxpool_prior_XOF9AH.pt,14,84,84,2,2,0.12274214000000003
maxpool_prior_YRXP1O.pt,28,494,494,3,2,1.2313449600000004
maxpool_prior_7JER96.pt,28,492,492,3,2,1.3256226400000002
maxpool_prior_7PD3L1.pt,56,835,835,2,2,1.50512422
maxpool_prior_3D2S1G.pt,112,233,233,2,2,1.7841306800000003
maxpool_prior_KN1DUW.pt,14,502,502,3,2,0.32205458
maxpool_prior_W8EAXB.pt,14,495,495,2,2,0.2369904
maxpool_prior_C7GML2.pt,28,77,77,2,2,0.13956146
maxpool_prior_E5GU6B.pt,14,498,498,2,2,0.28057457999999996
maxpool_prior_YRWL4I.pt,14,135,135,3,2,0.16439510000000002
maxpool_prior_PLBYRJ.pt,14,489,489,2,2,0.24085278000000007
maxpool_prior_EPXDOJ.pt,14,46,46,3,2,0.08976450000000001
maxpool_prior_79YE12.pt,14,838,838,2,1,1.21231344
maxpool_prior_CM9NYT.pt,56,499,499,3,2,1.56803954
maxpool_prior_ZJMVHF.pt,14,201,201,3,2,0.14035002
maxpool_prior_4NVYNB.pt,14,839,839,3,2,0.5787852799999998
maxpool_prior_SPYLAA.pt,112,511,511,3,2,4.50322318
maxpool_prior_2OI2D4.pt,28,511,511,2,1,1.5136880400000003
maxpool_prior_BNCXVD.pt,112,535,535,3,1,19.331586
maxpool_prior_52VFBR.pt,56,512,512,3,2,1.7396272000000008
maxpool_prior_WAZFG4.pt,14,507,507,2,2,0.22818959999999996
maxpool_prior_3G3JQZ.pt,14,60,60,2,2,0.016269540000000002
maxpool_prior_LVLZ8C.pt,56,181,181,3,2,1.1842139600000003
maxpool_prior_3U9DEG.pt,14,52,52,2,2,0.08923061999999997
maxpool_prior_TWIJCT.pt,112,146,146,2,2,1.2585481600000001
maxpool_prior_2B6SIB.pt,112,534,534,2,2,3.3570035399999996
maxpool_prior_9YL2FO.pt,224,511,511,3,2,19.6286171
maxpool_prior_G06RJ6.pt,112,492,492,2,2,3.6820230000000005
maxpool_prior_1J6W1C.pt,28,511,511,2,1,2.30951576
maxpool_prior_SW6C1S.pt,28,70,70,3,2,0.17815331999999998
maxpool_prior_EEM6UX.pt,56,235,235,3,1,1.9311268199999996
maxpool_prior_QV3O6R.pt,14,504,504,2,2,0.27393708000000005
maxpool_prior_15NHSL.pt,224,504,504,3,2,19.542619719999994
maxpool_prior_MBIUO5.pt,224,509,509,2,1,55.12172168000001
maxpool_prior_ZUDLQ5.pt,28,499,499,3,2,1.2651988399999998
maxpool_prior_PR7QOB.pt,56,485,485,2,2,1.6080295000000004
maxpool_prior_WPVH1E.pt,14,838,838,3,2,0.7734090399999998
maxpool_prior_PGF3Z8.pt,28,240,240,2,1,1.31776508
maxpool_prior_F4XXK7.pt,28,141,141,2,2,0.20466762000000002
maxpool_prior_HG9N3A.pt,28,200,200,2,2,0.33187818
maxpool_prior_X827EY.pt,28,135,135,2,2,0.20805078
maxpool_prior_TZEFGN.pt,112,506,506,3,2,4.87463764
maxpool_prior_KQMCO1.pt,112,38,38,3,2,0.9705629599999998
maxpool_prior_CIO25P.pt,28,52,52,3,1,0.48342927999999985
maxpool_prior_PITS8V.pt,112,507,507,3,2,4.65895362
maxpool_prior_B3ZQWC.pt,56,86,86,3,2,0.9721353200000001
maxpool_prior_AXMHFD.pt,28,527,527,3,2,1.2822461
maxpool_prior_LNNN1I.pt,56,134,134,2,2,0.92265692
maxpool_prior_885MPL.pt,14,492,492,2,2,0.18490811999999995
maxpool_prior_7SO6NX.pt,56,488,488,3,2,1.8878016199999996
maxpool_prior_OKTLU2.pt,14,251,251,2,1,0.3674301200000001
maxpool_prior_U6MBFR.pt,112,846,846,3,2,7.6212819000000005
maxpool_prior_C1ZWG1.pt,28,235,235,3,2,0.5818191199999999
maxpool_prior_CHSCGA.pt,28,55,55,3,2,0.15462944
maxpool_prior_SB6DZG.pt,56,500,500,2,2,1.73639804
maxpool_prior_ZP7U4U.pt,28,182,182,2,1,1.0387013599999997
maxpool_prior_5PGVQL.pt,28,66,66,2,2,0.15189031999999997
maxpool_prior_MB96EB.pt,14,183,183,2,2,0.11498670000000001
maxpool_prior_1FUILF.pt,56,496,496,3,2,1.8378400999999998
maxpool_prior_ZDMTU0.pt,112,136,136,2,2,1.1764284200000001
maxpool_prior_JYN54Q.pt,28,495,495,2,2,0.7884493599999999
maxpool_prior_4CRF1G.pt,28,201,201,2,2,0.40994892000000005
maxpool_prior_QBYNHQ.pt,14,505,505,2,2,0.18959990000000004
maxpool_prior_RXGI8I.pt,28,491,491,3,2,1.0399094199999999
maxpool_prior_R5FHCT.pt,14,505,505,2,2,0.26813693999999993
maxpool_prior_JA390O.pt,224,1030,1030,3,2,42.51213617999999
maxpool_prior_PHKP0A.pt,112,70,70,2,2,0.9677688799999999
maxpool_prior_0DO21K.pt,112,829,829,3,2,7.419974200000002
maxpool_prior_7I5L4F.pt,112,249,249,3,1,8.01358764
maxpool_prior_5NNDIC.pt,112,54,54,2,2,0.9805965000000002
maxpool_prior_6C57X3.pt,56,844,844,3,2,1.9653770199999994
maxpool_prior_FQLLH5.pt,14,237,237,2,2,0.025242540000000004
maxpool_prior_U1JDKH.pt,56,366,366,2,2,1.4031347399999994
maxpool_prior_GZC60F.pt,14,152,152,3,2,0.12228705999999999
maxpool_prior_QJ02MX.pt,112,367,367,2,2,2.2060247199999994
maxpool_prior_ODAD8X.pt,112,493,493,2,2,3.1154373399999997
maxpool_prior_6JH2BR.pt,112,832,832,3,2,7.555313640000001
maxpool_prior_MH13WL.pt,28,504,504,3,2,1.3507544800000002
maxpool_prior_EEMFPZ.pt,14,468,468,3,1,1.1663919
maxpool_prior_24WRV3.pt,112,42,42,3,1,1.5333512799999993
maxpool_prior_1XEDFY.pt,112,70,70,3,2,1.1927071399999996
maxpool_prior_4RRYSP.pt,14,196,196,2,2,0.11959785999999997
maxpool_prior_WEU2DA.pt,112,1034,1034,3,2,9.125969859999996
maxpool_prior_W6O8R2.pt,112,382,382,2,2,2.5076792400000003
maxpool_prior_ZWCPQ9.pt,112,201,201,3,1,6.59724128
maxpool_prior_OQXRIR.pt,14,64,64,3,2,0.09442509999999998
maxpool_prior_C2KSHQ.pt,14,30,30,2,2,0.08341129999999998
maxpool_prior_VGH7BX.pt,56,53,53,3,2,0.7103873600000001
maxpool_prior_SHSDFI.pt,112,502,502,2,2,3.100151860000001
maxpool_prior_6OFFXN.pt,14,253,253,2,2,0.15140414
maxpool_prior_DLL2AG.pt,28,831,831,3,2,1.81312552
maxpool_prior_ZRG6JW.pt,14,68,68,2,2,0.09092278000000001
maxpool_prior_HDDOGE.pt,112,380,380,2,2,2.5846496799999996
maxpool_prior_O6DYA7.pt,112,479,479,3,2,4.43093908
maxpool_prior_MV0TJ3.pt,112,490,490,2,2,2.978497019999998
maxpool_prior_6QMKHL.pt,112,50,50,3,2,0.9525197400000001
maxpool_prior_983TIF.pt,56,62,62,3,2,0.73215994
maxpool_prior_H7VXCI.pt,28,494,494,2,2,1.15575956
maxpool_prior_VIIQ5S.pt,112,497,497,2,2,3.336073899999999
maxpool_prior_EVQ5LV.pt,112,538,538,2,1,13.154193779999998
maxpool_prior_TISH87.pt,112,129,129,3,2,1.37270882
maxpool_prior_N8Z8LF.pt,28,504,504,3,2,0.9966364000000002
maxpool_prior_Y7G3AD.pt,14,180,180,2,2,0.14232580000000003
maxpool_prior_QLEDEF.pt,224,63,63,2,1,5.283262980000001
maxpool_prior_BNETFM.pt,112,240,240,3,2,2.2845798800000003
maxpool_prior_J912KK.pt,56,511,511,3,2,2.6384633399999995
maxpool_prior_FMZVR3.pt,28,66,66,2,2,0.15004948
maxpool_prior_VKS8FE.pt,56,73,73,2,2,0.5743535
maxpool_prior_SEXIPC.pt,56,76,76,3,2,0.7789676599999998
maxpool_prior_7NAYAP.pt,56,127,127,2,2,0.9483919399999996
maxpool_prior_OAT1P6.pt,112,496,496,2,2,3.0459986800000007
maxpool_prior_7PFX69.pt,14,511,511,3,2,0.37507650000000003
maxpool_prior_57HX78.pt,112,24,24,3,2,0.7860780399999999
maxpool_prior_1D45Q0.pt,28,832,832,3,2,1.7377848400000002
maxpool_prior_Y4IPVK.pt,28,239,239,2,2,0.3462508799999999
maxpool_prior_QJSIP8.pt,28,52,52,2,1,0.39329103999999987
maxpool_prior_Y8FO0E.pt,28,484,484,2,2,0.9172756600000003
maxpool_prior_EGQC2F.pt,112,379,379,3,1,13.34154716
maxpool_prior_Y7RHTI.pt,28,140,140,2,1,0.8538150400000002
maxpool_prior_QGD2RM.pt,112,73,73,3,2,1.2035421599999998
maxpool_prior_4G988Y.pt,14,512,512,2,2,0.29478348000000004
maxpool_prior_JJU6WO.pt,56,134,134,2,2,0.47223496000000004
maxpool_prior_5S1IL1.pt,28,489,489,2,2,1.2944343799999998
maxpool_prior_TDAT2K.pt,28,142,142,2,2,0.36989629999999996
maxpool_prior_JZ22MQ.pt,28,56,56,3,2,0.15755506
maxpool_prior_L9EAK1.pt,112,136,136,2,2,1.68796448
maxpool_prior_SU6822.pt,14,133,133,2,2,0.16016497999999998
maxpool_prior_Z2DKWW.pt,112,250,250,2,2,1.8356670399999993
maxpool_prior_I1275Q.pt,56,53,53,2,2,0.512318
maxpool_prior_WF34J5.pt,14,59,59,2,2,0.08841937999999999
maxpool_prior_VNMXES.pt,14,71,71,2,2,0.09317433999999998
maxpool_prior_CV6USG.pt,14,492,492,3,2,0.40732964000000005
maxpool_prior_J3AU5W.pt,112,245,245,2,2,1.6112276399999998
maxpool_prior_7T77WC.pt,112,472,472,2,2,2.9651325400000004
maxpool_prior_X9U4OJ.pt,112,81,81,2,2,1.0021961400000001
maxpool_prior_PA68ZO.pt,112,377,377,2,1,9.534396880000001
maxpool_prior_PU7UAV.pt,112,242,242,3,2,2.3861542599999996
maxpool_prior_2E71XQ.pt,112,505,505,2,2,3.2472131399999995
maxpool_prior_G2M58U.pt,112,251,251,2,1,5.219105200000001
maxpool_prior_BRFVRT.pt,56,511,511,2,2,1.54040326
maxpool_prior_L7T41N.pt,28,508,508,2,2,0.9956987800000001
maxpool_prior_4VJ16S.pt,28,254,254,3,2,0.8369837200000001
maxpool_prior_KP4AEX.pt,112,70,70,3,2,1.1539889199999998
maxpool_prior_FOH0Z6.pt,14,499,499,3,1,1.27737938
maxpool_prior_UOBC89.pt,112,53,53,2,2,0.9066299400000001
maxpool_prior_1TU0NB.pt,14,26,26,3,2,0.08564179999999999
maxpool_prior_UUJK17.pt,56,180,180,3,2,1.1297145
maxpool_prior_P9J1Z0.pt,56,237,237,3,2,1.4867674799999997
maxpool_prior_BO9V4D.pt,56,837,837,2,2,1.62015758
maxpool_prior_5LM3WT.pt,112,231,231,3,1,7.493997
maxpool_prior_L4YH2Z.pt,56,506,506,3,2,1.7954592200000001
maxpool_prior_2Y7WCI.pt,56,94,94,2,2,0.75168098
maxpool_prior_PI00Z4.pt,28,489,489,3,2,1.2855346799999998
maxpool_prior_B2674M.pt,56,197,197,2,1,1.1563436600000003
maxpool_prior_07DAQS.pt,14,231,231,3,2,0.15570204
maxpool_prior_LWQ6YY.pt,224,64,64,3,2,2.4023127599999996
maxpool_prior_I8KSXT.pt,14,475,475,3,2,0.42076783999999995
maxpool_prior_H8QDEU.pt,28,496,496,2,2,1.1661050000000002
maxpool_prior_9G0KMG.pt,112,249,249,3,2,2.35225332
maxpool_prior_P5H77O.pt,224,513,513,3,2,20.22254868
maxpool_prior_BXQX7C.pt,112,495,495,2,2,3.021491
maxpool_prior_DTZOJA.pt,28,232,232,2,2,0.3830626000000001
maxpool_prior_0QLKQR.pt,28,500,500,3,2,1.6765765199999996
maxpool_prior_9TRAXW.pt,14,142,142,3,2,0.14775502000000004
maxpool_prior_V4CJGY.pt,14,511,511,2,2,0.18823196
maxpool_prior_OS3P86.pt,28,189,189,3,2,0.60777526
maxpool_prior_UG4YMO.pt,56,201,201,3,2,0.9893072800000003
maxpool_prior_A68HCA.pt,56,68,68,2,2,0.6859531400000001
maxpool_prior_O2WNIL.pt,14,133,133,2,2,0.10651940000000001
maxpool_prior_416SVN.pt,112,501,501,3,2,4.5275764
maxpool_prior_V3PFJR.pt,14,51,51,2,2,0.09704195999999995
maxpool_prior_RIOHMT.pt,112,55,55,2,1,2.16961918
maxpool_prior_0D7T5L.pt,56,827,827,2,2,1.9104408800000008
maxpool_prior_E50VQP.pt,56,492,492,2,2,1.2942147599999998
maxpool_prior_FG6DJJ.pt,14,463,463,2,2,0.2029551599999999
maxpool_prior_XG7DZG.pt,112,840,840,3,2,7.607838839999999
maxpool_prior_H62YRU.pt,224,508,508,2,2,14.044961979999998
maxpool_prior_HAM4Q6.pt,28,69,69,3,2,0.31444768
maxpool_prior_CN5FBA.pt,14,64,64,3,1,0.15142722
maxpool_prior_QMJ3MS.pt,14,478,478,3,2,0.4175671000000001
maxpool_prior_A00OS3.pt,112,202,202,3,2,1.9435605
maxpool_prior_46YFEI.pt,112,238,238,2,1,5.018108080000001
maxpool_prior_M8VTI5.pt,14,78,78,3,2,0.10284499999999999
maxpool_prior_D1AK3X.pt,56,143,143,2,2,0.9236464200000002
maxpool_prior_J8R44O.pt,14,50,50,2,1,0.12867071999999996
maxpool_prior_JF6C55.pt,28,825,825,2,2,1.5294520600000001
maxpool_prior_UVLLML.pt,14,826,826,2,2,0.4056269399999999
maxpool_prior_5HVE1T.pt,112,74,74,2,2,1.26263266
maxpool_prior_9P3XLH.pt,56,510,510,3,2,1.5372746399999997
maxpool_prior_O4TADJ.pt,14,245,245,2,2,0.12928544000000003
maxpool_prior_72APVN.pt,56,138,138,2,2,0.9055623400000008
maxpool_prior_QGU1IU.pt,14,72,72,3,2,0.10391581999999999
maxpool_prior_F7AOHQ.pt,112,498,498,2,2,3.397047800000001
maxpool_prior_PRKPGX.pt,112,254,254,2,2,2.1210585
maxpool_prior_ODRBTQ.pt,14,241,241,2,2,0.18544859999999996
maxpool_prior_VHCKLM.pt,56,57,57,2,2,0.3631854199999999
maxpool_prior_PJUJ1N.pt,56,180,180,2,2,1.1269480000000003
maxpool_prior_CK8P0H.pt,112,367,367,2,1,9.381548579999997
maxpool_prior_V8905D.pt,56,192,192,3,2,1.5048809399999996
maxpool_prior_DFQ1IL.pt,112,496,496,2,2,3.2829532399999994
maxpool_prior_DFWHDD.pt,14,54,54,2,2,0.11221717999999999
maxpool_prior_HPI4BK.pt,14,504,504,2,2,0.19154604000000003
maxpool_prior_DJ83Q6.pt,112,511,511,2,2,3.1019788399999997
maxpool_prior_136HGI.pt,56,100,100,2,1,1.13439748
maxpool_prior_02PCKA.pt,112,136,136,3,1,4.48875556
maxpool_prior_2E0UN9.pt,14,246,246,2,2,0.19300928000000003
maxpool_prior_RTOJDS.pt,224,464,464,3,2,18.001355759999996
maxpool_prior_4IAW8A.pt,14,233,233,2,1,0.44474929999999996
maxpool_prior_YL8ZF3.pt,14,55,55,2,2,0.09016201999999997
maxpool_prior_BRDSCN.pt,112,66,66,2,2,1.0093501599999999
maxpool_prior_L4AJAI.pt,112,230,230,3,2,2.1668898199999997
maxpool_prior_T9DIHG.pt,112,138,138,3,2,1.6018057599999997
maxpool_prior_ATDLDO.pt,112,186,186,3,2,2.0365640799999998
maxpool_prior_CUUNIT.pt,14,499,499,2,2,0.28138786000000005
maxpool_prior_VUTP3J.pt,56,513,513,3,2,1.50414922
maxpool_prior_4HFEEL.pt,112,1044,1044,3,2,9.534109460000003
maxpool_prior_M41V89.pt,112,54,54,3,2,1.0366407399999995
maxpool_prior_0DRS7D.pt,224,245,245,2,1,25.672225980000004
maxpool_prior_TH47S4.pt,112,68,68,3,1,2.4465589800000003
maxpool_prior_3NTN9B.pt,14,203,203,2,1,0.30477826
maxpool_prior_SJE9MV.pt,14,252,252,3,2,0.20097277999999996
maxpool_prior_ZSIYNX.pt,112,253,253,2,2,1.8592398599999997
maxpool_prior_Y05LSB.pt,112,494,494,2,2,3.30534814
maxpool_prior_SASRF9.pt,28,255,255,3,2,0.66338692
maxpool_prior_JQ5DWG.pt,28,59,59,2,2,0.12356779999999999
maxpool_prior_KTFQAO.pt,14,195,195,3,2,0.24641202000000006
maxpool_prior_0CB7C0.pt,28,67,67,3,1,0.7909006000000002
maxpool_prior_RVSN2O.pt,112,54,54,2,2,1.0612063599999995
maxpool_prior_YLC5H2.pt,112,141,141,2,1,3.087316999999999
maxpool_prior_EOAUIC.pt,112,55,55,2,2,1.0010546599999999
maxpool_prior_V38KJ4.pt,224,512,512,2,2,14.429707119999998
maxpool_prior_UGFTJ3.pt,112,492,492,2,1,12.979864480000002
maxpool_prior_NOEAH7.pt,112,508,508,2,1,13.531055859999999
maxpool_prior_RI2W4A.pt,112,59,59,2,2,1.2001610000000003
maxpool_prior_UM0RCM.pt,28,62,62,2,2,0.12281389999999998
maxpool_prior_PD88LQ.pt,28,136,136,3,2,0.3319868000000001
maxpool_prior_KC4ZMW.pt,14,246,246,3,2,0.15510034
maxpool_prior_7I7TKS.pt,28,498,498,3,2,1.2294333000000002
maxpool_prior_LE4TVM.pt,56,481,481,3,2,1.45066852
maxpool_prior_76KEIX.pt,28,472,472,3,1,1.6352797399999992
maxpool_prior_RJXVOW.pt,28,94,94,2,2,0.17935319999999996
maxpool_prior_O2FBS0.pt,56,511,511,2,2,1.9727239799999998
maxpool_prior_AET86F.pt,14,52,52,2,1,0.13019974
maxpool_prior_6G80M4.pt,112,55,55,2,2,1.1632171000000002
maxpool_prior_IENG06.pt,14,470,470,3,1,1.13557768
maxpool_prior_1V3LOS.pt,14,54,54,3,2,0.09610411999999999
maxpool_prior_5FO181.pt,14,826,826,2,2,0.6324849
maxpool_prior_0R8LNW.pt,28,248,248,3,2,0.8730938399999999
maxpool_prior_AP2M2M.pt,224,846,846,2,2,25.045542739999995
maxpool_prior_QW90CL.pt,14,200,200,2,2,0.16787653999999996
maxpool_prior_MD08XL.pt,14,237,237,2,2,0.1334639
maxpool_prior_2HSPR8.pt,112,518,518,2,2,3.11499282
maxpool_prior_PPEKHF.pt,56,74,74,3,2,1.0649476999999998
maxpool_prior_E6KDFD.pt,224,502,502,2,2,14.264243059999997
maxpool_prior_7NW3TB.pt,56,502,502,2,2,1.13247874
maxpool_prior_EXEC17.pt,224,509,509,2,2,14.532267560000001
maxpool_prior_08OXDB.pt,14,498,498,3,2,0.43347714000000004
maxpool_prior_XEMRP9.pt,112,492,492,2,2,3.015116379999999
maxpool_prior_YV5AD3.pt,224,255,255,3,2,9.11721538
maxpool_prior_6PMVAJ.pt,28,513,513,3,2,1.0812118400000001
maxpool_prior_PUTCSS.pt,112,48,48,2,2,1.3355610199999999
maxpool_prior_7N7KGQ.pt,28,52,52,3,2,0.15374616000000002
maxpool_prior_RYJSG0.pt,14,501,501,2,1,1.0276200199999999
maxpool_prior_KRPWF5.pt,28,140,140,2,2,0.21875664000000003
maxpool_prior_L43WBM.pt,14,495,495,2,1,1.04447034
maxpool_prior_IJJKFR.pt,112,488,488,2,1,9.98151906
maxpool_prior_BXRSJZ.pt,14,483,483,3,2,0.3621244199999999
maxpool_prior_XNY43P.pt,56,142,142,2,2,1.2740674199999997
maxpool_prior_DTDR0D.pt,56,141,141,3,2,1.2278524200000005
maxpool_prior_ZINUCV.pt,14,504,504,2,2,0.18892472000000005
maxpool_prior_J79FVB.pt,112,84,84,2,2,1.1580907399999996
maxpool_prior_92XU66.pt,56,187,187,3,2,0.8722657400000001
maxpool_prior_FSI01D.pt,14,46,46,2,2,0.08817578
maxpool_prior_BP1NHP.pt,28,497,497,3,2,1.2719803800000002
maxpool_prior_K3ZXB8.pt,14,493,493,2,1,0.9196961399999999
maxpool_prior_XN3Z6J.pt,224,506,506,3,2,20.24503538
maxpool_prior_HR51XR.pt,56,98,98,2,2,0.7259525399999996
maxpool_prior_KK9IJH.pt,112,250,250,3,2,2.5778568600000007
maxpool_prior_5T1BAJ.pt,14,497,497,3,2,0.39043676000000005
maxpool_prior_WI6ZNY.pt,14,135,135,3,1,0.26716646
maxpool_prior_4IPMG2.pt,112,91,91,2,2,1.29600694
maxpool_prior_QH1KCU.pt,224,509,509,3,2,19.364428899999997
maxpool_prior_75AU1R.pt,14,238,238,2,1,0.32619958000000004
maxpool_prior_ORWKEV.pt,28,493,493,3,1,2.2666392999999996
maxpool_prior_F3HU5Y.pt,14,507,507,2,2,0.2296734599999999
maxpool_prior_53LKHH.pt,56,50,50,3,2,0.56680356
maxpool_prior_GFO0V6.pt,28,247,247,2,2,0.5947861800000002
maxpool_prior_ILC54K.pt,112,253,253,2,1,5.1974589600000005
maxpool_prior_HQV503.pt,28,829,829,3,1,1.9535752799999997
maxpool_prior_DTTWHH.pt,28,826,826,3,1,2.06750296
maxpool_prior_4G2JGN.pt,56,140,140,3,2,1.21425614
maxpool_prior_MYAZGS.pt,56,128,128,3,2,1.2197320999999999
maxpool_prior_Z3KJ20.pt,14,63,63,2,2,0.10099572000000004
maxpool_prior_KMAFJJ.pt,112,75,75,3,2,1.0070333000000002
maxpool_prior_3LSDTN.pt,14,183,183,3,2,0.13740849999999996
maxpool_prior_U2R17W.pt,224,131,131,2,1,13.769875039999999
maxpool_prior_FHVWKX.pt,56,362,362,2,2,1.6329963
maxpool_prior_D1MGU1.pt,112,50,50,2,1,1.4241482000000003
maxpool_prior_E0UQVY.pt,14,501,501,2,2,0.26098940000000004
maxpool_prior_BHLGUP.pt,112,255,255,2,2,1.9117874999999998
maxpool_prior_A9THWL.pt,56,188,188,3,2,1.3073382599999996
maxpool_prior_TMQYLD.pt,14,497,497,2,1,1.12493812
maxpool_prior_V3675Y.pt,112,150,150,3,2,1.6056441399999999
maxpool_prior_F2MM0S.pt,28,199,199,3,2,0.596817
maxpool_prior_WQ4Q41.pt,112,50,50,3,2,1.025506
maxpool_prior_XLTRUT.pt,14,503,503,3,2,0.37232868
maxpool_prior_DNRMWK.pt,224,191,191,2,1,20.510415519999995
maxpool_prior_BGDTP5.pt,112,847,847,3,2,7.722077
maxpool_prior_PP6IV8.pt,56,245,245,3,2,1.1414353600000002
maxpool_prior_VKP91I.pt,112,53,53,2,2,0.89409202
maxpool_prior_SIPNRN.pt,224,506,506,2,1,53.21985905999999
maxpool_prior_1ZIR3K.pt,112,837,837,3,2,7.376172379999998
maxpool_prior_E092H5.pt,14,512,512,2,2,0.24352123999999997
maxpool_prior_KKX78I.pt,56,31,31,2,1,0.89208676
maxpool_prior_J8B2VL.pt,14,491,491,2,2,0.30002937999999996
maxpool_prior_OD0QH2.pt,28,490,490,3,2,1.19600396
maxpool_prior_88WH3Y.pt,112,474,474,3,2,4.37400788
maxpool_prior_60Q7VB.pt,112,501,501,2,1,12.587796619999999
maxpool_prior_3UJPEZ.pt,14,55,55,3,1,0.14962028
maxpool_prior_ZSPDST.pt,112,133,133,2,2,1.2823787399999997
maxpool_prior_3M8F7V.pt,14,70,70,2,2,0.0919739
maxpool_prior_13V9TV.pt,28,496,496,2,2,0.1893377599999999
maxpool_prior_BKQXFR.pt,28,60,60,3,2,0.16389636
maxpool_prior_Q2967V.pt,14,255,255,3,2,0.16420518
maxpool_prior_40NTDZ.pt,14,238,238,2,2,0.13725472
maxpool_prior_0SEYR2.pt,112,499,499,2,2,3.98989192
maxpool_prior_K3DOMT.pt,14,235,235,2,2,0.12113891999999997
maxpool_prior_G9NP4J.pt,14,255,255,2,2,0.19749096000000005
maxpool_prior_JTRFRG.pt,28,62,62,3,2,0.20328716
maxpool_prior_8JJTT8.pt,112,185,185,2,2,1.51623924
maxpool_prior_M839JX.pt,112,365,365,3,1,12.947586200000003
maxpool_prior_0YNI4K.pt,112,83,83,2,2,1.14414992
maxpool_prior_PMAAXP.pt,112,512,512,3,1,19.149611680000003
maxpool_prior_A9RTHB.pt,224,495,495,3,1,72.40181575999998
maxpool_prior_QDZGH7.pt,112,489,489,2,2,3.0420991400000004
maxpool_prior_2CSYBM.pt,112,71,71,2,2,1.1344669400000003
maxpool_prior_C5X7GQ.pt,28,66,66,2,2,0.14016188000000002
maxpool_prior_TZW28G.pt,224,56,56,2,2,1.5596706200000006
maxpool_prior_JIS48O.pt,112,501,501,3,2,4.53774984
maxpool_prior_MW88WA.pt,112,495,495,2,2,3.0303390000000014
maxpool_prior_H6UTRF.pt,112,74,74,3,2,1.1611888200000002
maxpool_prior_7FV5ZR.pt,56,54,54,3,2,0.6666225800000001
maxpool_prior_JSCPO0.pt,28,243,243,3,1,1.2192204
maxpool_prior_9MVIBS.pt,56,240,240,3,2,1.3530698800000005
maxpool_prior_9VHWIU.pt,56,57,57,3,2,0.59887388
maxpool_prior_IA4EH6.pt,112,507,507,2,2,3.2490985
maxpool_prior_1AO90E.pt,14,511,511,3,2,0.33707098
maxpool_prior_P8KZT9.pt,224,525,525,3,2,20.573405899999994
maxpool_prior_JMWL6L.pt,14,152,152,2,1,0.2559398
maxpool_prior_A2EXQ4.pt,28,131,131,3,2,0.4118263999999999
maxpool_prior_WIG3A3.pt,14,491,491,3,2,0.3549365199999999
maxpool_prior_TQQFU0.pt,14,30,30,2,2,0.08885681999999998
maxpool_prior_U99EQ4.pt,112,71,71,3,2,1.1851981800000002
maxpool_prior_LKDUJL.pt,224,198,198,2,1,22.237508519999995
maxpool_prior_P35PKF.pt,112,60,60,3,2,1.4080247000000004
maxpool_prior_0BN65Q.pt,112,841,841,2,2,5.065958939999998
maxpool_prior_S6AJCQ.pt,56,200,200,3,2,1.21638906
maxpool_prior_ZISI76.pt,14,497,497,2,1,1.0547377200000003
maxpool_prior_7QJCQT.pt,224,196,196,3,2,7.457914339999998
maxpool_prior_Y0AV18.pt,14,487,487,2,1,0.7269885400000001
maxpool_prior_1EVK6O.pt,56,246,246,3,2,1.5127270600000002
maxpool_prior_7SRNWT.pt,112,58,58,2,2,1.0841553000000004
maxpool_prior_B2ZTF5.pt,14,246,246,3,2,0.18188148
maxpool_prior_IMT8GC.pt,28,52,52,2,2,0.13256732000000004
maxpool_prior_44H3U9.pt,56,70,70,3,2,0.8187484200000001
maxpool_prior_IPAJPR.pt,112,138,138,3,2,1.4796215000000001
maxpool_prior_OLQK0A.pt,14,73,73,3,2,0.10079252000000004
maxpool_prior_NWEUDS.pt,28,55,55,3,2,0.14656064000000002
maxpool_prior_KUU5DT.pt,112,31,31,2,2,0.80838594
maxpool_prior_T1SSCN.pt,14,50,50,3,2,0.09045232
maxpool_prior_0RRALA.pt,112,500,500,3,2,4.538277460000001
maxpool_prior_HCJJKP.pt,14,61,61,2,2,0.01691076
maxpool_prior_L37FMX.pt,112,846,846,3,1,30.832044159999995
maxpool_prior_6534H1.pt,56,150,150,2,2,1.0641104999999995
maxpool_prior_ALITWZ.pt,112,73,73,2,1,1.69064244
maxpool_prior_KFJNAZ.pt,112,472,472,3,1,16.47913991999999
maxpool_prior_RFOEWC.pt,112,57,57,2,2,1.2516742800000003
maxpool_prior_5XR2DM.pt,56,71,71,3,1,1.02325858
maxpool_prior_DRW4Z8.pt,28,489,489,2,2,0.8424637599999998
maxpool_prior_2QFOK2.pt,14,51,51,2,2,0.08474803999999998
maxpool_prior_ZRL6QZ.pt,112,130,130,2,2,1.0800818800000003
maxpool_prior_Q56AII.pt,112,498,498,3,1,17.419833000000004
maxpool_prior_6X5248.pt,56,492,492,2,2,2.809286460000001
maxpool_prior_LDCRR9.pt,56,1044,1044,3,1,8.295294739999997
maxpool_prior_XV6RN5.pt,112,253,253,2,2,1.8148852399999997
maxpool_prior_PIQVEA.pt,56,93,93,2,2,0.74091024
maxpool_prior_02H45G.pt,112,201,201,3,2,2.0160454799999994
maxpool_prior_ST069M.pt,112,60,60,3,2,1.1637435399999994
maxpool_prior_VWOF4J.pt,112,507,507,2,2,3.16258862
maxpool_prior_EAHJOO.pt,56,1043,1043,3,2,2.4900193200000005
maxpool_prior_LB23RT.pt,224,137,137,2,2,3.5381560999999992
maxpool_prior_CJUX9A.pt,224,256,256,3,2,8.82521526
maxpool_prior_CRNYP3.pt,14,60,60,3,2,0.10099289999999997
maxpool_prior_U2K7OD.pt,56,234,234,2,2,1.46586712
maxpool_prior_SE9SVO.pt,224,52,52,2,2,1.5712193200000004
maxpool_prior_C6TO8Q.pt,14,502,502,3,2,0.40719558000000006
maxpool_prior_ICI3GV.pt,28,247,247,3,2,0.9244618599999996
maxpool_prior_I9DHLF.pt,28,73,73,3,2,0.26204947999999995
maxpool_prior_BND9Y5.pt,14,505,505,3,2,0.30463714000000003
maxpool_prior_1R3JYC.pt,56,498,498,3,2,2.2256691600000007
maxpool_prior_A20XRG.pt,14,199,199,2,2,0.11779855999999995
maxpool_prior_X6WDYU.pt,56,66,66,2,2,0.5204966799999998
maxpool_prior_7NO55M.pt,14,73,73,2,1,0.18300429999999995
maxpool_prior_O776EE.pt,28,508,508,3,2,1.1562932000000001
maxpool_prior_BHUCEJ.pt,112,44,44,3,2,1.2450983199999996
maxpool_prior_80WQ3S.pt,112,185,185,3,2,1.8431253000000003
maxpool_prior_IY641E.pt,56,495,495,2,2,1.6555674999999996
maxpool_prior_40LQSX.pt,56,55,55,3,1,1.06067992
maxpool_prior_GPJSMO.pt,112,505,505,2,2,3.2228266000000008
maxpool_prior_8285SF.pt,14,130,130,3,2,0.14863913999999998
maxpool_prior_WFQP0P.pt,28,834,834,2,2,1.62297914
maxpool_prior_PUUW4K.pt,14,505,505,2,2,0.23898282
maxpool_prior_HK6J7Z.pt,112,497,497,2,2,3.1331491400000004
maxpool_prior_8BKRL2.pt,14,516,516,2,2,0.21594132000000005
maxpool_prior_BWC4HE.pt,28,232,232,3,2,0.56752152
maxpool_prior_YTW8JN.pt,14,823,823,3,2,0.4509170199999999
maxpool_prior_3OWAK7.pt,56,77,77,2,2,0.53506472
maxpool_prior_XQOAGJ.pt,112,41,41,3,2,0.9559112800000001
maxpool_prior_6E8CVJ.pt,112,68,68,2,2,1.0677457199999998
maxpool_prior_QHJS0I.pt,224,87,87,2,2,2.3139689999999997
maxpool_prior_G2NKR2.pt,112,201,201,2,2,1.49440292
maxpool_prior_YNNMPB.pt,14,152,152,3,2,0.02385062000000001
maxpool_prior_NATQ8W.pt,112,250,250,2,2,1.9902517200000003
maxpool_prior_C7205S.pt,56,25,25,2,2,0.2136559
maxpool_prior_E0INA3.pt,28,149,149,3,1,1.1472837599999999
maxpool_prior_WVJVGL.pt,28,498,498,3,2,1.1197787399999994
maxpool_prior_ZOWGNL.pt,28,492,492,2,2,0.8432831199999997
maxpool_prior_UO2GU0.pt,14,500,500,2,2,0.23151741999999997
maxpool_prior_9MWWXY.pt,112,513,513,3,2,4.72757174
maxpool_prior_DVC6BH.pt,28,512,512,2,2,1.09835362
maxpool_prior_712DJA.pt,28,195,195,3,2,0.8950060399999997
maxpool_prior_IRXQXJ.pt,28,51,51,2,2,0.14415055999999996
maxpool_prior_QM03JK.pt,56,841,841,3,2,2.024893939999999
maxpool_prior_6NA58T.pt,56,502,502,2,1,2.719361199999999
maxpool_prior_YLE365.pt,14,201,201,3,2,0.14583136
maxpool_prior_IMRXSL.pt,224,498,498,3,2,20.036413579999994
maxpool_prior_0PFKOR.pt,56,520,520,3,2,1.45353398
maxpool_prior_T21ZT0.pt,112,470,470,3,1,16.951504599999996
maxpool_prior_Z973CQ.pt,28,536,536,3,2,1.22852136
maxpool_prior_8NEPVX.pt,14,1035,1035,3,2,0.8183790799999998
maxpool_prior_D16DIN.pt,28,60,60,3,2,0.15011449999999998
maxpool_prior_6I81CU.pt,56,1051,1051,3,1,8.254409080000002
maxpool_prior_O2163R.pt,56,51,51,3,2,0.7010857800000002
maxpool_prior_OTZTRT.pt,112,251,251,3,2,2.2951629999999996
maxpool_prior_8DOG8Z.pt,112,483,483,2,2,3.2837772199999993
maxpool_prior_IYX621.pt,224,488,488,2,2,13.671425219999998
maxpool_prior_IQEADV.pt,14,64,64,3,2,0.14289578000000003
maxpool_prior_S7XF58.pt,56,825,825,2,2,1.44330528
maxpool_prior_QD2GJ7.pt,28,493,493,2,2,0.7670807599999999
maxpool_prior_U3XD5Q.pt,112,1054,1054,2,2,6.396811480000001
maxpool_prior_VS2AXU.pt,28,524,524,3,1,1.6650216000000002
maxpool_prior_A3Z07B.pt,56,511,511,3,2,1.6517127999999994
maxpool_prior_OOWOV6.pt,14,499,499,3,2,0.34303201999999994
maxpool_prior_U62AKZ.pt,14,512,512,3,2,0.3326822199999999
maxpool_prior_EODDMI.pt,112,70,70,2,2,0.9356306000000002
maxpool_prior_86YC9C.pt,112,191,191,2,2,1.5501114399999998
maxpool_prior_2O8PQ4.pt,14,500,500,3,2,0.2896324800000001
maxpool_prior_KDP0H2.pt,56,247,247,2,2,1.1254605800000002
maxpool_prior_PT3EUZ.pt,28,72,72,3,2,0.21001744
maxpool_prior_HDPGYV.pt,28,373,373,3,2,0.9096723000000001
maxpool_prior_PN0CMF.pt,14,72,72,3,2,0.09680309999999999
maxpool_prior_F84A12.pt,112,379,379,2,2,2.360866
maxpool_prior_OXBBOG.pt,14,93,93,2,2,0.0963033
maxpool_prior_9FLRYY.pt,14,500,500,3,2,0.33461286
maxpool_prior_IS46MS.pt,224,490,490,3,2,18.86087274
maxpool_prior_3FDM3X.pt,14,251,251,2,2,0.12620033999999997
maxpool_prior_RA7TD9.pt,112,57,57,2,2,0.99299136
maxpool_prior_S0F33A.pt,14,500,500,2,2,0.19532447999999994
maxpool_prior_CTOIA0.pt,112,361,361,3,1,13.010137379999996
maxpool_prior_W7RVST.pt,56,504,504,2,2,1.66328786
maxpool_prior_GAM4S2.pt,14,199,199,2,2,0.11693931999999994
maxpool_prior_ML5TEJ.pt,14,512,512,2,2,0.06468072
maxpool_prior_HTRGA9.pt,112,237,237,3,2,2.2414116600000007
maxpool_prior_6VNOV3.pt,112,1042,1042,2,2,6.3410946599999995
maxpool_prior_K5A55M.pt,14,233,233,2,2,0.16732072000000003
maxpool_prior_SWJZ3U.pt,14,96,96,3,2,0.11016028000000004
maxpool_prior_XLSSQE.pt,224,132,132,3,2,5.198322039999999
maxpool_prior_TT1E6Q.pt,224,69,69,3,2,2.76303578
maxpool_prior_UUX0P2.pt,112,131,131,2,2,1.05215186
maxpool_prior_RTG0PM.pt,14,58,58,3,2,0.09552405999999998
maxpool_prior_A1XR79.pt,112,73,73,2,2,1.1802348799999998
maxpool_prior_IWATUJ.pt,14,499,499,3,2,0.27820071999999985
maxpool_prior_GONUX2.pt,112,38,38,2,1,1.0695639600000002
maxpool_prior_ETXWX8.pt,112,62,62,2,2,1.5872154600000001
maxpool_prior_FP5L1E.pt,14,849,849,3,2,0.5291373599999999
maxpool_prior_FSL3HR.pt,224,1041,1041,3,2,43.43319748
maxpool_prior_2X3MHA.pt,112,503,503,3,1,17.773454299999997
maxpool_prior_OPCTJZ.pt,14,77,77,3,2,0.12288408000000002
maxpool_prior_76E1DZ.pt,224,491,491,2,2,13.634370819999994
maxpool_prior_OQTG36.pt,28,236,236,3,2,0.6546238600000003
maxpool_prior_A8OYBV.pt,56,141,141,2,2,0.9984908400000001
maxpool_prior_DBKIJT.pt,112,513,513,2,2,3.2616085599999995
maxpool_prior_1UZP7A.pt,28,151,151,3,2,0.3785027200000001
maxpool_prior_M00O5A.pt,112,1051,1051,2,1,27.94624930000001
maxpool_prior_5LX8RY.pt,14,842,842,2,2,0.57003048
maxpool_prior_1NAFNA.pt,112,184,184,3,2,1.9056444000000006
maxpool_prior_XS6PS2.pt,56,65,65,3,2,0.8649654600000001
maxpool_prior_GLB1QA.pt,56,138,138,3,2,1.26484352
maxpool_prior_0L7CIW.pt,224,255,255,3,1,36.51236726
maxpool_prior_N5820O.pt,28,250,250,3,2,0.56169642
maxpool_prior_FWSLZZ.pt,14,517,517,2,2,0.23165750000000007
maxpool_prior_OTLNOO.pt,14,243,243,3,2,0.14633511999999999
maxpool_prior_1SGXJC.pt,28,510,510,2,2,0.8947195600000001
maxpool_prior_LWLS5A.pt,224,145,145,3,2,5.673390540000001
maxpool_prior_FNMPCD.pt,14,505,505,3,1,1.1345658199999997
maxpool_prior_1H0XHC.pt,14,65,65,3,2,0.12776589999999996
maxpool_prior_28XI7K.pt,14,30,30,2,2,0.08448578000000001
maxpool_prior_2YP4N9.pt,14,492,492,3,1,1.27464676
maxpool_prior_FQ7431.pt,14,841,841,3,2,0.92477332
maxpool_prior_YMQTMD.pt,224,67,67,3,2,2.912498999999999
maxpool_prior_G49SDU.pt,56,236,236,2,2,1.4550919000000002
maxpool_prior_HR2EWS.pt,112,44,44,2,2,1.01664708
maxpool_prior_7HMZQO.pt,28,59,59,3,2,0.23924186
maxpool_prior_LAIRKG.pt,112,501,501,2,2,3.0667265800000005
maxpool_prior_A72FP5.pt,112,477,477,2,2,2.9082122399999992
maxpool_prior_1B7JI1.pt,224,60,60,3,1,7.799783460000001
maxpool_prior_Z6I2K9.pt,14,496,496,2,2,0.20135956000000005
maxpool_prior_AQQZTL.pt,112,1036,1036,2,2,6.3045798
maxpool_prior_CEE2MZ.pt,28,513,513,2,2,0.5864386800000001
maxpool_prior_BYZRYS.pt,56,495,495,3,2,1.31377378
maxpool_prior_B09PZU.pt,112,193,193,3,2,1.9816316200000006
maxpool_prior_BMACN9.pt,28,825,825,2,2,0.60861126
maxpool_prior_YO20GR.pt,224,488,488,3,2,18.685195139999994
maxpool_prior_38K9VT.pt,56,511,511,2,1,2.8445210000000003
maxpool_prior_UVZ81W.pt,14,231,231,2,2,0.12637168000000001
maxpool_prior_O7Q5EQ.pt,28,64,64,2,2,0.12882707999999998
maxpool_prior_I8OINZ.pt,56,500,500,3,2,1.7452611799999997
maxpool_prior_IJ5KJQ.pt,56,252,252,3,2,1.6852981999999996
maxpool_prior_I5KP8T.pt,112,54,54,2,2,0.9408294999999997
maxpool_prior_Z1RCA1.pt,28,504,504,2,2,1.1392002200000002
maxpool_prior_BFKPNU.pt,14,500,500,3,2,0.3943798399999999
maxpool_prior_O1AGL5.pt,56,500,500,3,1,3.8791575599999986
maxpool_prior_D0SMA7.pt,112,491,491,2,2,3.242514179999999
maxpool_prior_QV7TCW.pt,14,54,54,3,2,0.094625
maxpool_prior_XQ9TQZ.pt,56,60,60,2,2,0.50559266
maxpool_prior_PLQAUK.pt,56,131,131,2,1,1.4788808200000003
maxpool_prior_6GO0P8.pt,56,38,38,3,2,0.66671038
maxpool_prior_SALGZR.pt,112,136,136,2,2,1.6701747199999997
maxpool_prior_IZHSKE.pt,112,70,70,2,2,1.35644338
maxpool_prior_BNQ47T.pt,14,504,504,2,2,0.19570340000000003
maxpool_prior_BVDLPN.pt,14,501,501,2,2,0.2055354999999999
maxpool_prior_RJQCK1.pt,14,249,249,2,2,0.12563307999999998
maxpool_prior_F3DZNC.pt,14,491,491,2,2,0.18692288
maxpool_prior_PV5WIQ.pt,14,60,60,3,2,0.09474168
maxpool_prior_GXYRAV.pt,112,506,506,2,2,3.12062254
maxpool_prior_TI1EHI.pt,14,493,493,2,2,0.18539086000000005
maxpool_prior_SMFE0Y.pt,28,510,510,2,1,2.0167549000000005
maxpool_prior_FFKK26.pt,14,200,200,2,2,0.11970405999999997
maxpool_prior_LF7QJC.pt,14,512,512,2,2,0.3705461399999999
maxpool_prior_G9QD67.pt,56,515,515,2,2,1.7437673200000003
maxpool_prior_S958XL.pt,14,494,494,3,2,0.25896695999999997
maxpool_prior_XJNZ2V.pt,112,1032,1032,3,2,9.08960234
maxpool_prior_DYXCOC.pt,56,140,140,2,2,0.9949727200000004
maxpool_prior_GPBH3K.pt,56,253,253,3,2,1.75365852
maxpool_prior_0N64ON.pt,112,238,238,2,1,4.9729810599999995
maxpool_prior_U6XAKW.pt,224,129,129,3,2,5.16864604
maxpool_prior_QQ53NK.pt,14,250,250,3,2,0.16845668000000008
maxpool_prior_78OO6N.pt,14,489,489,2,2,0.21059652
maxpool_prior_7MD917.pt,224,141,141,2,2,3.5440962800000007
maxpool_prior_VWDTIM.pt,112,502,502,2,2,3.144667479999999
maxpool_prior_JSEWOP.pt,28,491,491,3,2,1.1556182599999996
maxpool_prior_QVRQR8.pt,56,497,497,2,2,1.1966142800000001
maxpool_prior_0OJ7LN.pt,14,70,70,3,1,0.20330886000000004
maxpool_prior_MQIWS3.pt,28,57,57,2,2,0.13596162
maxpool_prior_DYGNN5.pt,14,187,187,3,2,0.14006810000000003
maxpool_prior_DZ7E5H.pt,28,502,502,3,2,1.3744136800000002
maxpool_prior_BY1M29.pt,14,70,70,2,2,0.09191487999999999
maxpool_prior_F9KEKQ.pt,56,150,150,3,1,1.5003268999999997
maxpool_prior_SNQMV5.pt,14,69,69,2,2,0.09188315999999999
maxpool_prior_YXIQMK.pt,56,247,247,2,2,1.1593582999999996
maxpool_prior_7BM5OB.pt,112,59,59,3,2,1.2738609600000004
maxpool_prior_7Z9EX1.pt,28,203,203,3,2,0.15838156
maxpool_prior_5GK6XN.pt,112,506,506,3,2,4.671022499999999
maxpool_prior_T37JID.pt,56,152,152,3,1,1.40802898
maxpool_prior_ZFCVWV.pt,14,72,72,2,2,0.09348164
maxpool_prior_AL87EX.pt,56,73,73,2,1,0.9758307400000004
maxpool_prior_3LJOCB.pt,28,501,501,2,2,1.27243646
maxpool_prior_RSEXCY.pt,28,829,829,3,2,1.4100628199999996
maxpool_prior_7V9HDG.pt,28,70,70,2,1,0.35457590000000005
maxpool_prior_GBJLVO.pt,56,531,531,2,2,1.3980209
maxpool_prior_79GUBU.pt,112,53,53,3,2,1.0395389
maxpool_prior_6RZEKD.pt,56,840,840,3,2,1.9123713400000002
maxpool_prior_MSXHQU.pt,14,246,246,2,1,0.43495156
maxpool_prior_QI070W.pt,14,512,512,2,1,0.8568849399999999
maxpool_prior_NZD0BO.pt,112,56,56,2,2,1.217943
maxpool_prior_UO5WV0.pt,56,509,509,2,2,2.060334540000001
maxpool_prior_9I166C.pt,112,71,71,3,2,1.04957662
maxpool_prior_IQDSGJ.pt,56,513,513,2,2,1.3110685200000003
maxpool_prior_8LWU1E.pt,14,507,507,2,1,0.86152962
maxpool_prior_PMT9EO.pt,224,496,496,2,1,52.79557776000001
maxpool_prior_LMFTBN.pt,28,1041,1041,3,2,1.38505032
maxpool_prior_NZR9F6.pt,112,252,252,3,2,2.3527096399999996
maxpool_prior_PSSVS0.pt,224,239,239,2,1,25.187111240000004
maxpool_prior_R34SI1.pt,14,190,190,3,2,0.19190304000000005
maxpool_prior_FASU97.pt,112,496,496,3,2,4.549935799999999
maxpool_prior_7238HJ.pt,56,65,65,2,2,0.5193893400000004
maxpool_prior_CZ547N.pt,56,56,56,2,2,0.3976244999999999
maxpool_prior_RG3T6X.pt,14,238,238,2,2,0.12979036
maxpool_prior_Q20FJI.pt,112,67,67,3,2,1.0871299199999997
maxpool_prior_WWVITR.pt,56,511,511,2,2,1.7134462800000003
maxpool_prior_D6778A.pt,224,72,72,3,2,2.7857994600000002
maxpool_prior_QRXXCR.pt,14,833,833,2,2,0.496491
maxpool_prior_KM5Y4X.pt,56,838,838,2,2,1.65978438
maxpool_prior_TCI8HW.pt,14,506,506,2,1,1.1432272200000004
maxpool_prior_A5PYE3.pt,112,513,513,2,2,3.16473916
maxpool_prior_4OKN6V.pt,28,74,74,3,2,0.24288474000000002
maxpool_prior_39Q6R3.pt,14,505,505,3,2,0.38138306000000005
maxpool_prior_FFJZ0U.pt,14,509,509,3,2,0.2955389200000001
maxpool_prior_USYOE8.pt,112,59,59,3,2,1.2391845
maxpool_prior_9FDQ7J.pt,14,181,181,3,2,0.21968289999999993
maxpool_prior_7T275E.pt,28,508,508,3,2,1.2570941800000004
maxpool_prior_6MZUD9.pt,56,506,506,3,2,1.5311151199999993
maxpool_prior_5LPAHA.pt,14,137,137,2,2,0.10084833999999997
maxpool_prior_RSX36W.pt,28,472,472,2,2,0.7464792800000004
maxpool_prior_2YDNDG.pt,14,187,187,3,2,0.2150943
maxpool_prior_KTZVR5.pt,28,832,832,3,2,1.46401306
maxpool_prior_TWNK5M.pt,112,499,499,3,2,4.74894868
maxpool_prior_08BL6D.pt,112,494,494,2,1,12.279514899999999
maxpool_prior_9FECTB.pt,112,185,185,2,1,3.9718004000000002
maxpool_prior_J67MT4.pt,112,469,469,2,2,2.89018848
maxpool_prior_VNYIPS.pt,28,829,829,2,2,1.1981903199999997
maxpool_prior_JHREFY.pt,112,62,62,3,2,1.1459671999999999
maxpool_prior_VHD0V2.pt,112,234,234,2,2,1.78475466
maxpool_prior_TLGEXN.pt,14,512,512,2,1,1.2017778599999998
maxpool_prior_LBDZ3X.pt,112,71,71,3,2,1.17335692
maxpool_prior_NYX2C4.pt,56,489,489,3,2,1.5533201600000002
maxpool_prior_JFTCOF.pt,28,247,247,3,2,0.6468510399999998
maxpool_prior_G7XQ1D.pt,56,143,143,2,2,0.8632807199999999
maxpool_prior_BF41FK.pt,112,843,843,2,2,5.231141279999999
maxpool_prior_Q5PVDQ.pt,112,140,140,3,2,1.7172347800000003
maxpool_prior_DF8C2K.pt,56,502,502,2,2,1.9159040800000002
maxpool_prior_PJNQS6.pt,112,66,66,3,2,0.9558991400000002
maxpool_prior_UIP37T.pt,14,63,63,2,1,0.12680286000000002
maxpool_prior_KXV8U2.pt,112,54,54,3,2,1.11757764
maxpool_prior_A0PO2N.pt,28,63,63,2,2,0.19145240000000005
maxpool_prior_6AZPUZ.pt,28,139,139,2,1,1.0665854799999999
maxpool_prior_0YG0G2.pt,112,493,493,2,2,2.96117908
maxpool_prior_9IQQO4.pt,112,61,61,3,2,1.6542176399999997
maxpool_prior_F878YB.pt,28,185,185,2,2,0.45539196
maxpool_prior_FCAKCC.pt,14,61,61,3,2,0.0943474
maxpool_prior_51S51D.pt,28,51,51,3,2,0.15427942000000003
maxpool_prior_VWC57M.pt,112,129,129,3,2,1.5554703800000005
maxpool_prior_XZME10.pt,28,511,511,2,2,1.0587096200000001
maxpool_prior_H51YEF.pt,14,492,492,2,2,0.22991630000000002
maxpool_prior_X3GHRN.pt,56,34,34,3,2,0.5073252
maxpool_prior_VO7QFE.pt,14,234,234,3,2,0.14203358
maxpool_prior_BGJY70.pt,28,240,240,2,2,0.4612409799999999
maxpool_prior_X7URJ0.pt,112,510,510,2,2,3.09232278
maxpool_prior_NHORAK.pt,112,483,483,3,2,4.591338280000002
maxpool_prior_G19RSD.pt,56,41,41,3,2,0.6407478800000003
maxpool_prior_PDZOKC.pt,28,45,45,2,2,0.1114671
maxpool_prior_FGRI9S.pt,14,87,87,2,2,0.08732046
maxpool_prior_1H2LA4.pt,14,57,57,3,2,0.08921214000000001
maxpool_prior_OE60L7.pt,112,26,26,2,2,0.75991486
maxpool_prior_6ROCR8.pt,56,150,150,2,1,1.1548096800000003
maxpool_prior_1UTE0P.pt,112,491,491,3,2,4.462954340000001
maxpool_prior_XPHO4C.pt,28,70,70,3,2,0.18641554000000013
maxpool_prior_SC92RF.pt,112,510,510,3,1,17.5731726
maxpool_prior_UH6FVR.pt,112,840,840,2,1,22.110038580000005
maxpool_prior_MQB1DF.pt,14,65,65,3,2,0.08284259999999997
maxpool_prior_701ZH8.pt,14,513,513,2,2,0.4059869600000002
maxpool_prior_0YCTPH.pt,14,52,52,3,2,0.09448481999999998
maxpool_prior_63Y9UT.pt,14,496,496,3,2,0.25472956
maxpool_prior_631Y9A.pt,112,237,237,2,2,1.7115858600000005
maxpool_prior_AJVJDF.pt,112,233,233,3,2,2.36090956
maxpool_prior_TFQ1H1.pt,224,490,490,3,2,19.53779388
maxpool_prior_2O0IML.pt,112,238,238,2,2,2.2017516
maxpool_prior_X8H5Z0.pt,112,192,192,3,2,1.7201048399999999
maxpool_prior_0QTQX2.pt,112,844,844,3,2,7.389233820000002
maxpool_prior_QYTA4R.pt,14,255,255,3,2,0.24372284000000008
maxpool_prior_TD0VPR.pt,112,490,490,2,2,3.1754182600000003
maxpool_prior_XTAMWD.pt,112,538,538,2,2,3.4139432400000005
maxpool_prior_TBVYNQ.pt,14,502,502,3,2,0.33897237999999985
maxpool_prior_NHWSEN.pt,28,235,235,3,1,1.2875715600000004
maxpool_prior_4NRTLC.pt,28,490,490,2,1,1.7938236600000004
maxpool_prior_MMNEXO.pt,28,501,501,3,2,1.3680612200000002
maxpool_prior_WTDWUH.pt,112,235,235,3,2,2.177889
maxpool_prior_C0XUJE.pt,28,60,60,2,2,0.12558514
maxpool_prior_KUAD1Z.pt,28,66,66,3,1,0.7756886000000002
maxpool_prior_Y4S3XA.pt,56,488,488,2,2,1.8128287400000003
maxpool_prior_DC1FUK.pt,14,185,185,3,1,0.5187325400000001
maxpool_prior_XPX2UJ.pt,112,200,200,3,1,6.52998474
maxpool_prior_CUEJEG.pt,14,53,53,3,2,0.09466486000000002
maxpool_prior_I6QZZB.pt,28,232,232,2,2,0.5451685599999999
maxpool_prior_OTXBHW.pt,56,189,189,2,2,1.5443497599999998
maxpool_prior_8MOP1S.pt,112,505,505,3,2,4.6547109
maxpool_prior_805YMH.pt,28,253,253,3,2,0.5745712000000002
maxpool_prior_OCGT1U.pt,14,848,848,2,2,0.3760554199999999
maxpool_prior_DV95HU.pt,28,1055,1055,2,2,1.5487013799999998
maxpool_prior_Z2XAOY.pt,14,489,489,3,2,0.2548697599999999
maxpool_prior_2VR3HM.pt,56,203,203,2,2,1.1988829
maxpool_prior_QTYCO5.pt,112,81,81,3,2,1.1426958000000003
maxpool_prior_DNHRPQ.pt,112,512,512,3,2,4.63599056
maxpool_prior_9QPMR0.pt,28,255,255,3,2,0.74499718
maxpool_prior_MIM0AJ.pt,14,841,841,2,2,0.3773668400000002
maxpool_prior_4BCZZS.pt,112,51,51,3,2,1.0372806199999998
maxpool_prior_555XHX.pt,14,513,513,2,2,0.32554402000000005
maxpool_prior_2E7IKT.pt,28,50,50,2,2,0.14465923999999997
maxpool_prior_SBIY2S.pt,14,490,490,3,2,0.25271842000000005
maxpool_prior_BDYKIO.pt,56,140,140,2,1,1.1922585799999998
maxpool_prior_ROAWIB.pt,28,133,133,2,1,0.88689788
maxpool_prior_PW74PP.pt,112,489,489,3,2,4.42835528
maxpool_prior_QT3VE7.pt,56,489,489,3,2,1.8557277999999997
maxpool_prior_SLRA7D.pt,112,845,845,2,2,5.187655699999999
maxpool_prior_0RZ6AY.pt,112,242,242,3,2,2.33060558
maxpool_prior_4VICMV.pt,28,181,181,3,2,0.45158236
maxpool_prior_RM5J77.pt,112,232,232,3,2,2.1313418800000012
maxpool_prior_3QDA9G.pt,56,493,493,3,2,1.6501198200000007
maxpool_prior_I8424E.pt,112,495,495,2,2,3.09963714
maxpool_prior_9AUQUO.pt,112,249,249,2,2,1.85965274
maxpool_prior_3EH1US.pt,28,46,46,2,2,0.17522526000000002
maxpool_prior_SJGXPZ.pt,56,507,507,2,2,3.60605166
maxpool_prior_UQ7LOC.pt,14,509,509,2,2,0.26744432
maxpool_prior_B2BL91.pt,14,489,489,3,2,0.4250180999999998
maxpool_prior_8X4LJK.pt,28,254,254,3,2,0.8362443799999997
maxpool_prior_YRRW1M.pt,112,190,190,3,2,1.8064811799999994
maxpool_prior_2PW77J.pt,56,40,40,2,1,0.8705988800000002
maxpool_prior_GKRTEL.pt,14,1039,1039,2,2,0.43335620000000014
maxpool_prior_7ZX3PQ.pt,28,244,244,2,2,0.5855308800000001
maxpool_prior_TV5NPL.pt,28,182,182,3,2,0.4823052200000001
maxpool_prior_BWLTZW.pt,112,148,148,3,2,1.41467614
maxpool_prior_QKQPMW.pt,112,245,245,2,2,1.7314654400000007
maxpool_prior_SZ3X7S.pt,112,497,497,2,2,3.058692099999999
maxpool_prior_BPJKH3.pt,56,837,837,3,2,1.93756384
maxpool_prior_W6V9KP.pt,112,484,484,3,2,4.329819399999998
maxpool_prior_J1S6FY.pt,56,840,840,2,2,2.1656110799999997
maxpool_prior_M5PVHS.pt,56,54,54,3,2,0.8207264600000002
maxpool_prior_27LQ8C.pt,112,53,53,2,1,1.3348083800000006
maxpool_prior_FK2LV4.pt,28,187,187,3,2,0.43188602
maxpool_prior_T11V3J.pt,112,509,509,2,1,12.486092459999998
maxpool_prior_543D6H.pt,224,502,502,2,1,54.99326617999999
maxpool_prior_P4ZU9J.pt,56,67,67,3,2,0.9047454
maxpool_prior_DDV6JM.pt,224,56,56,2,1,5.186315660000002
maxpool_prior_JH6RPY.pt,56,203,203,3,1,1.6819041800000003
maxpool_prior_BWIU49.pt,28,521,521,3,1,1.4180398999999995
maxpool_prior_Y20K0Z.pt,112,71,71,3,2,1.1450650599999999
maxpool_prior_K41VC9.pt,112,500,500,3,2,4.537147180000001
maxpool_prior_1EOUO0.pt,28,69,69,3,2,0.18685357999999996
maxpool_prior_9WZF63.pt,112,137,137,2,2,1.2180497199999998
maxpool_prior_HTX8YY.pt,14,248,248,2,2,0.12862264000000004
maxpool_prior_LKWQFV.pt,112,508,508,3,2,4.58394184
maxpool_prior_2QFQIV.pt,112,497,497,2,1,12.397253699999997
maxpool_prior_XFXEWH.pt,112,54,54,2,2,1.0628866600000002
maxpool_prior_DVLF79.pt,14,488,488,3,2,0.2972131599999999
maxpool_prior_GMZGMA.pt,112,138,138,2,2,1.3580542000000002
maxpool_prior_1BRDN0.pt,56,55,55,2,2,0.40410088
maxpool_prior_CWSKSQ.pt,14,53,53,3,2,0.09643114000000001
maxpool_prior_XV42J3.pt,224,132,132,3,2,5.21524038
maxpool_prior_6CG0SV.pt,14,489,489,2,1,1.15316304
maxpool_prior_XU1YBS.pt,14,67,67,3,2,0.09822165999999999
maxpool_prior_9HY576.pt,56,1030,1030,3,2,2.485743540000001
maxpool_prior_RHJ38Y.pt,56,235,235,3,1,1.9348275799999999
maxpool_prior_3ZPTSI.pt,14,523,523,2,2,0.35108614000000005
maxpool_prior_UHG8UM.pt,28,36,36,2,2,0.1347857
maxpool_prior_35PPXV.pt,56,76,76,3,2,0.8565105
maxpool_prior_AOOPQA.pt,224,486,486,3,2,19.221512640000004
maxpool_prior_69F4K5.pt,28,49,49,2,2,0.1206295
maxpool_prior_J2M6VG.pt,112,498,498,2,2,3.217238240000001
maxpool_prior_2WSHEW.pt,28,840,840,3,2,1.4694844599999999
maxpool_prior_L7S78K.pt,56,61,61,3,2,0.8810328000000002
maxpool_prior_VEKENW.pt,112,182,182,2,1,3.932696940000001
maxpool_prior_5IV0E1.pt,112,514,514,2,2,3.3492751000000003
maxpool_prior_OTRY51.pt,28,27,27,3,2,0.11157345999999999
maxpool_prior_W86G6D.pt,56,199,199,3,2,1.1732051800000003
maxpool_prior_W0F04O.pt,28,53,53,2,2,0.12661224000000004
maxpool_prior_8OV0FT.pt,224,56,56,3,1,7.85440224
maxpool_prior_33QJON.pt,28,521,521,3,2,1.21884606
maxpool_prior_366WX4.pt,14,238,238,3,2,0.16977748
maxpool_prior_LC9IDO.pt,28,72,72,2,2,0.23526735999999995
maxpool_prior_Q9MV66.pt,112,502,502,2,2,3.0753028999999996
maxpool_prior_9WNGC0.pt,14,494,494,2,2,0.29530514
maxpool_prior_ZLFC8F.pt,56,827,827,3,2,2.30895072
maxpool_prior_FBL6CM.pt,56,243,243,3,1,2.0255321399999997
maxpool_prior_N5ZV0H.pt,112,496,496,3,1,16.82927364
maxpool_prior_32K3V4.pt,112,501,501,2,2,3.1792791199999995
maxpool_prior_LD8JDM.pt,14,41,41,3,2,0.16300658
maxpool_prior_CP93NM.pt,28,67,67,2,2,0.16714084000000004
maxpool_prior_H6R96I.pt,14,75,75,2,1,0.14468648000000003
maxpool_prior_MFEZ1V.pt,56,1042,1042,2,2,1.7731332600000003
maxpool_prior_L11Q3H.pt,56,86,86,3,1,0.9854493400000003
maxpool_prior_RCR4LS.pt,56,142,142,2,2,0.8693375000000002
maxpool_prior_QLEQWS.pt,224,58,58,2,2,1.6425094799999997
maxpool_prior_U46TEC.pt,56,489,489,2,2,1.7947743599999995
maxpool_prior_TFWGK6.pt,28,504,504,3,2,1.1157305
maxpool_prior_G0FPDQ.pt,112,835,835,2,1,21.617555860000007
maxpool_prior_GYARZS.pt,14,491,491,3,2,0.25690051999999997
maxpool_prior_N7X237.pt,14,505,505,3,2,0.3843359799999999
maxpool_prior_40IK8Y.pt,14,146,146,2,2,0.10872028
maxpool_prior_S6O0JN.pt,14,144,144,2,2,0.10678242
maxpool_prior_VRF74O.pt,14,151,151,3,1,0.31986648
maxpool_prior_BD28TJ.pt,56,494,494,3,2,2.00553666
maxpool_prior_72VPS0.pt,112,36,36,2,2,0.7748493200000002
maxpool_prior_ABASDY.pt,28,504,504,3,2,1.2798225399999996
maxpool_prior_X5YWKY.pt,112,92,92,3,2,1.3171726999999998
maxpool_prior_ABRW8C.pt,28,506,506,3,2,1.1295958000000001
maxpool_prior_IXFVGB.pt,28,66,66,2,2,0.21539969999999994
maxpool_prior_MJY560.pt,56,65,65,3,2,0.75059452
maxpool_prior_3JBR9Q.pt,112,1046,1046,3,1,37.94725416
maxpool_prior_TFGPEV.pt,112,152,152,3,2,1.9388610799999997
maxpool_prior_D6OSFG.pt,224,98,98,2,2,2.7069366
maxpool_prior_0B1WS2.pt,112,498,498,3,1,17.407983540000004
maxpool_prior_FYEGRY.pt,112,240,240,2,2,2.4621562199999993
maxpool_prior_3MX4A4.pt,56,66,66,3,1,0.9296869
maxpool_prior_Z5YA4Q.pt,28,60,60,3,2,0.18330053999999993
maxpool_prior_PMDTDD.pt,224,49,49,2,2,1.5380229800000003
maxpool_prior_XRQG2E.pt,28,500,500,2,2,0.9676715999999999
maxpool_prior_HMSB83.pt,28,251,251,3,2,0.7491781799999998
maxpool_prior_J0FVAN.pt,112,504,504,2,2,3.2113180800000007
maxpool_prior_JWWLG9.pt,14,249,249,3,2,0.20333954
maxpool_prior_O38SMZ.pt,112,203,203,2,1,4.22862352
maxpool_prior_RYLVWD.pt,28,508,508,3,2,1.2875599999999998
maxpool_prior_64XFF7.pt,28,59,59,3,1,0.6065928
maxpool_prior_1ZGN7V.pt,14,63,63,2,2,0.09426791999999999
maxpool_prior_Q4DH2Y.pt,56,498,498,3,2,1.5258684800000006
maxpool_prior_R15954.pt,56,849,849,3,2,1.9591271999999988
maxpool_prior_P61KRR.pt,112,55,55,2,2,1.0087034400000001
maxpool_prior_S44H4S.pt,112,53,53,2,2,0.9021208199999999
maxpool_prior_WMZR1S.pt,28,66,66,3,2,0.17918268
maxpool_prior_E4ML04.pt,112,471,471,2,2,3.0527293800000006
maxpool_prior_5XY6BH.pt,14,58,58,3,2,0.09940195999999997
maxpool_prior_SZ5RR8.pt,112,494,494,3,2,4.38646294
maxpool_prior_H8DS41.pt,28,483,483,2,2,0.18190749999999997
maxpool_prior_0RQFKI.pt,224,65,65,3,2,2.82681684
maxpool_prior_2N3MO1.pt,112,513,513,2,2,3.2323949599999997
maxpool_prior_8KKMO8.pt,28,133,133,2,2,0.24418184
maxpool_prior_0VBJPJ.pt,56,511,511,3,2,1.7623081000000003
maxpool_prior_8BZ82M.pt,112,58,58,2,2,1.2288878799999998
maxpool_prior_45DK2K.pt,28,504,504,2,2,0.7860212400000001
maxpool_prior_S1KE6M.pt,56,497,497,2,2,1.2713572199999996
maxpool_prior_MCS4GK.pt,112,147,147,2,2,1.51873278
maxpool_prior_XLBZA6.pt,14,483,483,2,2,0.19990656000000004
maxpool_prior_GYRF1K.pt,14,230,230,3,2,0.15775957999999998
maxpool_prior_6W19T3.pt,14,507,507,2,2,0.18769847999999997
maxpool_prior_F7H8IG.pt,14,502,502,2,1,0.7424186599999999
maxpool_prior_A7FNLU.pt,56,833,833,2,2,1.9338770599999995
maxpool_prior_YPWLK8.pt,28,46,46,3,2,0.15881734
maxpool_prior_GP7D9E.pt,28,233,233,3,2,0.96666418
maxpool_prior_VC5NSA.pt,56,130,130,2,2,0.8726742999999999
maxpool_prior_U4U5HR.pt,112,234,234,2,2,1.76549108
maxpool_prior_R6NTD1.pt,56,60,60,3,2,1.07914506
maxpool_prior_DPRU97.pt,112,50,50,3,2,0.9688356199999998
maxpool_prior_MIQRIT.pt,56,231,231,2,2,1.15886552
maxpool_prior_2S85TT.pt,28,62,62,3,2,0.2645793000000001
maxpool_prior_N01GV4.pt,112,37,37,2,2,0.88481464
maxpool_prior_XURKLL.pt,28,41,41,2,1,0.32947419999999994
maxpool_prior_LNC71N.pt,28,499,499,3,1,1.4347999800000004
maxpool_prior_OZBJY8.pt,112,69,69,2,2,0.9763764799999999
maxpool_prior_YUQZX0.pt,56,494,494,2,2,2.1812665999999994
maxpool_prior_7U1EA7.pt,56,501,501,3,2,1.60611264
maxpool_prior_XC526I.pt,14,489,489,2,1,0.8905230600000003
maxpool_prior_HV6I8Q.pt,14,63,63,3,2,0.14445739999999996
maxpool_prior_56TSTE.pt,14,494,494,3,2,0.25548084000000004
maxpool_prior_3BRWGP.pt,14,50,50,3,2,0.0928826
maxpool_prior_NSA3AD.pt,14,508,508,3,2,0.42839892
maxpool_prior_DC2HXZ.pt,112,65,65,3,1,2.4265248800000006
maxpool_prior_24FXR7.pt,14,129,129,2,2,0.10495342
maxpool_prior_1BMVDU.pt,112,240,240,2,2,2.40648188
maxpool_prior_3ILO0D.pt,14,50,50,3,1,0.2289031
maxpool_prior_FRALUV.pt,14,508,508,2,2,0.23632846000000002
maxpool_prior_PV929Z.pt,14,57,57,3,2,0.11382189999999998
maxpool_prior_L7COGG.pt,14,244,244,2,2,0.15000146000000003
maxpool_prior_XPQYJI.pt,14,238,238,2,2,0.14445873999999997
maxpool_prior_GCKA3C.pt,14,465,465,2,2,0.18645040000000004
maxpool_prior_1BV8AB.pt,112,200,200,3,2,2.129099820000001
maxpool_prior_708N4F.pt,14,839,839,3,2,0.56379818
maxpool_prior_N44KEK.pt,14,510,510,3,2,0.2965111599999999
maxpool_prior_SXIFG3.pt,56,54,54,3,2,0.7474162200000001
maxpool_prior_5I5T7G.pt,14,55,55,2,1,0.12777571999999998
maxpool_prior_XPPZO9.pt,112,841,841,3,2,7.45990174
maxpool_prior_J04X2A.pt,14,65,65,3,2,0.09099164000000001
maxpool_prior_36JZPN.pt,14,61,61,3,2,0.08713808
maxpool_prior_SK2YC7.pt,28,188,188,3,2,0.14163794000000002
maxpool_prior_A1WLQW.pt,56,464,464,3,2,2.2965780999999996
maxpool_prior_7WSH4D.pt,14,502,502,3,1,1.1861649600000002
maxpool_prior_OYFU5V.pt,28,64,64,2,1,0.4162823000000001
maxpool_prior_OA3G57.pt,28,97,97,3,1,0.91955556
maxpool_prior_JQGEZQ.pt,112,137,137,2,2,1.26796144
maxpool_prior_PQCQGA.pt,14,57,57,2,2,0.09158847999999997
maxpool_prior_ZJI5YV.pt,112,192,192,3,1,6.02874796
maxpool_prior_GRIPH3.pt,28,56,56,3,1,0.7944944799999999
maxpool_prior_GSS1RE.pt,14,465,465,3,1,1.1679711799999999
maxpool_prior_GZ1II3.pt,112,151,151,2,1,3.1846917399999994
maxpool_prior_631F90.pt,112,130,130,3,1,4.449376780000001
maxpool_prior_YMQPQX.pt,28,825,825,3,1,2.03615472
maxpool_prior_MI68O9.pt,224,149,149,3,2,5.758180319999999
maxpool_prior_N63J0I.pt,28,249,249,2,2,0.39001382
maxpool_prior_QOGDDJ.pt,112,200,200,3,2,1.7919549000000001
maxpool_prior_YVMLZQ.pt,56,241,241,2,1,1.6501291399999998
maxpool_prior_F5ANSJ.pt,112,73,73,3,2,1.4010245000000001
maxpool_prior_NF2KUN.pt,14,51,51,3,1,0.15087012
maxpool_prior_8304KK.pt,28,60,60,2,2,0.1263386
maxpool_prior_6LRHLJ.pt,112,148,148,2,2,1.21048962
maxpool_prior_36TPHR.pt,14,494,494,2,1,0.7449051600000003
maxpool_prior_8AGB5O.pt,112,513,513,3,2,4.7693809599999994
maxpool_prior_LDJ43X.pt,56,498,498,3,2,1.43177608
maxpool_prior_NIN82O.pt,112,490,490,2,2,2.968565779999999
maxpool_prior_HPA36K.pt,56,61,61,2,2,0.53378924
maxpool_prior_45TSE8.pt,28,495,495,2,1,1.6612676200000005
maxpool_prior_IEY7FP.pt,28,60,60,2,1,0.4001142999999999
maxpool_prior_4DFQE7.pt,14,499,499,2,1,0.7913530799999999
maxpool_prior_UBAHOR.pt,112,378,378,3,2,3.382692780000001
maxpool_prior_HM5IB0.pt,28,75,75,3,2,0.17517890000000003
maxpool_prior_8BM1Q0.pt,14,232,232,3,2,0.14687578
maxpool_prior_3HYZND.pt,14,491,491,3,2,0.2556217800000001
maxpool_prior_Q6LJS9.pt,112,186,186,2,2,1.4032622200000007
maxpool_prior_DPP885.pt,14,507,507,3,2,0.33012234000000007
maxpool_prior_8HCNI6.pt,14,139,139,2,2,0.12540733999999998
maxpool_prior_HQFP61.pt,28,494,494,2,2,1.0949224800000001
maxpool_prior_PLJ18X.pt,14,151,151,3,2,0.1567059
maxpool_prior_Q4WVYB.pt,224,847,847,2,2,25.672992759999993
maxpool_prior_G5PD1H.pt,14,59,59,2,2,0.0901558
maxpool_prior_ACEQPS.pt,14,501,501,3,2,0.43756406
maxpool_prior_IABHQ7.pt,14,66,66,3,2,0.10210974
maxpool_prior_P4XXNZ.pt,112,481,481,3,2,4.37325418
maxpool_prior_3TFZHK.pt,112,254,254,2,2,1.6826826600000004
maxpool_prior_P2W473.pt,224,238,238,3,2,8.62357762
maxpool_prior_OHZAKN.pt,224,502,502,3,1,75.00312164
maxpool_prior_AQ75EC.pt,224,255,255,3,2,8.86144374
maxpool_prior_RRFAHJ.pt,224,65,65,2,1,6.3878540799999985
maxpool_prior_BR20LM.pt,14,493,493,3,2,0.38122797999999997
maxpool_prior_9FBKGL.pt,56,510,510,3,2,2.1513106000000004
maxpool_prior_NE95IO.pt,112,197,197,3,2,2.1217976200000006
maxpool_prior_NBSZ83.pt,14,26,26,3,2,0.08694502
maxpool_prior_TQ26AD.pt,56,255,255,2,2,1.1341115599999996
maxpool_prior_XEN9PG.pt,112,136,136,3,1,4.455587519999999
maxpool_prior_54U9M3.pt,14,69,69,3,1,0.18068258
maxpool_prior_9S7ELX.pt,14,201,201,3,1,0.5672687800000001
maxpool_prior_DO0KRJ.pt,112,238,238,3,2,2.2840769599999997
maxpool_prior_FXR3XQ.pt,14,482,482,3,2,0.3643486799999999
maxpool_prior_TL9W7X.pt,112,498,498,3,2,4.724176420000002
maxpool_prior_YATDIW.pt,14,492,492,3,2,0.3435637400000001
maxpool_prior_POXQ33.pt,112,249,249,2,1,5.357203200000002
maxpool_prior_NAI1S3.pt,112,846,846,2,2,5.243401999999999
maxpool_prior_PDLO21.pt,14,58,58,2,2,0.09683001999999996
maxpool_prior_LEIJ3I.pt,112,490,490,2,2,3.1053229599999996
maxpool_prior_DVS670.pt,14,59,59,2,1,0.14816183999999996
maxpool_prior_OJAA8P.pt,112,489,489,3,2,4.477864179999999
maxpool_prior_V5CY1P.pt,112,512,512,2,2,3.1127072399999984
maxpool_prior_RLDQZP.pt,56,196,196,2,2,1.24358796
maxpool_prior_FZ57FQ.pt,56,25,25,3,2,0.35288716000000003
maxpool_prior_KTRHXD.pt,112,66,66,2,2,0.9990827199999996
maxpool_prior_27OOAH.pt,14,144,144,2,2,0.10402526000000004
maxpool_prior_HI0SNR.pt,112,246,246,3,1,8.062824059999999
maxpool_prior_NXOWS1.pt,112,509,509,3,1,18.343077919999995
maxpool_prior_2AB4OV.pt,112,510,510,2,2,3.232963640000001
maxpool_prior_WSHUKQ.pt,14,462,462,2,1,0.74265966
maxpool_prior_QQ63H9.pt,14,501,501,3,2,0.46378264
maxpool_prior_V4ZM9P.pt,224,251,251,3,1,38.1514569
maxpool_prior_NOP3V9.pt,28,189,189,2,2,0.3420757200000001
maxpool_prior_S0W7H4.pt,28,501,501,3,2,1.4110179999999997
maxpool_prior_ULWY4Z.pt,224,825,825,2,2,24.396248959999998
maxpool_prior_0H7Z1J.pt,28,827,827,2,2,1.4562767200000009
maxpool_prior_WM8AGF.pt,112,495,495,2,2,3.41922574
maxpool_prior_X9I1LN.pt,28,245,245,2,2,0.4631513599999998
maxpool_prior_CCHG3K.pt,112,249,249,3,2,2.3728192999999997
maxpool_prior_3VGZCD.pt,28,69,69,3,2,0.17686537999999996
maxpool_prior_25ZZM7.pt,14,56,56,3,2,0.09630120000000002
maxpool_prior_M1DRS3.pt,224,240,240,3,2,8.640166880000002
maxpool_prior_ZAWBJE.pt,14,61,61,3,2,0.09615408000000002
maxpool_prior_O0OUON.pt,112,481,481,3,2,4.50275528
maxpool_prior_EG7QP2.pt,224,496,496,3,2,18.95493086
maxpool_prior_53STWG.pt,112,528,528,2,1,13.052716600000005
maxpool_prior_73BJA5.pt,112,246,246,3,2,2.5230458399999995
maxpool_prior_TC5RCI.pt,14,185,185,2,2,0.13199284
maxpool_prior_ZJWYF3.pt,112,510,510,3,2,4.683082759999999
maxpool_prior_CWB42V.pt,56,62,62,3,2,0.6635175999999998
maxpool_prior_6GJCKK.pt,14,511,511,2,2,0.21827904
maxpool_prior_KZ0ZXH.pt,14,231,231,3,2,0.2014724599999999
maxpool_prior_7ZE6IW.pt,112,152,152,2,2,1.3551342199999998
maxpool_prior_DET4IC.pt,112,494,494,2,2,3.01670642
maxpool_prior_GG4HX0.pt,14,55,55,3,2,0.11509825999999998
maxpool_prior_NZM17P.pt,112,135,135,3,1,4.527501680000001
maxpool_prior_12L3KV.pt,224,504,504,2,2,14.43355798
maxpool_prior_I2SNZU.pt,14,536,536,2,2,0.26440296
maxpool_prior_1GWVKG.pt,112,147,147,3,2,1.6754302200000006
maxpool_prior_O3GFRC.pt,14,1051,1051,2,2,0.45661830000000003
maxpool_prior_JUM98K.pt,224,59,59,3,2,2.2578629799999996
maxpool_prior_M89DNA.pt,56,71,71,3,2,0.8398239800000001
maxpool_prior_MPEHCG.pt,112,146,146,2,2,1.21995804
maxpool_prior_CFTY8Z.pt,28,231,231,2,2,0.63613266
maxpool_prior_CIXRWB.pt,14,1036,1036,2,2,0.6010911600000002
maxpool_prior_6XQ5VL.pt,112,60,60,2,2,1.34119304
maxpool_prior_1L5JGK.pt,56,63,63,3,1,1.5669859800000006
maxpool_prior_9SOAR4.pt,28,507,507,2,2,0.9372028
maxpool_prior_0IH1LV.pt,28,254,254,3,2,0.6292736999999999
maxpool_prior_ST1JNZ.pt,28,496,496,3,2,1.3492370799999995
maxpool_prior_WDACJ0.pt,28,510,510,3,1,1.8450017800000003
maxpool_prior_K1TSID.pt,28,230,230,3,2,0.8395007200000001
maxpool_prior_1IG1FI.pt,14,498,498,3,2,0.3418331
maxpool_prior_HSN27M.pt,14,1041,1041,2,2,0.38919002000000014
maxpool_prior_CDMWF4.pt,112,500,500,3,2,4.4905194999999996
maxpool_prior_ZBZW8O.pt,112,74,74,2,2,1.3782193800000002
maxpool_prior_BRT2UJ.pt,56,243,243,3,1,2.0519632399999996
maxpool_prior_ZG9UA2.pt,28,498,498,3,2,1.4085836399999996
maxpool_prior_UGX8JD.pt,28,200,200,3,2,0.5533575399999999
maxpool_prior_N2WR9U.pt,112,507,507,3,1,17.99635632
maxpool_prior_ONFEZW.pt,14,137,137,3,2,0.1304573
maxpool_prior_TF1JC4.pt,56,140,140,3,2,1.2674718599999997
maxpool_prior_BZGWYZ.pt,14,51,51,2,2,0.11894874
maxpool_prior_KWSW28.pt,112,232,232,2,2,1.5512995200000004
maxpool_prior_5M0XGQ.pt,28,243,243,2,1,1.3119712600000002
maxpool_prior_477DZ3.pt,56,56,56,2,2,0.61441078
maxpool_prior_HOG422.pt,56,40,40,2,2,0.33322132000000004
maxpool_prior_D40B22.pt,14,489,489,3,1,1.286535
maxpool_prior_2467G2.pt,28,67,67,2,2,0.1526317
maxpool_prior_EJEU5M.pt,28,149,149,2,2,0.31267133999999996
maxpool_prior_C9SZSN.pt,28,53,53,3,2,0.16037602
maxpool_prior_G0H6YH.pt,112,190,190,3,2,1.779147
maxpool_prior_153DPK.pt,112,194,194,3,2,2.11243464
maxpool_prior_GR6C1P.pt,14,842,842,2,2,0.34359769999999995
maxpool_prior_BJCEEV.pt,56,1031,1031,3,2,2.3968929400000003
maxpool_prior_JDICNK.pt,14,37,37,3,2,0.09091604
maxpool_prior_DRX1CM.pt,112,507,507,3,2,4.665008460000001
maxpool_prior_FMROLW.pt,14,147,147,3,2,0.1225599
maxpool_prior_ITPAEI.pt,224,49,49,2,2,1.5796808999999998
maxpool_prior_0IP780.pt,28,51,51,2,2,0.13267134000000003
maxpool_prior_O543Z8.pt,224,58,58,2,2,1.5389510800000006
maxpool_prior_6ML9DL.pt,14,523,523,3,2,0.36465162
maxpool_prior_G4WLX9.pt,14,67,67,2,2,0.09917174000000002
maxpool_prior_LNYF1G.pt,112,67,67,2,2,0.9681187000000001
maxpool_prior_XM78EV.pt,112,65,65,2,2,1.2088470199999999
maxpool_prior_MJUIFX.pt,112,237,237,3,2,2.3637131
maxpool_prior_JK2VP0.pt,14,73,73,2,1,0.15331833999999997
maxpool_prior_4PV43R.pt,28,462,462,3,2,1.1307878199999999
maxpool_prior_WLCLXQ.pt,14,54,54,3,2,0.11360832
maxpool_prior_6KNEFO.pt,28,201,201,3,2,0.58160792
maxpool_prior_QXB8F6.pt,14,499,499,3,2,0.26060891999999997
maxpool_prior_8ZAGG0.pt,56,69,69,3,2,0.8250421
maxpool_prior_QJSFXO.pt,28,496,496,3,2,1.11213968
maxpool_prior_OCUW3U.pt,28,67,67,2,2,0.13919318000000003
maxpool_prior_46046K.pt,28,496,496,2,2,0.83520676
maxpool_prior_YSTXHT.pt,14,185,185,3,1,0.43086847999999994
maxpool_prior_J0SYIK.pt,112,193,193,2,2,1.6399965800000005
maxpool_prior_LB38WO.pt,28,73,73,3,2,0.14450298
maxpool_prior_QVG0Y4.pt,14,65,65,3,2,0.11013007999999998
maxpool_prior_GNA8VK.pt,224,501,501,2,2,13.995963800000002
maxpool_prior_CHNPKE.pt,56,509,509,2,1,2.70633804
maxpool_prior_DWXWWG.pt,14,503,503,3,2,0.27115459999999997
maxpool_prior_VABBB0.pt,56,497,497,3,2,1.5413998599999998
maxpool_prior_HACJF6.pt,112,75,75,2,2,1.17669638
maxpool_prior_SZVD4Z.pt,224,237,237,3,2,8.374672639999998
maxpool_prior_LD1O9K.pt,112,56,56,3,2,1.04281008
maxpool_prior_5MTA7J.pt,14,518,518,2,2,0.25241594
maxpool_prior_DKAKGV.pt,112,63,63,2,2,1.3070750800000002
maxpool_prior_5IJSES.pt,112,511,511,2,2,3.1870437199999992
maxpool_prior_WQ05C1.pt,112,251,251,2,2,2.0514226399999993
maxpool_prior_6A8M48.pt,56,493,493,2,2,1.2808791799999995
maxpool_prior_N2VCNJ.pt,28,201,201,3,2,0.5497728599999999
maxpool_prior_UPMUQL.pt,224,246,246,2,2,6.558700400000001
maxpool_prior_8O8WUJ.pt,28,67,67,2,1,0.5004373599999999
maxpool_prior_GKN3PO.pt,56,49,49,3,1,0.8565757999999997
maxpool_prior_D06486.pt,112,501,501,3,2,4.5818815200000005
maxpool_prior_9EG1J5.pt,224,86,86,2,2,2.3865397199999996
maxpool_prior_3C7NMC.pt,28,383,383,3,2,1.1747728199999998
maxpool_prior_OFILE6.pt,112,98,98,2,2,1.0333365600000006
maxpool_prior_NY09ZW.pt,56,63,63,2,2,0.5663691000000002
maxpool_prior_2KF68U.pt,224,32,32,3,2,2.1427671000000004
maxpool_prior_XK0TQR.pt,56,24,24,2,2,0.24233286000000004
maxpool_prior_IQ8MY4.pt,14,479,479,2,2,0.23741848000000002
maxpool_prior_HKYA5B.pt,14,511,511,2,2,0.22609916
maxpool_prior_R6TW76.pt,224,238,238,2,2,6.04272798
maxpool_prior_CUTQ79.pt,112,92,92,3,2,1.5510798799999994
maxpool_prior_FUV9ZU.pt,224,504,504,2,2,14.542653320000001
maxpool_prior_5SNNHJ.pt,112,474,474,3,2,4.18268882
maxpool_prior_SWQJYR.pt,14,382,382,3,1,0.92604176
maxpool_prior_PN2KJZ.pt,112,97,97,3,1,3.4657941599999993
maxpool_prior_QL1F93.pt,112,501,501,3,2,4.68527228
maxpool_prior_5PFOFM.pt,14,849,849,2,2,0.4522581399999999
maxpool_prior_LU5OIN.pt,14,71,71,2,2,0.08976369999999997
maxpool_prior_H78C3I.pt,56,490,490,3,2,1.6820114399999992
maxpool_prior_NAMGAF.pt,112,28,28,3,2,1.2482949999999995
maxpool_prior_IOE3JF.pt,14,508,508,3,2,0.08456651999999998
maxpool_prior_WMA3MR.pt,56,79,79,2,2,0.5355245400000003
maxpool_prior_XTWUD1.pt,112,57,57,3,2,1.0382593800000004
maxpool_prior_R591NB.pt,14,33,33,2,1,0.11446508
maxpool_prior_97THTT.pt,14,509,509,2,2,0.27856348
maxpool_prior_KXQAUC.pt,56,146,146,3,2,1.1021759199999999
maxpool_prior_704602.pt,28,508,508,3,2,1.1790367800000008
maxpool_prior_7MTA79.pt,14,234,234,3,2,0.2021976
maxpool_prior_XQDTH1.pt,112,197,197,2,2,1.6153329000000003
maxpool_prior_O33T2S.pt,14,57,57,2,2,0.10282227999999999
maxpool_prior_G2VQNZ.pt,14,491,491,2,1,0.71588408
maxpool_prior_I33TDM.pt,14,61,61,2,2,0.10459014000000004
maxpool_prior_LNTDO2.pt,28,482,482,3,2,1.2501296199999998
maxpool_prior_XGTUSI.pt,224,128,128,2,2,3.3150306599999992
maxpool_prior_YLOHTC.pt,112,507,507,3,1,17.36296388
maxpool_prior_TQ9H8D.pt,14,49,49,2,2,0.09235068000000002
maxpool_prior_19RK7K.pt,112,201,201,3,2,1.8420715200000002
maxpool_prior_XN6F4A.pt,56,137,137,3,2,1.1653394200000002
maxpool_prior_V5VSZC.pt,28,253,253,3,2,0.60271642
maxpool_prior_CMYYCK.pt,28,61,61,3,2,0.14994385999999998
maxpool_prior_ZFV1C0.pt,28,494,494,2,2,0.8825235800000002
maxpool_prior_JMRCJ7.pt,56,1036,1036,2,2,2.1935534800000003
maxpool_prior_NHBU4C.pt,224,503,503,2,2,14.894325419999998
maxpool_prior_7ETX30.pt,28,507,507,2,2,0.98316474
maxpool_prior_9RW6FB.pt,14,247,247,3,2,0.18984271999999996
maxpool_prior_3IZ4FW.pt,28,498,498,3,2,1.2999168199999998
maxpool_prior_S98I4A.pt,112,500,500,2,2,3.010698099999999
maxpool_prior_G39U7X.pt,112,137,137,3,2,1.47297106
maxpool_prior_Y5BXYC.pt,14,237,237,2,2,0.18816757999999997
maxpool_prior_YZ27C4.pt,56,492,492,2,2,1.4426224399999998
maxpool_prior_R47LU7.pt,112,506,506,2,2,3.119997840000001
maxpool_prior_24XJ93.pt,112,240,240,3,2,2.2825128400000003
maxpool_prior_FAACQ6.pt,56,490,490,3,2,1.44456444
maxpool_prior_GJ1999.pt,56,62,62,3,2,0.8147309
maxpool_prior_W689IY.pt,112,486,486,3,1,17.095315620000004
maxpool_prior_M7EDI4.pt,14,237,237,3,2,0.14964767999999998
maxpool_prior_AZCW5I.pt,14,72,72,3,2,0.10176407999999997
maxpool_prior_3RBCY6.pt,56,509,509,2,2,1.9401586799999995
maxpool_prior_2I69XD.pt,56,137,137,2,2,1.08408198
maxpool_prior_80277R.pt,56,144,144,3,2,1.3258620200000002
maxpool_prior_TWOF9V.pt,56,194,194,2,2,1.2155463199999998
maxpool_prior_WURBOW.pt,28,69,69,3,2,0.2404883
maxpool_prior_66WTWJ.pt,14,78,78,3,2,0.10068067999999998
maxpool_prior_CW9890.pt,112,509,509,2,2,3.1990818000000005
maxpool_prior_A2TE6G.pt,224,832,832,2,2,25.630795380000006
maxpool_prior_7RT03Z.pt,112,245,245,3,2,2.4988857200000005
maxpool_prior_HX6MVZ.pt,112,236,236,3,2,2.2907396799999993
maxpool_prior_04PYPP.pt,112,254,254,3,2,2.41090076
maxpool_prior_7KRELJ.pt,28,179,179,3,2,0.64476728
maxpool_prior_TV7Q1B.pt,14,511,511,3,2,0.35493021999999996
maxpool_prior_WE3J44.pt,112,243,243,2,2,1.6107572000000001
maxpool_prior_3BAG7J.pt,14,55,55,2,1,0.14312648
maxpool_prior_LZIS97.pt,56,152,152,2,1,1.5082120199999998
maxpool_prior_K2IGLL.pt,14,825,825,3,2,0.5243308600000001
maxpool_prior_KSQLCA.pt,56,251,251,3,2,1.5423424200000004
maxpool_prior_5XEVE3.pt,224,141,141,2,2,3.4704783799999985
maxpool_prior_5VSZ35.pt,28,151,151,2,2,0.364742
maxpool_prior_JTXKI5.pt,112,195,195,2,2,1.7653322200000003
maxpool_prior_UE14XX.pt,224,27,27,3,2,1.1767837000000003
maxpool_prior_BN5RHQ.pt,56,1041,1041,3,2,2.42847934
maxpool_prior_DPMGK1.pt,224,185,185,3,2,7.040580739999999
maxpool_prior_9TVNER.pt,56,840,840,3,2,1.9528963200000005
maxpool_prior_45J41P.pt,28,490,490,3,2,1.1660025200000002
maxpool_prior_09CH4V.pt,112,493,493,2,2,2.9597919599999996
maxpool_prior_X7SGAM.pt,56,493,493,2,2,1.5598425599999999
maxpool_prior_GRP6AW.pt,56,484,484,3,2,1.43865134
maxpool_prior_MISIPM.pt,56,142,142,3,2,1.3958238199999995
maxpool_prior_9BUGDE.pt,56,492,492,2,2,2.1006499399999994
maxpool_prior_F5T9BE.pt,56,71,71,2,2,0.53583758
maxpool_prior_9NDOFW.pt,56,141,141,2,2,0.9019356
maxpool_prior_QQIFW1.pt,56,491,491,2,2,2.52786564
maxpool_prior_3WYAE6.pt,56,462,462,2,2,1.5344430200000005
maxpool_prior_XUBJWL.pt,56,507,507,2,2,2.035035099999999
maxpool_prior_HGVXA5.pt,224,81,81,3,2,3.386202640000001
maxpool_prior_LQBRGK.pt,112,494,494,3,2,4.449030799999999
maxpool_prior_GXNSET.pt,14,493,493,2,2,0.23693334000000005
maxpool_prior_WLJ4UW.pt,14,497,497,2,2,0.2522519
maxpool_prior_6VAAXO.pt,28,467,467,2,2,0.8329944200000001
maxpool_prior_6QM6VD.pt,112,200,200,3,2,2.05925224
maxpool_prior_O0HV4X.pt,112,847,847,3,2,7.7023364
maxpool_prior_GF6XT1.pt,14,237,237,2,1,0.49168068000000004
maxpool_prior_0G6PTR.pt,14,67,67,3,2,0.10179034000000002
maxpool_prior_S4JOLV.pt,56,69,69,3,2,1.03121778
maxpool_prior_N1HOL7.pt,112,837,837,2,1,22.9864276
maxpool_prior_1Y4GDE.pt,56,502,502,3,2,1.4758143000000001
maxpool_prior_Q1B4H6.pt,112,50,50,2,2,0.8642168199999999
maxpool_prior_0KQV3B.pt,112,191,191,2,1,4.052174700000002
maxpool_prior_881I6Q.pt,14,241,241,3,2,0.15245082
maxpool_prior_FAII8O.pt,56,476,476,2,2,2.3004010399999997
maxpool_prior_72CTS5.pt,112,31,31,3,2,0.9167664799999996
maxpool_prior_H20W1D.pt,112,76,76,3,2,1.1056579400000002
maxpool_prior_CTOXV5.pt,14,250,250,2,1,0.47256713999999994
maxpool_prior_Y3P96C.pt,112,62,62,2,2,1.5003610599999997
maxpool_prior_NIIG8W.pt,14,151,151,3,2,0.12551490000000004
maxpool_prior_YUQEE3.pt,112,255,255,2,2,2.687606140000001
maxpool_prior_2S2TT2.pt,112,135,135,3,2,1.3846485600000003
maxpool_prior_NKRKAT.pt,14,57,57,2,2,0.08405813999999999
maxpool_prior_A9SX8J.pt,14,95,95,3,2,0.10229034000000001
maxpool_prior_A1GSTD.pt,28,139,139,2,2,0.38091277999999995
maxpool_prior_47WMOU.pt,14,183,183,3,2,0.12632196
