model_path,CIN,COUT,feature_0,feature_1,latency
fc_prior_2T5M8S.pt,513,1000,0.5135,1.027,0.12210834000000002
fc_prior_3JRHDN.pt,516,1000,0.5165,1.033,0.10949614000000002
fc_prior_8L14L9.pt,518,1000,0.5185,1.037,0.10466543999999997
fc_prior_QSFU21.pt,525,1000,0.5255,1.051,0.10916391999999998
fc_prior_HGBYVS.pt,531,1000,0.5315,1.063,0.11003509999999997
fc_prior_MJ1X0A.pt,554,1000,0.5545,1.109,0.11240430000000001
fc_prior_NA3TUT.pt,557,1000,0.5575,1.115,0.10851703999999997
fc_prior_F60QUZ.pt,562,1000,0.5625,1.125,0.10965903999999999
fc_prior_KB7U26.pt,564,1000,0.5645,1.129,0.13296696
fc_prior_J17KAD.pt,569,1000,0.5695,1.139,0.10527484000000001
fc_prior_CP9V7A.pt,570,1000,0.5705,1.141,0.10910952000000003
fc_prior_1JN95L.pt,570,1000,0.5705,1.141,0.11193645999999999
fc_prior_XW4NRT.pt,582,1000,0.5825,1.165,0.11125629999999993
fc_prior_W90W0R.pt,594,1000,0.5945,1.189,0.13409803999999997
fc_prior_PML9DH.pt,594,1000,0.5945,1.189,0.10434581999999999
fc_prior_8C39X8.pt,595,1000,0.5955,1.191,0.13104700000000002
fc_prior_IRGHFA.pt,601,1000,0.6015,1.203,0.11729516000000001
fc_prior_6PMNMS.pt,605,1000,0.6055,1.211,0.11345749999999999
fc_prior_PKMT6W.pt,610,1000,0.6105,1.221,0.12338262
fc_prior_BI846X.pt,616,1000,0.6165,1.233,0.12232414
fc_prior_HE8AUB.pt,624,1000,0.6245,1.249,0.09771
fc_prior_R592R8.pt,630,1000,0.6305,1.261,0.12428642000000004
fc_prior_BL0QST.pt,632,1000,0.6325,1.265,0.11946713999999999
fc_prior_2WVLDH.pt,634,1000,0.6345,1.269,0.11988379999999997
fc_prior_YX4Y7Q.pt,640,1000,0.6405,1.281,0.10910450000000001
fc_prior_2LPSCK.pt,642,1000,0.6425,1.285,0.10523645999999998
fc_prior_3TULQM.pt,644,1000,0.6445,1.289,0.11804334000000001
fc_prior_67AXCS.pt,646,1000,0.6465,1.293,0.11160909999999997
fc_prior_XZG70R.pt,647,1000,0.6475,1.295,0.13751429999999998
fc_prior_CNDBEL.pt,651,1000,0.6515,1.303,0.13931988000000003
fc_prior_PCD7FB.pt,651,1000,0.6515,1.303,0.11991715999999997
fc_prior_0HZNNX.pt,651,1000,0.6515,1.303,0.1323854
fc_prior_FYDJW1.pt,655,1000,0.6555,1.311,0.11383052
fc_prior_5TH2KH.pt,665,1000,0.6655,1.331,0.11796813999999997
fc_prior_17M9TX.pt,670,1000,0.6705,1.341,0.12096900000000003
fc_prior_O0W47I.pt,675,1000,0.6755,1.351,0.11315760000000001
fc_prior_7LP4S4.pt,676,1000,0.6765,1.353,0.12461864000000002
fc_prior_SQ7S04.pt,680,1000,0.6805,1.361,0.11971676
fc_prior_7O0J7D.pt,684,1000,0.6845,1.369,0.10890466
fc_prior_PXU7GH.pt,686,1000,0.6865,1.373,0.10973026000000001
fc_prior_ARSU98.pt,689,1000,0.6895,1.379,0.11449437999999999
fc_prior_H5D4NQ.pt,691,1000,0.6915,1.383,0.12114682000000002
fc_prior_M8M43X.pt,696,1000,0.6965,1.393,0.12284229999999999
fc_prior_5FYU6J.pt,697,1000,0.6975,1.395,0.11943683999999999
fc_prior_M12O0M.pt,702,1000,0.7025,1.405,0.13270918
fc_prior_WQ8SSD.pt,703,1000,0.7035,1.407,0.11746662
fc_prior_AJZCRZ.pt,715,1000,0.7155,1.431,0.13944691999999997
fc_prior_1G9FY1.pt,717,1000,0.7175,1.435,0.07236267999999998
fc_prior_28EBUJ.pt,719,1000,0.7195,1.439,0.11998134
fc_prior_AFLHN1.pt,728,1000,0.7285,1.457,0.08647433999999998
fc_prior_2I3NCE.pt,734,1000,0.7345,1.469,0.06625852000000003
fc_prior_ZOH61G.pt,740,1000,0.7405,1.481,0.11382057999999998
fc_prior_NL80KN.pt,741,1000,0.7415,1.483,0.11706504
fc_prior_8HTXDK.pt,743,1000,0.7435,1.487,0.10140672
fc_prior_9F1FZ0.pt,744,1000,0.7445,1.489,0.10362049999999998
fc_prior_VBQ9G6.pt,755,1000,0.7555,1.511,0.11986963999999999
fc_prior_4OMJM9.pt,763,1000,0.7635,1.527,0.11796434000000001
fc_prior_PHRHDZ.pt,765,1000,0.7655,1.531,0.11402644
fc_prior_LGIU9Q.pt,768,1000,0.7685,1.537,0.13127155999999998
fc_prior_UXIWFF.pt,771,1000,0.7715,1.543,0.11853012000000002
fc_prior_7DJHEG.pt,781,1000,0.7815,1.563,0.11433141999999995
fc_prior_MW9504.pt,782,1000,0.7825,1.565,0.11668691999999999
fc_prior_XNEBU9.pt,792,1000,0.7925,1.585,0.11612541999999998
fc_prior_A7LQRP.pt,798,1000,0.7985,1.597,0.12348930000000001
fc_prior_LG5TTO.pt,799,1000,0.7995,1.599,0.14582237999999997
fc_prior_XT0J0J.pt,799,1000,0.7995,1.599,0.13633510000000001
fc_prior_GBXQQU.pt,801,1000,0.8015,1.603,0.13736794000000002
fc_prior_4S6KOL.pt,801,1000,0.8015,1.603,0.11404686000000001
fc_prior_ZTZ98P.pt,807,1000,0.8075,1.615,0.12116663999999998
fc_prior_6FITTQ.pt,813,1000,0.8135,1.627,0.12166242000000003
fc_prior_5UCLNX.pt,815,1000,0.8155,1.631,0.12269290000000002
fc_prior_HS3HWJ.pt,823,1000,0.8235,1.647,0.11853462000000001
fc_prior_GYC833.pt,836,1000,0.8365,1.673,0.12601459999999995
fc_prior_JJSYJI.pt,844,1000,0.8445,1.689,0.0225382
fc_prior_17COMR.pt,845,1000,0.8455,1.691,0.11842748000000002
fc_prior_Q5VO2Y.pt,849,1000,0.8495,1.699,0.12236552000000003
fc_prior_98GCIP.pt,856,1000,0.8565,1.713,0.12090156000000002
fc_prior_H8ALXC.pt,859,1000,0.8595,1.719,0.11504346
fc_prior_WIN99K.pt,863,1000,0.8635,1.727,0.13139145999999996
fc_prior_HWF224.pt,864,1000,0.8645,1.729,0.13433352000000004
fc_prior_OCKTJD.pt,867,1000,0.8675,1.735,0.11926091999999999
fc_prior_LEW5NJ.pt,872,1000,0.8725,1.745,0.13749811999999997
fc_prior_GC64OD.pt,873,1000,0.8735,1.747,0.13283825999999999
fc_prior_746FLR.pt,881,1000,0.8815,1.763,0.11663961999999999
fc_prior_D20PL9.pt,893,1000,0.8935,1.787,0.12389879999999996
fc_prior_UPGGM0.pt,894,1000,0.8945,1.789,0.11580410000000003
fc_prior_O443SD.pt,896,1000,0.8965,1.793,0.12090239999999998
fc_prior_DBP4GQ.pt,900,1000,0.9005,1.801,0.11685737999999996
fc_prior_7HA1MD.pt,902,1000,0.9025,1.805,0.10539325999999999
fc_prior_5WIZG7.pt,903,1000,0.9035,1.807,0.13724784
fc_prior_98IO6V.pt,904,1000,0.9045,1.809,0.10721117999999999
fc_prior_K3OMTK.pt,912,1000,0.9125,1.825,0.11735182000000002
fc_prior_4VSO5K.pt,913,1000,0.9135,1.827,0.12673457999999996
fc_prior_5GJQDO.pt,915,1000,0.9155,1.831,0.11473834
fc_prior_IJNZPH.pt,916,1000,0.9165,1.833,0.11817413999999996
fc_prior_NSQDWI.pt,919,1000,0.9195,1.839,0.12061306
fc_prior_833UYD.pt,921,1000,0.9215,1.843,0.12144943999999996
fc_prior_6YKJHL.pt,923,1000,0.9235,1.847,0.11753130000000002
fc_prior_24LFE6.pt,931,1000,0.9315,1.863,0.15302834000000004
fc_prior_I9LTWB.pt,939,1000,0.9395,1.879,0.12714868
fc_prior_W6IHWI.pt,940,1000,0.9405,1.881,0.026524040000000006
fc_prior_BZNG6Z.pt,950,1000,0.9505,1.901,0.11956721999999997
fc_prior_BBOL3A.pt,953,1000,0.9535,1.907,0.12066297999999998
fc_prior_H7BJ8Y.pt,954,1000,0.9545,1.909,0.12114314
fc_prior_JB27RC.pt,962,1000,0.9625,1.925,0.10993463999999997
fc_prior_7SVARS.pt,977,1000,0.9775,1.955,0.11518713999999998
fc_prior_OGY75S.pt,981,1000,0.9815,1.963,0.13846102000000002
fc_prior_LNXTI3.pt,985,1000,0.9855,1.971,0.11402023999999997
fc_prior_3CEJMS.pt,986,1000,0.9865,1.973,0.12195299999999998
fc_prior_H4W9D0.pt,1001,1000,1.0015,2.003,0.1639925
fc_prior_A10T19.pt,1009,1000,1.0095,2.019,0.14529808000000002
fc_prior_YTTDC6.pt,1011,1000,1.0115,2.023,0.14361044
fc_prior_FIABLO.pt,1013,1000,1.0135,2.027,0.16638714000000004
fc_prior_S55K87.pt,1024,1000,1.0245,2.049,0.12839396
fc_prior_U0191X.pt,1029,1000,1.0295,2.059,0.13648844000000002
fc_prior_4RDPFN.pt,1031,1000,1.0315,2.063,0.14554957999999998
fc_prior_9RTUFG.pt,1037,1000,1.0375,2.075,0.13630236
fc_prior_EX7EJT.pt,1050,1000,1.0505,2.101,0.19269192000000002
fc_prior_PNEEH4.pt,1071,1000,1.0715,2.143,0.17467098000000003
fc_prior_WNIWSK.pt,1075,1000,1.0755,2.151,0.16670916000000002
fc_prior_706OK8.pt,1076,1000,1.0765,2.153,0.1308298
fc_prior_FMYQZ5.pt,1078,1000,1.0785,2.157,0.12671834
fc_prior_JWFP5Z.pt,1086,1000,1.0865,2.173,0.28696382000000004
fc_prior_MZYM0W.pt,1090,1000,1.0905,2.181,0.12894083999999995
fc_prior_TYG4Z3.pt,1091,1000,1.0915,2.183,0.13516849999999997
fc_prior_TD777T.pt,1098,1000,1.0985,2.197,0.13289889999999996
fc_prior_LBJUQY.pt,1099,1000,1.0995,2.199,0.13182704
fc_prior_NV2R8G.pt,1101,1000,1.1015,2.203,0.17622065999999997
fc_prior_2P0T4W.pt,1109,1000,1.1095,2.219,0.13901483999999995
fc_prior_J5LWJK.pt,1111,1000,1.1115,2.223,0.17834953999999997
fc_prior_EPTZKF.pt,1114,1000,1.1145,2.229,0.14423876000000002
fc_prior_YXCZ25.pt,1117,1000,1.1175,2.235,0.13244818000000003
fc_prior_5Z0V29.pt,1119,1000,1.1195,2.239,0.12447122000000001
fc_prior_7Z38Q4.pt,1122,1000,1.1225,2.245,0.13058357999999998
fc_prior_CITRUZ.pt,1164,1000,1.1645,2.329,0.13141318
fc_prior_U33H26.pt,1182,1000,1.1825,2.365,0.16365972000000004
fc_prior_3Q6TP3.pt,1191,1000,1.1915,2.383,0.14031762
fc_prior_FOULDW.pt,1195,1000,1.1955,2.391,0.14898685999999997
fc_prior_8FPF37.pt,1213,1000,1.2135,2.427,0.15495121999999997
fc_prior_TBEF5Y.pt,1235,1000,1.2355,2.471,0.15077963999999996
fc_prior_96H5UU.pt,1237,1000,1.2375,2.475,0.14644396
fc_prior_GCZJ8T.pt,1286,1000,1.2865,2.573,0.12631048
fc_prior_6E5AQ1.pt,1288,1000,1.2885,2.577,0.13011559999999997
fc_prior_84HIUQ.pt,1296,1000,1.2965,2.593,0.15433780000000002
fc_prior_7S3BV2.pt,1309,1000,1.3095,2.619,0.15722119999999998
fc_prior_S684RA.pt,1344,1000,1.3445,2.689,0.15807468
fc_prior_G0W5I2.pt,1346,1000,1.3465,2.693,0.16941843999999995
fc_prior_JT5I11.pt,1359,1000,1.3595,2.719,0.16183398000000002
fc_prior_AK2NB1.pt,1401,1000,1.4015,2.803,0.17116519999999993
fc_prior_N8TWIU.pt,1405,1000,1.4055,2.811,0.16983248
fc_prior_QNFF7I.pt,1423,1000,1.4235,2.847,0.16292354000000003
fc_prior_06TCRQ.pt,1440,1000,1.4405,2.881,0.19290125999999996
fc_prior_P8DEVS.pt,1456,1000,1.4565,2.913,0.19494071999999998
fc_prior_BHU5LW.pt,1468,1000,1.4685,2.937,0.17938828
fc_prior_OB703T.pt,1471,1000,1.4715,2.943,0.17322991999999998
fc_prior_F8WIRM.pt,1480,1000,1.4805,2.961,0.18194281999999995
fc_prior_WX04EF.pt,1495,1000,1.4955,2.991,0.1910173
fc_prior_E3OGCV.pt,1508,1000,1.5085,3.017,0.19258077999999998
fc_prior_WPPO3I.pt,1518,1000,1.5185,3.037,0.17185993999999993
fc_prior_VZD0V6.pt,1523,1000,1.5235,3.047,0.19554025999999997
fc_prior_VDJ5L4.pt,1530,1000,1.5305,3.061,0.18293986
fc_prior_BP61US.pt,1533,1000,1.5335,3.067,0.18837802000000003
fc_prior_RSIE9M.pt,1538,1000,1.5385,3.077,0.18726702
fc_prior_E2AL4O.pt,1542,1000,1.5425,3.085,0.18574099999999993
fc_prior_6MJW0G.pt,1554,1000,1.5545,3.109,0.18984647999999996
fc_prior_RSIGQ9.pt,1567,1000,1.5675,3.135,0.18442805999999995
fc_prior_BDXZJE.pt,1579,1000,1.5795,3.159,0.24487006
fc_prior_IX4UZ8.pt,1602,1000,1.6025,3.205,0.15707616
fc_prior_643V7X.pt,1617,1000,1.6175,3.235,0.19678011999999995
fc_prior_HVTKCD.pt,1629,1000,1.6295,3.259,0.2017299
fc_prior_N721BE.pt,1642,1000,1.6425,3.285,0.18564703999999996
fc_prior_5EUXV8.pt,1642,1000,1.6425,3.285,0.19804182
fc_prior_DTOHJA.pt,1660,1000,1.6605,3.321,0.19487063999999996
fc_prior_Q9I404.pt,1680,1000,1.6805,3.361,0.15140388
fc_prior_2AB5X5.pt,1703,1000,1.7035,3.407,0.22092806000000004
fc_prior_92YINS.pt,1717,1000,1.7175,3.435,0.20236822000000004
fc_prior_9KO7TH.pt,1727,1000,1.7275,3.455,0.20805248000000007
fc_prior_3TPGSS.pt,1740,1000,1.7405,3.481,0.21427714
fc_prior_SAJI5Q.pt,1742,1000,1.7425,3.485,0.2862292799999999
fc_prior_CD1GZK.pt,1744,1000,1.7445,3.489,0.2249142
fc_prior_REGE3Q.pt,1752,1000,1.7525,3.505,0.28355900000000006
fc_prior_88JVE7.pt,1752,1000,1.7525,3.505,0.2265062
fc_prior_BBW0BM.pt,1766,1000,1.7665,3.533,0.21811899999999998
fc_prior_G2O476.pt,1770,1000,1.7705,3.541,0.20360516000000006
fc_prior_SVMQKB.pt,1771,1000,1.7715,3.543,0.21447349999999996
fc_prior_XGO0FS.pt,1777,1000,1.7775,3.555,0.20527033999999997
fc_prior_OMH4J8.pt,1778,1000,1.7785,3.557,0.17529433999999994
fc_prior_TJMB8F.pt,1779,1000,1.7795,3.559,0.20838160000000017
fc_prior_SPLHUZ.pt,1779,1000,1.7795,3.559,0.21588356
fc_prior_7MAVVA.pt,1779,1000,1.7795,3.559,0.27293271999999996
fc_prior_9RFEP7.pt,1780,1000,1.7805,3.561,0.20746952000000007
fc_prior_L5OYGS.pt,1784,1000,1.7845,3.569,0.21089692
fc_prior_L233UC.pt,1788,1000,1.7885,3.577,0.21560516
fc_prior_7K4D5H.pt,1791,1000,1.7915,3.583,0.23646854
fc_prior_DQVAKD.pt,1795,1000,1.7955,3.591,0.2731388400000001
fc_prior_RDNZME.pt,1800,1000,1.8005,3.601,0.22249934000000005
fc_prior_SG89E2.pt,1800,1000,1.8005,3.601,0.17815252
fc_prior_LQ2497.pt,1803,1000,1.8035,3.607,0.22712717999999998
fc_prior_Y0GW1C.pt,1804,1000,1.8045,3.609,0.22683043999999997
fc_prior_RTF4SY.pt,1807,1000,1.8075,3.615,0.22819193999999998
fc_prior_Z2L9E8.pt,1816,1000,1.8165,3.633,0.20745833999999996
fc_prior_4ZZQJY.pt,1820,1000,1.8205,3.641,0.2187367
fc_prior_JMOISK.pt,1821,1000,1.8215,3.643,0.22821144000000004
fc_prior_VH9WX0.pt,1825,1000,1.8255,3.651,0.21530219999999997
fc_prior_KHMOC8.pt,1829,1000,1.8295,3.659,0.17261608000000003
fc_prior_RPT82R.pt,1844,1000,1.8445,3.689,0.21657571999999994
fc_prior_CJVQ4N.pt,1850,1000,1.8505,3.701,0.17893350000000005
fc_prior_SNCI7L.pt,1852,1000,1.8525,3.705,0.19768012000000001
fc_prior_AYSLHL.pt,1860,1000,1.8605,3.721,0.23349036000000006
fc_prior_S2DRB3.pt,1861,1000,1.8615,3.723,0.23156800000000005
fc_prior_8646G5.pt,1861,1000,1.8615,3.723,0.26634502000000004
fc_prior_1XYAHM.pt,1875,1000,1.8755,3.751,0.23197337999999998
fc_prior_CMR6LN.pt,1890,1000,1.8905,3.781,0.22762778000000006
fc_prior_PPZI62.pt,1890,1000,1.8905,3.781,0.28280429999999995
fc_prior_2IJN8C.pt,1898,1000,1.8985,3.797,0.2495265399999999
fc_prior_3QLYUB.pt,1904,1000,1.9045,3.809,0.17037644
fc_prior_BVHQIN.pt,1905,1000,1.9055,3.811,0.22849404000000004
fc_prior_FLY6JT.pt,1915,1000,1.9155,3.831,0.17689924
fc_prior_GJWA02.pt,1925,1000,1.9255,3.851,0.22756365999999997
fc_prior_BD3GKW.pt,1930,1000,1.9305,3.861,0.24273900000000004
fc_prior_TAGL1R.pt,1932,1000,1.9325,3.865,0.24661619999999995
fc_prior_4MP5U1.pt,1933,1000,1.9335,3.867,0.24471215999999998
fc_prior_0VASBE.pt,1935,1000,1.9355,3.871,0.27342378000000006
fc_prior_DJ45C2.pt,1944,1000,1.9445,3.889,0.24709197999999993
fc_prior_8Q672W.pt,1946,1000,1.9465,3.893,0.19283370000000005
fc_prior_RQSU0M.pt,1953,1000,1.9535,3.907,0.23531338000000004
fc_prior_TSPGS6.pt,1955,1000,1.9555,3.911,0.23353182000000008
fc_prior_1LZBWI.pt,1957,1000,1.9575,3.915,0.23326872000000004
fc_prior_RTUOU7.pt,1958,1000,1.9585,3.917,0.23553316000000002
fc_prior_N666H6.pt,1961,1000,1.9615,3.923,0.2848553
fc_prior_OSUHUC.pt,1967,1000,1.9675,3.935,0.2354398000000001
fc_prior_RZA12J.pt,1968,1000,1.9685,3.937,0.23449588
fc_prior_Y23I2V.pt,1972,1000,1.9725,3.945,0.23883867999999997
fc_prior_T6PZKI.pt,1989,1000,1.9895,3.979,0.24960429999999995
fc_prior_GCSBK4.pt,1990,1000,1.9905,3.981,0.24569518
fc_prior_VSMEUS.pt,1997,1000,1.9975,3.995,0.24370711999999986
fc_prior_NPDYX2.pt,2006,1000,2.0065,4.013,0.27097447999999996
fc_prior_ZDAT1L.pt,2009,1000,2.0095,4.019,0.26987206
fc_prior_XF7SRG.pt,2016,1000,2.0165,4.033,0.3121381
fc_prior_BPLH83.pt,2021,1000,2.0215,4.043,0.2480819800000001
fc_prior_SN1NP9.pt,2029,1000,2.0295,4.059,0.25733204
fc_prior_ETXNKM.pt,2032,1000,2.0325,4.065,0.25377281999999995
fc_prior_QJL1YT.pt,2032,1000,2.0325,4.065,0.25427522
fc_prior_0C2AD3.pt,2037,1000,2.0375,4.075,0.2557753799999999
fc_prior_YBVY0M.pt,2042,1000,2.0425,4.085,0.25070751999999996
fc_prior_49K320.pt,2045,1000,2.0455,4.091,0.25465166000000006
fc_prior_2JD0YT.pt,2046,1000,2.0465,4.093,0.23302062000000004
fc_prior_N2JOS2.pt,2047,1000,2.0475,4.095,0.27608054000000004
fc_prior_E70ALA.pt,2047,1000,2.0475,4.095,0.25141689999999994
fc_prior_KVD4LN.pt,2048,1000,2.0485,4.097,0.26549291999999997
fc_prior_A6D6V2.pt,2049,1000,2.0495,4.099,0.24955172000000003
fc_prior_B9J2BQ.pt,2050,1000,2.0505,4.101,0.27152708
fc_prior_S1SJQW.pt,2055,1000,2.0555,4.111,0.2951551399999999
fc_prior_SKD5AC.pt,2058,1000,2.0585,4.117,0.26457800000000004
fc_prior_VQI5UX.pt,2061,1000,2.0615,4.123,0.25410426
fc_prior_XJMW43.pt,2064,1000,2.0645,4.129,0.27428146000000003
fc_prior_WYQ2HZ.pt,2066,1000,2.0665,4.133,0.25452172000000006
fc_prior_LHN52T.pt,2066,1000,2.0665,4.133,0.25647320000000007
fc_prior_ZASYV4.pt,2069,1000,2.0695,4.139,0.24203038000000002
fc_prior_8ZW5UF.pt,2070,1000,2.0705,4.141,0.26511461999999997
fc_prior_L6BK1T.pt,2075,1000,2.0755,4.151,0.25185145999999997
fc_prior_PNQ8RO.pt,2077,1000,2.0775,4.155,0.21606493999999996
fc_prior_338RIO.pt,2087,1000,2.0875,4.175,0.2558180400000001
fc_prior_SJOMWC.pt,2091,1000,2.0915,4.183,0.26044903999999997
fc_prior_OIOGI8.pt,2100,1000,2.1005,4.201,0.2699514
fc_prior_N75GHK.pt,2104,1000,2.1045,4.209,0.2628076
fc_prior_7ZQWS2.pt,2111,1000,2.1115,4.223,0.27463198000000005
fc_prior_ECLG2Q.pt,2112,1000,2.1125,4.225,0.25463447999999994
fc_prior_QOIMW5.pt,2115,1000,2.1155,4.231,0.26027853999999995
fc_prior_DZYPK3.pt,2116,1000,2.1165,4.233,0.25586791999999997
fc_prior_RSZ5BL.pt,2120,1000,2.1205,4.241,0.25817666
fc_prior_UPNITR.pt,2122,1000,2.1225,4.245,0.25865968
fc_prior_CEJXNH.pt,2122,1000,2.1225,4.245,0.25746569999999996
fc_prior_YU4MY9.pt,2122,1000,2.1225,4.245,0.27986529999999993
fc_prior_J62JH9.pt,2123,1000,2.1235,4.247,0.2570750599999999
fc_prior_8SIDPN.pt,2124,1000,2.1245,4.249,0.28779778
fc_prior_3FCF3L.pt,2135,1000,2.1355,4.271,0.32018678
fc_prior_Y6W4EC.pt,2143,1000,2.1435,4.287,0.26925254000000004
fc_prior_HL3IE1.pt,2144,1000,2.1445,4.289,0.28065688
fc_prior_U62RAE.pt,2148,1000,2.1485,4.297,0.25841548
fc_prior_D2OSUE.pt,2157,1000,2.1575,4.315,0.28408938
fc_prior_325VUQ.pt,2157,1000,2.1575,4.315,0.27327924000000003
fc_prior_WZ7I8E.pt,2161,1000,2.1615,4.323,0.2517308
fc_prior_WTQUUX.pt,2162,1000,2.1625,4.325,0.2752083000000001
fc_prior_GKQR5A.pt,2171,1000,2.1715,4.343,0.26914408000000006
fc_prior_FG8ZLU.pt,2171,1000,2.1715,4.343,0.26307426
fc_prior_I5OFN5.pt,2173,1000,2.1735,4.347,0.26937626
fc_prior_6BZ1LQ.pt,2176,1000,2.1765,4.353,0.26852815999999996
fc_prior_5MKW04.pt,2179,1000,2.1795,4.359,0.26220469999999996
fc_prior_8H3NMT.pt,2195,1000,2.1955,4.391,0.26201912
fc_prior_CQJ2MP.pt,2196,1000,2.1965,4.393,0.23709710000000006
fc_prior_01N3K7.pt,2198,1000,2.1985,4.397,0.20721576
fc_prior_8G8UOI.pt,2204,1000,2.2045,4.409,0.27364776
fc_prior_4311QW.pt,2207,1000,2.2075,4.415,0.28096770000000004
fc_prior_0KTWYO.pt,2211,1000,2.2115,4.423,0.26219000000000003
fc_prior_SDXPZY.pt,2213,1000,2.2135,4.427,0.26794072
fc_prior_OPD99K.pt,2214,1000,2.2145,4.429,0.27842896
fc_prior_7AY89R.pt,2217,1000,2.2175,4.435,0.3690302399999999
fc_prior_9KPFT2.pt,2222,1000,2.2225,4.445,0.26363358
fc_prior_1D3FK6.pt,2222,1000,2.2225,4.445,0.2638102
fc_prior_8L01LN.pt,2224,1000,2.2245,4.449,0.22946938
fc_prior_7KSVJJ.pt,2233,1000,2.2335,4.467,0.29413588
fc_prior_C5YISE.pt,2234,1000,2.2345,4.469,0.23898584000000003
fc_prior_9OXBBB.pt,2235,1000,2.2355,4.471,0.29824280000000003
fc_prior_FK222S.pt,2236,1000,2.2365,4.473,0.25903747999999993
fc_prior_5T51DC.pt,2237,1000,2.2375,4.475,0.30864272
fc_prior_TMGXN9.pt,2243,1000,2.2435,4.487,0.29077985999999995
fc_prior_EGLWUG.pt,2247,1000,2.2475,4.495,0.20934185999999996
fc_prior_DXSMHJ.pt,2251,1000,2.2515,4.503,0.21230430000000003
fc_prior_AT7RVC.pt,2252,1000,2.2525,4.505,0.20915972000000005
fc_prior_4U0KLT.pt,2255,1000,2.2555,4.511,0.29537386
fc_prior_H53V6C.pt,2257,1000,2.2575,4.515,0.27168121999999995
fc_prior_3W63XY.pt,2260,1000,2.2605,4.521,0.27369334
fc_prior_TIM02B.pt,2261,1000,2.2615,4.523,0.33330986
fc_prior_Y24CZ9.pt,2262,1000,2.2625,4.525,0.32580626
fc_prior_KM2CGQ.pt,2264,1000,2.2645,4.529,0.2773764000000001
fc_prior_CU3UA5.pt,2265,1000,2.2655,4.531,0.28436276000000005
fc_prior_X5BBCE.pt,2270,1000,2.2705,4.541,0.30033024
fc_prior_5TUMQ8.pt,2277,1000,2.2775,4.555,0.28934826
fc_prior_PA3NEO.pt,2286,1000,2.2865,4.573,0.30934038
fc_prior_6EZXO4.pt,2286,1000,2.2865,4.573,0.27284381999999996
fc_prior_ZD2FRS.pt,2292,1000,2.2925,4.585,0.2822719999999999
fc_prior_I7FS84.pt,2293,1000,2.2935,4.587,0.28017558000000004
fc_prior_XL6V22.pt,2293,1000,2.2935,4.587,0.31218702
fc_prior_IJKNCA.pt,2295,1000,2.2955,4.591,0.22634486000000004
fc_prior_A2VEU3.pt,2299,1000,2.2995,4.599,0.29500868
fc_prior_CSMYXA.pt,2300,1000,2.3005,4.601,0.34064176
fc_prior_597KKW.pt,2306,1000,2.3065,4.613,0.30326262
fc_prior_6JCU76.pt,2313,1000,2.3135,4.627,0.22587680000000007
fc_prior_CY3E5Z.pt,2323,1000,2.3235,4.647,0.28404929999999995
fc_prior_I79NG2.pt,2329,1000,2.3295,4.659,0.27737994
fc_prior_8GR2SB.pt,2332,1000,2.3325,4.665,0.28101822000000004
fc_prior_FMWT6P.pt,2338,1000,2.3385,4.677,0.2886923600000001
fc_prior_7CNIQB.pt,2339,1000,2.3395,4.679,0.059104520000000015
fc_prior_TZ1MJX.pt,2340,1000,2.3405,4.681,0.21975713999999996
fc_prior_PYVCX7.pt,2346,1000,2.3465,4.693,0.25788126
fc_prior_HPJ1ME.pt,2347,1000,2.3475,4.695,0.28913784
fc_prior_9YQCGA.pt,2349,1000,2.3495,4.699,0.29064008
fc_prior_2EWUBT.pt,2352,1000,2.3525,4.705,0.2817009999999999
fc_prior_2YA0XA.pt,3584,1000,3.5845,7.169,0.38809114000000006
fc_prior_1VUL0K.pt,3587,1000,3.5875,7.175,0.39270842000000017
fc_prior_BYOU83.pt,3588,1000,3.5885,7.177,0.3797635999999999
fc_prior_X0MMIL.pt,3591,1000,3.5915,7.183,0.41223022
fc_prior_S0Z0JA.pt,3591,1000,3.5915,7.183,0.42652229999999997
fc_prior_EJFT60.pt,3592,1000,3.5925,7.185,0.39777762000000005
fc_prior_VOZ1H6.pt,3594,1000,3.5945,7.189,0.3971108599999999
fc_prior_6RQ15C.pt,3601,1000,3.6015,7.203,0.41164172
fc_prior_L6P904.pt,3609,1000,3.6095,7.219,0.4009982000000001
fc_prior_7X045U.pt,3610,1000,3.6105,7.221,0.3885924200000001
fc_prior_7X0E8O.pt,3611,1000,3.6115,7.223,0.4386188800000001
fc_prior_M3L5CQ.pt,3612,1000,3.6125,7.225,0.4412452800000001
fc_prior_ID31AA.pt,3615,1000,3.6155,7.231,0.4096585
fc_prior_ZLMVM0.pt,3617,1000,3.6175,7.235,0.36193918
fc_prior_1J0R7Z.pt,3627,1000,3.6275,7.255,0.3878842199999999
fc_prior_Z681D1.pt,3628,1000,3.6285,7.257,0.40513972
fc_prior_PNNBEK.pt,3628,1000,3.6285,7.257,0.39088096
fc_prior_8SWMEV.pt,3630,1000,3.6305,7.261,0.40243970000000007
fc_prior_J4J921.pt,3634,1000,3.6345,7.269,0.3792659200000001
fc_prior_D6EFPS.pt,3634,1000,3.6345,7.269,0.38437666
fc_prior_XHQSG2.pt,3636,1000,3.6365,7.273,0.3694730400000001
fc_prior_5QR0TO.pt,3638,1000,3.6385,7.277,0.41483013999999996
fc_prior_06QRU4.pt,3639,1000,3.6395,7.279,0.39059856
fc_prior_N4JBQF.pt,3645,1000,3.6455,7.291,0.4003120199999999
fc_prior_Y5GF9C.pt,3647,1000,3.6475,7.295,0.39926007999999996
fc_prior_DQOKAX.pt,3648,1000,3.6485,7.297,0.42058432
fc_prior_Y59UV1.pt,3649,1000,3.6495,7.299,0.38176091999999995
fc_prior_VZ9AOQ.pt,3649,1000,3.6495,7.299,0.39580038
fc_prior_WDMRZH.pt,3649,1000,3.6495,7.299,0.41264731999999993
fc_prior_FS4TF6.pt,3652,1000,3.6525,7.305,0.41473488
fc_prior_L6ZZF0.pt,3652,1000,3.6525,7.305,0.40331318000000005
fc_prior_NE5ROH.pt,3656,1000,3.6565,7.313,0.44565238000000007
fc_prior_C1L5Z1.pt,3663,1000,3.6635,7.327,0.39416337999999995
fc_prior_8XPUXT.pt,3664,1000,3.6645,7.329,0.37398355999999994
fc_prior_MAQ5JD.pt,3664,1000,3.6645,7.329,0.40481642000000007
fc_prior_GRQIK9.pt,3667,1000,3.6675,7.335,0.41187921999999993
fc_prior_AQW5HY.pt,3674,1000,3.6745,7.349,0.3903941199999999
fc_prior_MZHU1O.pt,3677,1000,3.6775,7.355,0.3944041600000001
fc_prior_1W0W6T.pt,3678,1000,3.6785,7.357,0.40781755999999997
fc_prior_RR35EK.pt,3681,1000,3.6815,7.363,0.4426926400000001
fc_prior_SCSPGA.pt,3683,1000,3.6835,7.367,0.38995653999999985
fc_prior_0XLX34.pt,3689,1000,3.6895,7.379,0.35690987999999996
fc_prior_B6BUEK.pt,3691,1000,3.6915,7.383,0.4307101000000001
fc_prior_YVD0DV.pt,3693,1000,3.6935,7.387,0.39913288
fc_prior_MLQ83L.pt,3696,1000,3.6965,7.393,0.41100124
fc_prior_BG04Q8.pt,3696,1000,3.6965,7.393,0.43514934000000005
fc_prior_12I31A.pt,3697,1000,3.6975,7.395,0.40026352000000004
fc_prior_Y1LTCB.pt,3699,1000,3.6995,7.399,0.3989496600000001
fc_prior_7H8SJB.pt,3701,1000,3.7015,7.403,0.40776018
fc_prior_EUDGVS.pt,3701,1000,3.7015,7.403,0.42971968
fc_prior_HIFS1Y.pt,3704,1000,3.7045,7.409,0.38051660000000015
fc_prior_R46QGN.pt,3707,1000,3.7075,7.415,0.40295931999999995
fc_prior_R6XCP0.pt,3708,1000,3.7085,7.417,0.3979313400000001
fc_prior_0I8BP8.pt,3709,1000,3.7095,7.419,0.4108796399999999
fc_prior_9IUZGV.pt,3710,1000,3.7105,7.421,0.37363737999999996
fc_prior_PTOCBG.pt,3711,1000,3.7115,7.423,0.4154787800000001
fc_prior_VO0U1L.pt,3714,1000,3.7145,7.429,0.4219406999999999
fc_prior_RFD47P.pt,3717,1000,3.7175,7.435,0.4249263599999999
fc_prior_0LDI5K.pt,3720,1000,3.7205,7.441,0.39768104000000015
fc_prior_K1TMDA.pt,3726,1000,3.7265,7.453,0.43758848000000017
fc_prior_IQSPDH.pt,3728,1000,3.7285,7.457,0.40216456
fc_prior_KPWF1Y.pt,3730,1000,3.7305,7.461,0.39970694000000007
fc_prior_T36HJA.pt,3734,1000,3.7345,7.469,0.40277233999999995
fc_prior_6D5N8I.pt,3734,1000,3.7345,7.469,0.39045442
fc_prior_0K4YVC.pt,3738,1000,3.7385,7.477,0.42231958000000014
fc_prior_CGBPJC.pt,3738,1000,3.7385,7.477,0.4652377199999998
fc_prior_FT7UKF.pt,3741,1000,3.7415,7.483,0.40106436
fc_prior_S6RBHS.pt,3742,1000,3.7425,7.485,0.28622848
fc_prior_DJWYE7.pt,3744,1000,3.7445,7.489,0.37402108000000006
fc_prior_QQHO9E.pt,3745,1000,3.7455,7.491,0.38689750000000017
fc_prior_FXCUCC.pt,3746,1000,3.7465,7.493,0.28828668
fc_prior_C2H1AU.pt,3749,1000,3.7495,7.499,0.36945233999999977
fc_prior_0C2KLP.pt,3750,1000,3.7505,7.501,0.36625080000000004
fc_prior_GFEBYI.pt,3750,1000,3.7505,7.501,0.41493287999999984
fc_prior_HP72KU.pt,3751,1000,3.7515,7.503,0.4235333
fc_prior_51EG49.pt,3756,1000,3.7565,7.513,0.37156008
fc_prior_J7NJV5.pt,3759,1000,3.7595,7.519,0.4246626
fc_prior_2EEDLW.pt,3760,1000,3.7605,7.521,0.33425760000000015
fc_prior_NUI04D.pt,3760,1000,3.7605,7.521,0.3882353399999999
fc_prior_NI4FG2.pt,3764,1000,3.7645,7.529,0.4062283999999999
fc_prior_NBIDU3.pt,3764,1000,3.7645,7.529,0.4539988800000001
fc_prior_C76TIM.pt,3765,1000,3.7655,7.531,0.3648004000000001
fc_prior_8DB8L9.pt,3769,1000,3.7695,7.539,0.37641568
fc_prior_AOE4MZ.pt,3773,1000,3.7735,7.547,0.40335143999999995
fc_prior_DLSHEU.pt,3782,1000,3.7825,7.565,0.38844731999999993
fc_prior_QR5BA6.pt,3787,1000,3.7875,7.575,0.37194361999999986
fc_prior_ZK9SWK.pt,3788,1000,3.7885,7.577,0.46987142000000004
fc_prior_DFDPCI.pt,3792,1000,3.7925,7.585,0.31155745999999995
fc_prior_PMVBBC.pt,3793,1000,3.7935,7.587,0.4456994599999999
fc_prior_QLGCYS.pt,3794,1000,3.7945,7.589,0.3751999999999998
fc_prior_C52XG5.pt,3794,1000,3.7945,7.589,0.34603982
fc_prior_XKNGGH.pt,3794,1000,3.7945,7.589,0.35286838
fc_prior_75ZEZ8.pt,3795,1000,3.7955,7.591,0.35884912000000013
fc_prior_NFB8UO.pt,3796,1000,3.7965,7.593,0.35703922000000005
fc_prior_ZJ32GX.pt,3805,1000,3.8055,7.611,0.38028202
fc_prior_0LMXPC.pt,3806,1000,3.8065,7.613,0.42360130000000007
fc_prior_0417AU.pt,3807,1000,3.8075,7.615,0.4096117800000002
fc_prior_QS8JYJ.pt,3808,1000,3.8085,7.617,0.40574864
fc_prior_LK7PAH.pt,3812,1000,3.8125,7.625,0.27020410000000006
fc_prior_K9S8YD.pt,3813,1000,3.8135,7.627,0.4049168600000001
fc_prior_XX8FC3.pt,3813,1000,3.8135,7.627,0.43334853999999984
fc_prior_SVJTNU.pt,3815,1000,3.8155,7.631,0.38110268000000014
fc_prior_3INEDI.pt,3817,1000,3.8175,7.635,0.4160412000000001
fc_prior_JA77AH.pt,3819,1000,3.8195,7.639,0.40307892
fc_prior_F81R6Q.pt,3820,1000,3.8205,7.641,0.4079869800000001
fc_prior_YPTUB2.pt,3821,1000,3.8215,7.643,0.4286198800000002
fc_prior_MGS2WJ.pt,3824,1000,3.8245,7.649,0.41198137999999995
fc_prior_FH1C12.pt,3830,1000,3.8305,7.661,0.4165539999999999
fc_prior_6Q2SGK.pt,3831,1000,3.8315,7.663,0.3824856400000002
fc_prior_760GT0.pt,3832,1000,3.8325,7.665,0.35781285999999995
fc_prior_EB97JF.pt,3833,1000,3.8335,7.667,0.35470512
fc_prior_OWYQS2.pt,3834,1000,3.8345,7.669,0.3958975799999999
fc_prior_3CS4SO.pt,3834,1000,3.8345,7.669,0.4008245599999999
fc_prior_E9ZIM2.pt,3837,1000,3.8375,7.675,0.36508882000000015
fc_prior_LK9JCH.pt,3841,1000,3.8415,7.683,0.3651844400000001
fc_prior_AKRPK8.pt,3842,1000,3.8425,7.685,0.3963809000000002
fc_prior_QLAE3B.pt,3843,1000,3.8435,7.687,0.30250943999999996
fc_prior_UXXHHK.pt,3844,1000,3.8445,7.689,0.3718002800000001
fc_prior_2U6RG2.pt,3844,1000,3.8445,7.689,0.4136469399999999
fc_prior_SRYLOM.pt,3846,1000,3.8465,7.693,0.3817621600000002
fc_prior_0A9889.pt,3847,1000,3.8475,7.695,0.4236543400000001
fc_prior_C28FX3.pt,3849,1000,3.8495,7.699,0.3946402599999999
fc_prior_4MRI5K.pt,3858,1000,3.8585,7.717,0.42766708000000003
fc_prior_PR4S8U.pt,3858,1000,3.8585,7.717,0.45021676000000016
fc_prior_ON81PZ.pt,3860,1000,3.8605,7.721,0.37467034000000005
fc_prior_29N1WY.pt,3865,1000,3.8655,7.731,0.39951069999999994
fc_prior_TX882B.pt,3868,1000,3.8685,7.737,0.36109101999999993
fc_prior_UVPJP2.pt,3870,1000,3.8705,7.741,0.41697016
fc_prior_IQ0NK4.pt,3873,1000,3.8735,7.747,0.4308997199999999
fc_prior_O7I0OM.pt,3876,1000,3.8765,7.753,0.4020154999999999
fc_prior_XFAEAB.pt,3877,1000,3.8775,7.755,0.42257390000000006
fc_prior_WGAUMB.pt,3878,1000,3.8785,7.757,0.46337336
fc_prior_BTT97L.pt,3880,1000,3.8805,7.761,0.36345472000000006
fc_prior_UD2DYC.pt,3886,1000,3.8865,7.773,0.4108493600000001
fc_prior_DT4DVC.pt,3886,1000,3.8865,7.773,0.44432059999999984
fc_prior_0432Z8.pt,3890,1000,3.8905,7.781,0.42282864000000003
fc_prior_SS4RMU.pt,3890,1000,3.8905,7.781,0.3877102
fc_prior_ZUHMD1.pt,3894,1000,3.8945,7.789,0.43749052
fc_prior_L6X1YA.pt,3896,1000,3.8965,7.793,0.39085690000000006
fc_prior_XUN6W6.pt,3902,1000,3.9025,7.805,0.10497224000000001
fc_prior_083D4F.pt,3902,1000,3.9025,7.805,0.42080832
fc_prior_9GICHF.pt,3904,1000,3.9045,7.809,0.42008658000000004
fc_prior_OB15NS.pt,3906,1000,3.9065,7.813,0.37090496
fc_prior_CU23TR.pt,3906,1000,3.9065,7.813,0.36023929999999993
fc_prior_BYVZJE.pt,3907,1000,3.9075,7.815,0.3415113
fc_prior_2BGY7Y.pt,3910,1000,3.9105,7.821,0.16468230000000003
fc_prior_4ZMJYR.pt,3916,1000,3.9165,7.833,0.40430436000000003
fc_prior_HUA81Z.pt,3917,1000,3.9175,7.835,0.41996536000000007
fc_prior_HBWNKY.pt,3917,1000,3.9175,7.835,0.3371427600000002
fc_prior_G7W1NC.pt,3924,1000,3.9245,7.849,0.4224803000000001
fc_prior_QR5J87.pt,3925,1000,3.9255,7.851,0.41005534000000005
fc_prior_BMDVVN.pt,3927,1000,3.9275,7.855,0.37620036000000007
fc_prior_94TPJN.pt,3927,1000,3.9275,7.855,0.39270934
fc_prior_EBHUAN.pt,3931,1000,3.9315,7.863,0.39551322000000005
fc_prior_WTCYLR.pt,3933,1000,3.9335,7.867,0.38186548000000003
fc_prior_YHVI30.pt,3935,1000,3.9355,7.871,0.3834659000000001
fc_prior_QITROA.pt,3943,1000,3.9435,7.887,0.44199638
fc_prior_UBULVK.pt,3943,1000,3.9435,7.887,0.47415102
fc_prior_M4M5AI.pt,3944,1000,3.9445,7.889,0.43297489999999994
fc_prior_GWL5B8.pt,3945,1000,3.9455,7.891,0.39135226
fc_prior_PWJ9O8.pt,3947,1000,3.9475,7.895,0.36060662
fc_prior_BKERQG.pt,3948,1000,3.9485,7.897,0.35244262000000004
fc_prior_TSOP76.pt,3951,1000,3.9515,7.903,0.42247120000000016
fc_prior_H7Q983.pt,3951,1000,3.9515,7.903,0.44767066000000005
fc_prior_SYSLE3.pt,3952,1000,3.9525,7.905,0.42699324000000005
fc_prior_LBQW2J.pt,3954,1000,3.9545,7.909,0.4035719399999999
fc_prior_JQT6NP.pt,3957,1000,3.9575,7.915,0.4402740200000001
fc_prior_NCTMEI.pt,3960,1000,3.9605,7.921,0.41233894000000015
fc_prior_SGU4HS.pt,3962,1000,3.9625,7.925,0.39285750000000014
fc_prior_MZXR8G.pt,3963,1000,3.9635,7.927,0.41462696
fc_prior_BU6MNE.pt,3967,1000,3.9675,7.935,0.43208241999999986
fc_prior_UN6URX.pt,3969,1000,3.9695,7.939,0.4204559200000002
fc_prior_4N7BQF.pt,3977,1000,3.9775,7.955,0.4301044799999999
fc_prior_PZGKHI.pt,3985,1000,3.9855,7.971,0.42855788000000006
fc_prior_XP39W9.pt,3986,1000,3.9865,7.973,0.4015814600000001
fc_prior_15RDK7.pt,3987,1000,3.9875,7.975,0.48513217999999997
fc_prior_1ILZ42.pt,3988,1000,3.9885,7.977,0.3987926600000001
fc_prior_7XUSS6.pt,3992,1000,3.9925,7.985,0.3647101400000001
fc_prior_1EGSSR.pt,3993,1000,3.9935,7.987,0.4039627199999999
fc_prior_I6PL6L.pt,3996,1000,3.9965,7.993,0.40562806
fc_prior_JULY01.pt,3997,1000,3.9975,7.995,0.4108366000000001
fc_prior_017XBZ.pt,3999,1000,3.9995,7.999,0.42413537999999995
fc_prior_TUTYGU.pt,4000,1000,4.0005,8.001,0.38136674000000004
fc_prior_PX04T3.pt,4001,1000,4.0015,8.003,0.38108469999999994
fc_prior_K6163D.pt,4012,1000,4.0125,8.025,0.4384954800000002
fc_prior_GWJF1T.pt,4012,1000,4.0125,8.025,0.42280063999999995
fc_prior_XOY3C5.pt,4014,1000,4.0145,8.029,0.40681256
fc_prior_F5TB9E.pt,4017,1000,4.0175,8.035,0.38718156
fc_prior_HDBS60.pt,4018,1000,4.0185,8.037,0.4035917200000001
fc_prior_ZKXERT.pt,4019,1000,4.0195,8.039,0.39048233999999993
fc_prior_HU91A9.pt,4019,1000,4.0195,8.039,0.38511461999999996
fc_prior_C3D6VP.pt,4024,1000,4.0245,8.049,0.37465306
fc_prior_NWUVOS.pt,4027,1000,4.0275,8.055,0.43592749999999997
fc_prior_13ZLDF.pt,4031,1000,4.0315,8.063,0.42189490000000013
fc_prior_5XST84.pt,4036,1000,4.0365,8.073,0.42842860000000016
fc_prior_SWCSBA.pt,4042,1000,4.0425,8.085,0.3574526000000002
fc_prior_MX871E.pt,4043,1000,4.0435,8.087,0.38692392000000003
fc_prior_EKQTRH.pt,4043,1000,4.0435,8.087,0.41007016
fc_prior_0TKRXD.pt,4044,1000,4.0445,8.089,0.43719263999999997
fc_prior_GR5DH6.pt,4045,1000,4.0455,8.091,0.43732228
fc_prior_F9V485.pt,4046,1000,4.0465,8.093,0.4569165200000002
fc_prior_3R7U1N.pt,4046,1000,4.0465,8.093,0.4159415000000002
fc_prior_0DC5L5.pt,4047,1000,4.0475,8.095,0.4157666400000001
fc_prior_SDODLH.pt,4051,1000,4.0515,8.103,0.4022204600000001
fc_prior_SNKKCS.pt,4053,1000,4.0535,8.107,0.41788687999999996
fc_prior_O1X4BR.pt,4055,1000,4.0555,8.111,0.42895851999999995
fc_prior_SOYL4A.pt,4056,1000,4.0565,8.113,0.42967639999999996
fc_prior_7MVMKM.pt,4057,1000,4.0575,8.115,0.40834216000000007
fc_prior_PECX8Z.pt,4060,1000,4.0605,8.121,0.3793871399999999
fc_prior_P4W7CE.pt,4061,1000,4.0615,8.123,0.37416392000000004
fc_prior_SLZ83X.pt,4062,1000,4.0625,8.125,0.4102004600000001
fc_prior_DEHA27.pt,4063,1000,4.0635,8.127,0.43017286
fc_prior_GZRCAK.pt,4063,1000,4.0635,8.127,0.4284558599999999
fc_prior_VJ7F79.pt,4063,1000,4.0635,8.127,0.40225342
fc_prior_9TGFBE.pt,4064,1000,4.0645,8.129,0.43025090000000005
fc_prior_EDLAR1.pt,4065,1000,4.0655,8.131,0.4382281400000002
fc_prior_FCGYET.pt,4066,1000,4.0665,8.133,0.39186386000000006
fc_prior_CIXNVI.pt,4068,1000,4.0685,8.137,0.45275991999999987
fc_prior_PHHLCT.pt,4070,1000,4.0705,8.141,0.4198867
fc_prior_V6GNPT.pt,4072,1000,4.0725,8.145,0.3385726000000001
fc_prior_325P0S.pt,4077,1000,4.0775,8.155,0.3357747200000001
fc_prior_5M80PU.pt,4080,1000,4.0805,8.161,0.45640552
fc_prior_B9UCMD.pt,4080,1000,4.0805,8.161,0.42999496
fc_prior_OY3BP6.pt,4080,1000,4.0805,8.161,0.4313182200000001
fc_prior_NGW2Q4.pt,4081,1000,4.0815,8.163,0.4406113200000001
fc_prior_TTAKTJ.pt,4082,1000,4.0825,8.165,0.4464303999999999
fc_prior_RLDBEO.pt,4082,1000,4.0825,8.165,0.43916067999999997
fc_prior_F5ORXM.pt,4083,1000,4.0835,8.167,0.45300822000000013
fc_prior_TPP65Z.pt,4083,1000,4.0835,8.167,0.4308429
fc_prior_6HV5IT.pt,4086,1000,4.0865,8.173,0.10727626000000001
fc_prior_1OP1OW.pt,4086,1000,4.0865,8.173,0.3925939399999999
fc_prior_6EM890.pt,4088,1000,4.0885,8.177,0.36634707999999994
fc_prior_0VXDJW.pt,4088,1000,4.0885,8.177,0.40979699999999986
fc_prior_OCTVNM.pt,4089,1000,4.0895,8.179,0.43748955999999983
fc_prior_Q2BFXP.pt,4089,1000,4.0895,8.179,0.38420742
fc_prior_0YHW9A.pt,4093,1000,4.0935,8.187,0.44056032
fc_prior_WPGC84.pt,4096,1000,4.0965,8.193,0.3908480999999999
fc_prior_2S9025.pt,4097,1000,4.0975,8.195,0.3665574799999999
fc_prior_LC0ULZ.pt,4101,1000,4.1015,8.203,0.3760243
fc_prior_SPWEUJ.pt,4102,1000,4.1025,8.205,0.39158810000000005
fc_prior_CANLT2.pt,4102,1000,4.1025,8.205,0.45068050000000004
fc_prior_OSRT8A.pt,4103,1000,4.1035,8.207,0.4391986400000001
fc_prior_DTTKYJ.pt,4104,1000,4.1045,8.209,0.44556592
fc_prior_WPE6YC.pt,4106,1000,4.1065,8.213,0.40063348000000004
fc_prior_ALNVE6.pt,4108,1000,4.1085,8.217,0.4493116999999999
fc_prior_ND4QUX.pt,4111,1000,4.1115,8.223,0.4655517799999999
fc_prior_0S6CMR.pt,4115,1000,4.1155,8.231,0.43797698
fc_prior_4U84GK.pt,4116,1000,4.1165,8.233,0.44959006000000024
fc_prior_EWDSC4.pt,4134,1000,4.1345,8.269,0.4129290199999999
fc_prior_VXULMB.pt,4135,1000,4.1355,8.271,0.4172650599999999
fc_prior_37QNCO.pt,4139,1000,4.1395,8.279,0.4361460000000001
fc_prior_VIFTV4.pt,4140,1000,4.1405,8.281,0.4278701800000001
fc_prior_C8QSLQ.pt,4141,1000,4.1415,8.283,0.39146862000000016
fc_prior_SZ1BKQ.pt,4142,1000,4.1425,8.285,0.44883499999999993
fc_prior_6Z87XR.pt,4143,1000,4.1435,8.287,0.4393195200000001
fc_prior_PQ065V.pt,4143,1000,4.1435,8.287,0.40632162
fc_prior_TNM975.pt,4145,1000,4.1455,8.291,0.47412822000000004
fc_prior_LAMR5F.pt,4149,1000,4.1495,8.299,0.4246941799999999
fc_prior_NJ1S0P.pt,4151,1000,4.1515,8.303,0.1459661
fc_prior_DKEKGI.pt,4152,1000,4.1525,8.305,0.44934663999999996
fc_prior_Z06RPI.pt,4153,1000,4.1535,8.307,0.21023403999999996
fc_prior_X3RAF1.pt,4155,1000,4.1555,8.311,0.3123307400000001
fc_prior_4FL58B.pt,4157,1000,4.1575,8.315,0.4213982200000001
fc_prior_220X4J.pt,4161,1000,4.1615,8.323,0.43307904000000014
fc_prior_Z7AKUY.pt,4162,1000,4.1625,8.325,0.41001694
fc_prior_88UHR0.pt,4164,1000,4.1645,8.329,0.45149892
fc_prior_S3X8CM.pt,4165,1000,4.1655,8.331,0.45786634000000004
fc_prior_WXP33O.pt,4166,1000,4.1665,8.333,0.2711921
fc_prior_DDCC4P.pt,4169,1000,4.1695,8.339,0.44116789999999995
fc_prior_KXBY9I.pt,4173,1000,4.1735,8.347,0.44219714
fc_prior_QSX4P1.pt,4177,1000,4.1775,8.355,0.40724915999999994
fc_prior_GFIAFR.pt,4178,1000,4.1785,8.357,0.44044048
fc_prior_MBXOHD.pt,4179,1000,4.1795,8.359,0.44365457999999997
fc_prior_IL6NE4.pt,4179,1000,4.1795,8.359,0.44751826000000006
fc_prior_8JYP55.pt,4185,1000,4.1855,8.371,0.3586436200000002
fc_prior_0X37XF.pt,4185,1000,4.1855,8.371,0.44806226000000005
fc_prior_SGAQSY.pt,4185,1000,4.1855,8.371,0.3738083199999999
fc_prior_Z032GU.pt,4186,1000,4.1865,8.373,0.4334391800000001
fc_prior_WFCJR3.pt,4186,1000,4.1865,8.373,0.38395528000000007
fc_prior_0MWQHC.pt,4187,1000,4.1875,8.375,0.35738992
fc_prior_C1EWAC.pt,4192,1000,4.1925,8.385,0.45283308
fc_prior_0NQV3A.pt,4193,1000,4.1935,8.387,0.4282370799999999
fc_prior_655665.pt,4196,1000,4.1965,8.393,0.40130198000000006
fc_prior_435XFE.pt,4197,1000,4.1975,8.395,0.37335086000000006
fc_prior_PAKT1J.pt,4197,1000,4.1975,8.395,0.4856082399999999
fc_prior_MAPMMB.pt,9115,1000,9.1155,18.231,0.7606100799999999
fc_prior_UF1AYO.pt,9148,1000,9.1485,18.297,0.8457606999999997
fc_prior_S1GENF.pt,9179,1000,9.1795,18.359,0.69034938
fc_prior_FXAJL7.pt,9205,1000,9.2055,18.411,0.64215216
fc_prior_VB4POI.pt,9225,1000,9.2255,18.451,0.6867745199999998
fc_prior_PLPT5B.pt,9273,1000,9.2735,18.547,0.7003614999999997
fc_prior_367ACG.pt,9284,1000,9.2845,18.569,0.7167993399999999
fc_prior_TBI2DT.pt,9296,1000,9.2965,18.593,0.7116427800000001
fc_prior_5LPVM3.pt,9307,1000,9.3075,18.615,0.7727086799999998
fc_prior_1GJ8CP.pt,9341,1000,9.3415,18.683,0.7653591999999996
fc_prior_WN2HZW.pt,9347,1000,9.3475,18.695,0.6642541999999999
fc_prior_KWP9T8.pt,9432,1000,9.4325,18.865,0.65727408
fc_prior_5OCQTQ.pt,9437,1000,9.4375,18.875,0.7808594199999999
fc_prior_H920JT.pt,9460,1000,9.4605,18.921,0.7257416199999995
fc_prior_RMS3SG.pt,9463,1000,9.4635,18.927,0.78621192
fc_prior_PP7WN6.pt,9489,1000,9.4895,18.979,0.7597931800000001
fc_prior_48FC0W.pt,9540,1000,9.5405,19.081,0.8736818199999996
fc_prior_LOTHIB.pt,9570,1000,9.5705,19.141,0.92546812
fc_prior_GPB6CU.pt,9583,1000,9.5835,19.167,0.8783920200000002
fc_prior_0WXUTL.pt,9587,1000,9.5875,19.175,0.8744436199999996
fc_prior_RZVSGY.pt,9616,1000,9.6165,19.233,0.8588699600000002
fc_prior_0HBY6C.pt,9673,1000,9.6735,19.347,0.84829114
fc_prior_I3GFEB.pt,9696,1000,9.6965,19.393,0.7429188599999997
fc_prior_54IWKO.pt,9698,1000,9.6985,19.397,0.7527372000000004
fc_prior_N5LTWD.pt,9704,1000,9.7045,19.409,0.7168871400000002
fc_prior_XB4JAJ.pt,9716,1000,9.7165,19.433,0.8189776599999999
fc_prior_PNOQPI.pt,24479,1000,24.4795,48.959,2.49718466
fc_prior_7WPL2G.pt,24481,1000,24.4815,48.963,2.61661044
fc_prior_H96M1A.pt,24481,1000,24.4815,48.963,3.0824567000000003
fc_prior_IY20KK.pt,24481,1000,24.4815,48.963,2.59679782
fc_prior_OWJED5.pt,24486,1000,24.4865,48.973,2.6511676999999993
fc_prior_UKCAI8.pt,24495,1000,24.4955,48.991,2.4380529199999996
fc_prior_AS6G0H.pt,24503,1000,24.5035,49.007,2.7238606599999997
fc_prior_38MSZV.pt,24509,1000,24.5095,49.019,2.767577159999999
fc_prior_PJVT9W.pt,24518,1000,24.5185,49.037,2.504327080000001
fc_prior_EWW0VQ.pt,24518,1000,24.5185,49.037,2.4322285400000005
fc_prior_VP2GRZ.pt,24524,1000,24.5245,49.049,2.80271234
fc_prior_AFRW2I.pt,24524,1000,24.5245,49.049,2.3966659800000003
fc_prior_301E2K.pt,24530,1000,24.5305,49.061,2.3084330799999995
fc_prior_S9K9KT.pt,24530,1000,24.5305,49.061,2.73856414
fc_prior_MEQJ1E.pt,24533,1000,24.5335,49.067,2.907354400000001
fc_prior_48ON65.pt,24535,1000,24.5355,49.071,2.4194064
fc_prior_H36LGR.pt,24547,1000,24.5475,49.095,2.8778227
fc_prior_SJ0EWE.pt,24548,1000,24.5485,49.097,2.95965476
fc_prior_3KLD89.pt,24558,1000,24.5585,49.117,2.9525737399999996
fc_prior_TMSASA.pt,24562,1000,24.5625,49.125,2.7855989000000005
fc_prior_FXD3DD.pt,24568,1000,24.5685,49.137,2.7216893800000004
fc_prior_6KCH9I.pt,24569,1000,24.5695,49.139,2.3863199400000004
fc_prior_HAPB5I.pt,24575,1000,24.5755,49.151,2.6203999600000003
fc_prior_QT8O92.pt,24590,1000,24.5905,49.181,2.664021200000001
fc_prior_FWJGNB.pt,24594,1000,24.5945,49.189,2.566712780000001
fc_prior_RA65N4.pt,24601,1000,24.6015,49.203,2.5986950600000007
fc_prior_T7OTMV.pt,24607,1000,24.6075,49.215,2.754672059999999
fc_prior_JN15KV.pt,24608,1000,24.6085,49.217,2.867488659999999
fc_prior_YSF0U5.pt,24609,1000,24.6095,49.219,2.51629964
fc_prior_CDWQHH.pt,24609,1000,24.6095,49.219,2.4265324799999997
fc_prior_C60XMS.pt,24621,1000,24.6215,49.243,2.58146716
fc_prior_AT2I1S.pt,24624,1000,24.6245,49.249,2.9870869599999996
fc_prior_OCKPB8.pt,24632,1000,24.6325,49.265,2.782749159999999
fc_prior_CQA9S8.pt,24643,1000,24.6435,49.287,2.5706228799999997
fc_prior_JR1WTN.pt,24645,1000,24.6455,49.291,2.4760261200000007
fc_prior_Z6IKWV.pt,24655,1000,24.6555,49.311,2.575016019999999
fc_prior_7J9DVW.pt,24657,1000,24.6575,49.315,2.44399462
fc_prior_HAT2KI.pt,24657,1000,24.6575,49.315,2.8276702000000005
fc_prior_J3UX4B.pt,24658,1000,24.6585,49.317,2.46089106
fc_prior_N9M7FG.pt,24660,1000,24.6605,49.321,2.4414068599999994
fc_prior_B5TYML.pt,24669,1000,24.6695,49.339,2.71135258
fc_prior_ECL13O.pt,24670,1000,24.6705,49.341,2.8528889800000004
fc_prior_NT8C6Y.pt,24672,1000,24.6725,49.345,2.8312124200000004
fc_prior_5EJHXX.pt,24683,1000,24.6835,49.367,2.6502225399999997
fc_prior_14FVKL.pt,24685,1000,24.6855,49.371,2.53813358
fc_prior_E8IOCW.pt,24691,1000,24.6915,49.383,2.4708334599999997
fc_prior_XHY4CJ.pt,24693,1000,24.6935,49.387,2.6786439800000004
fc_prior_R5CLSL.pt,24693,1000,24.6935,49.387,2.8376535599999992
fc_prior_8P9ELK.pt,24705,1000,24.7055,49.411,2.6577683799999994
fc_prior_8JDURU.pt,24714,1000,24.7145,49.429,2.85238092
fc_prior_1TDWIR.pt,24720,1000,24.7205,49.441,2.82674066
fc_prior_KO24CR.pt,24721,1000,24.7215,49.443,3.0498770200000007
fc_prior_WMZFYU.pt,24725,1000,24.7255,49.451,2.85011336
fc_prior_DQQMCL.pt,24732,1000,24.7325,49.465,2.68516534
fc_prior_I8VBQR.pt,24741,1000,24.7415,49.483,2.8753053600000005
fc_prior_USVMMU.pt,24749,1000,24.7495,49.499,2.9811750199999993
fc_prior_25RXK2.pt,24762,1000,24.7625,49.525,2.5552455800000002
fc_prior_EU5NSR.pt,24781,1000,24.7815,49.563,2.6063520200000005
fc_prior_9XXSXJ.pt,24783,1000,24.7835,49.567,2.695759880000001
fc_prior_YPFIFL.pt,24788,1000,24.7885,49.577,2.4446327800000005
fc_prior_3G4Y31.pt,24806,1000,24.8065,49.613,2.4764185399999996
fc_prior_74XJSN.pt,24830,1000,24.8305,49.661,2.6163861600000002
fc_prior_54WSQ2.pt,24831,1000,24.8315,49.663,2.5521317199999998
fc_prior_N1NDD6.pt,24846,1000,24.8465,49.693,2.5462800600000004
fc_prior_N9LVVG.pt,24852,1000,24.8525,49.705,2.5597460400000007
fc_prior_B6GKSZ.pt,24859,1000,24.8595,49.719,2.4746549799999995
fc_prior_H6EXSM.pt,24861,1000,24.8615,49.723,2.7298459800000012
fc_prior_HSZW6A.pt,24872,1000,24.8725,49.745,2.65273366
fc_prior_K6WF5K.pt,24888,1000,24.8885,49.777,2.69471176
fc_prior_IV8XE7.pt,24898,1000,24.8985,49.797,2.84527378
fc_prior_F3WEPZ.pt,24898,1000,24.8985,49.797,2.7397128200000003
fc_prior_DWKQ3C.pt,24898,1000,24.8985,49.797,2.6232806600000003
fc_prior_7YTFA9.pt,24901,1000,24.9015,49.803,2.6286526800000014
fc_prior_V2LU2J.pt,24904,1000,24.9045,49.809,2.6078431799999997
fc_prior_RFM51O.pt,24905,1000,24.9055,49.811,2.6992605199999997
fc_prior_PTJWE6.pt,24918,1000,24.9185,49.837,2.7781665999999996
fc_prior_0B0NU4.pt,24922,1000,24.9225,49.845,2.7414607799999997
fc_prior_XX38YW.pt,24924,1000,24.9245,49.849,2.5376158
fc_prior_7IKF5O.pt,24928,1000,24.9285,49.857,2.83261286
fc_prior_PXP96U.pt,24937,1000,24.9375,49.875,2.81261518
fc_prior_JG45Q2.pt,24945,1000,24.9455,49.891,2.722289760000001
fc_prior_E1HPL3.pt,24960,1000,24.9605,49.921,2.453263980000001
fc_prior_XT7PG1.pt,24964,1000,24.9645,49.929,2.729272
fc_prior_EINDVM.pt,24979,1000,24.9795,49.959,2.7955561599999994
fc_prior_VGTCWM.pt,24982,1000,24.9825,49.965,2.7837567
fc_prior_5DMJL1.pt,25003,1000,25.0035,50.007,2.7016501399999995
fc_prior_RUU0LA.pt,25006,1000,25.0065,50.013,2.7675470799999995
fc_prior_W5PF3A.pt,25013,1000,25.0135,50.027,2.76818366
fc_prior_NU946J.pt,25022,1000,25.0225,50.045,2.76426192
fc_prior_R08H4Q.pt,25035,1000,25.0355,50.071,2.6987573999999994
fc_prior_9RE1JU.pt,25037,1000,25.0375,50.075,2.699176579999999
fc_prior_LLMUEB.pt,25037,1000,25.0375,50.075,2.689700780000001
fc_prior_YTI0LX.pt,25042,1000,25.0425,50.085,2.8139358800000003
fc_prior_F2RPST.pt,25053,1000,25.0535,50.107,2.5144393599999995
fc_prior_M9X041.pt,25060,1000,25.0605,50.121,2.70081118
fc_prior_ZT0N03.pt,25060,1000,25.0605,50.121,2.6838971599999994
fc_prior_BWGB5Y.pt,25061,1000,25.0615,50.123,2.5551282399999997
fc_prior_CDP0GB.pt,25062,1000,25.0625,50.125,2.7881745199999997
fc_prior_PJS7FM.pt,25069,1000,25.0695,50.139,3.005334339999999
fc_prior_9KCJSF.pt,25079,1000,25.0795,50.159,2.6719726800000005
fc_prior_Q1FG26.pt,534,1013,0.5414485,1.082897,0.14130172
fc_prior_Z2O8E3.pt,528,1037,0.5480545,1.096109,0.11152187999999999
fc_prior_YM8EUT.pt,518,1067,0.5532395,1.106479,0.10690392000000001
fc_prior_UBZI2G.pt,548,1017,0.5578245,1.115649,0.10580118000000004
fc_prior_LO5X9R.pt,537,1052,0.56545,1.1309,0.12317518
fc_prior_AV2K5A.pt,541,1053,0.5701995,1.140399,0.10583872000000003
fc_prior_GY9UZ6.pt,569,1032,0.587724,1.175448,0.12821677999999997
fc_prior_3KWB33.pt,554,1074,0.595533,1.191066,0.12916088
fc_prior_N6YCCM.pt,561,1071,0.6013665,1.202733,0.11220042000000005
fc_prior_ZT13I8.pt,587,1030,0.605125,1.21025,0.12936562
fc_prior_8AWWJQ.pt,597,1042,0.622595,1.24519,0.10914785999999997
fc_prior_T9AYVB.pt,608,1046,0.636491,1.272982,0.10934029999999996
fc_prior_2S5D33.pt,622,1039,0.6467775,1.293555,0.11080054000000002
fc_prior_6Y2ZDV.pt,640,1014,0.649467,1.298934,0.12760232000000002
fc_prior_RKMENL.pt,651,1008,0.656712,1.313424,0.10939946000000003
fc_prior_B1BI6F.pt,658,1030,0.678255,1.35651,0.11179137999999994
fc_prior_GPGZCP.pt,669,1025,0.6862375,1.372475,0.11116092
fc_prior_0LO4SM.pt,680,1038,0.706359,1.412718,0.14079556000000001
fc_prior_4ZXTWZ.pt,691,1026,0.709479,1.418958,0.11537618000000002
fc_prior_9BI23K.pt,676,1058,0.715737,1.431474,0.11422688000000003
fc_prior_GQFU7R.pt,699,1025,0.7169875,1.433975,0.11726049999999998
fc_prior_6R1U7D.pt,713,1018,0.726343,1.452686,0.12487406000000002
fc_prior_02FA87.pt,734,1005,0.7381725,1.476345,0.15387911999999998
fc_prior_0K9OBS.pt,695,1066,0.741403,1.482806,0.1362357
fc_prior_24R7WR.pt,714,1047,0.7480815,1.496163,0.12119676
fc_prior_93UVY0.pt,764,1001,0.7652645,1.530529,0.12268481999999997
fc_prior_75C5GM.pt,786,1003,0.7888595,1.577719,0.1429142
fc_prior_AM9JDG.pt,744,1065,0.7928925,1.585785,0.021140020000000006
fc_prior_7MR65B.pt,775,1035,0.8026425,1.605285,0.10836390000000001
fc_prior_BJXE7C.pt,786,1021,0.8030165,1.606033,0.11495354000000002
fc_prior_QZIZDN.pt,770,1059,0.8159595,1.631919,0.11762082
fc_prior_CNEY1K.pt,798,1034,0.825649,1.651298,0.11073372000000001
fc_prior_IQVXC9.pt,803,1028,0.825998,1.651996,0.11146038000000001
fc_prior_J41LCU.pt,796,1039,0.8275635,1.655127,0.10719714
fc_prior_AKDR4T.pt,864,1008,0.871416,1.742832,0.11645827999999994
fc_prior_52US6F.pt,869,1003,0.8721085,1.744217,0.11998181999999998
fc_prior_2W1H1Z.pt,823,1061,0.8737335,1.747467,0.023649020000000007
fc_prior_6XIHG7.pt,856,1024,0.877056,1.754112,0.11673832
fc_prior_S3BPHR.pt,884,1009,0.8924605,1.784921,0.12143636000000001
fc_prior_CW989Z.pt,848,1053,0.8934705,1.786941,0.11537093999999999
fc_prior_8KJKYQ.pt,836,1075,0.8992375,1.798475,0.12590376
fc_prior_TXXVO9.pt,886,1022,0.906003,1.812006,0.15340727999999998
fc_prior_YNAY35.pt,902,1009,0.9106225,1.821245,0.10742455999999999
fc_prior_Y1AETL.pt,909,1012,0.920414,1.840828,0.11688199999999999
fc_prior_BXRA43.pt,902,1036,0.93499,1.86998,0.16083302
fc_prior_G94CZY.pt,926,1022,0.946883,1.893766,0.028102279999999993
fc_prior_Z1ICW3.pt,884,1072,0.948184,1.896368,0.15371097999999997
fc_prior_XTJ245.pt,895,1064,0.952812,1.905624,0.12412047999999999
fc_prior_TU6QBM.pt,927,1031,0.9562525,1.912505,0.03651043999999999
fc_prior_5H76CW.pt,979,1006,0.985377,1.970754,0.12910524000000004
fc_prior_0PY3NX.pt,970,1027,0.9967035,1.993407,0.06591264000000002
fc_prior_P9WWO4.pt,991,1012,1.003398,2.006796,0.12745820000000002
fc_prior_LLV56U.pt,974,1049,1.0222505,2.044501,0.0402421
fc_prior_40CGI5.pt,1016,1018,1.034797,2.069594,0.13100649999999991
fc_prior_1572IW.pt,990,1051,1.0410155,2.082031,0.14973267999999998
fc_prior_KRMC57.pt,1025,1020,1.04601,2.09202,0.15025986000000002
fc_prior_A60CDR.pt,984,1063,1.0465235,2.093047,0.12318102
fc_prior_2SQ0UX.pt,1018,1058,1.077573,2.155146,0.12091905999999998
fc_prior_WI7WVU.pt,1050,1031,1.0830655,2.166131,0.12837826
fc_prior_0O0LNV.pt,1057,1037,1.0966275,2.193255,0.132419
fc_prior_22HQ2D.pt,1052,1047,1.1019675,2.203935,0.15188062000000002
fc_prior_2MWGUN.pt,1074,1062,1.141119,2.282238,0.13557076
fc_prior_UYD3WT.pt,1081,1057,1.1431455,2.286291,0.14770396000000002
fc_prior_22K12B.pt,1125,1022,1.150261,2.300522,0.13386469999999995
fc_prior_RLR09S.pt,1143,1011,1.1560785,2.312157,0.13539824
fc_prior_IDK76T.pt,1132,1029,1.1653425,2.330685,0.14381408
fc_prior_KM0U0A.pt,1120,1053,1.1798865,2.359773,0.2730930800000001
fc_prior_OS7ADW.pt,1109,1071,1.1882745,2.376549,0.1324103
fc_prior_ATKQNK.pt,1192,1000,1.1925,2.385,0.15320763999999995
fc_prior_4LGCVT.pt,1258,1009,1.2698265,2.539653,0.13482504
fc_prior_IBASIX.pt,1197,1065,1.2753375,2.550675,0.14946099999999998
fc_prior_W9B19L.pt,1216,1074,1.306521,2.613042,0.15258548000000002
fc_prior_6A1GJU.pt,1244,1051,1.3079695,2.615939,0.17109141999999994
fc_prior_NM8A9W.pt,1260,1050,1.323525,2.64705,0.15552719999999995
fc_prior_NEQLHK.pt,1321,1009,1.3333935,2.666787,0.19220826000000005
fc_prior_AZ0OQF.pt,1331,1029,1.3701135,2.740227,0.15751428000000003
fc_prior_RJWN1P.pt,1296,1066,1.382069,2.764138,0.14880116
fc_prior_XZ39UF.pt,1361,1031,1.4037065,2.807413,0.16903346000000002
fc_prior_R4N2RG.pt,1349,1061,1.4318195,2.863639,0.20967366000000007
fc_prior_4EJP1P.pt,1368,1067,1.4601895,2.920379,0.16051176
fc_prior_I5EW9A.pt,1443,1018,1.469483,2.938966,0.13333667999999999
fc_prior_8D01UU.pt,1405,1073,1.5081015,3.016203,0.16956151999999997
fc_prior_RRABOC.pt,1484,1033,1.5334885,3.066977,0.18387494000000004
fc_prior_Y3219D.pt,1462,1066,1.559025,3.11805,0.17863166
fc_prior_MBJ98G.pt,1516,1031,1.5635115,3.127023,0.18593891999999998
fc_prior_IEF4AS.pt,1589,1019,1.6197005,3.239401,0.18306182000000007
fc_prior_U7JYU7.pt,1562,1037,1.6203125,3.240625,0.19870188000000003
fc_prior_IRR2U0.pt,1609,1007,1.6207665,3.241533,0.20573055999999998
fc_prior_UE311N.pt,1555,1051,1.6348305,3.269661,0.20366378000000002
fc_prior_437RFZ.pt,1575,1043,1.6432465,3.286493,0.19871277999999992
fc_prior_IMOZRJ.pt,1553,1072,1.665352,3.330704,0.19787550000000004
fc_prior_E9R8FL.pt,1609,1039,1.6722705,3.344541,0.20343626000000012
fc_prior_CGTPGJ.pt,1628,1029,1.6757265,3.351453,0.25137514000000005
fc_prior_UJ70WB.pt,1712,1004,1.71935,3.4387,0.12570845999999997
fc_prior_G56IOM.pt,1627,1067,1.7365425,3.473085,0.20290821999999997
fc_prior_ST6D1K.pt,1694,1025,1.7368625,3.473725,0.21125740000000004
fc_prior_R26VWZ.pt,1701,1034,1.759351,3.518702,0.2018602399999999
fc_prior_HY9M33.pt,1769,1012,1.790734,3.581468,0.22969496
fc_prior_78ZR5R.pt,1767,1016,1.79578,3.59156,0.16257668000000003
fc_prior_YBGP98.pt,1758,1033,1.8165305,3.633061,0.22020521999999995
fc_prior_AHO2YZ.pt,1748,1047,1.8306795,3.661359,0.17799603999999994
fc_prior_F1FBPY.pt,1788,1032,1.845732,3.691464,0.28225036000000003
fc_prior_8GDSLA.pt,1853,1003,1.8590605,3.718121,0.21860682
fc_prior_4YBIF2.pt,1775,1052,1.867826,3.735652,0.23114714000000006
fc_prior_8GBLTW.pt,1755,1069,1.8766295,3.753259,0.28926627999999993
fc_prior_00KFP5.pt,1868,1016,1.898396,3.796792,0.28640077999999997
fc_prior_1YT1WI.pt,1849,1028,1.901286,3.802572,0.23592908000000004
fc_prior_QLJ4NP.pt,1904,1006,1.915927,3.831854,0.23176500000000005
fc_prior_QHM2MV.pt,1864,1033,1.9260285,3.852057,0.21130961999999998
fc_prior_R4LW6E.pt,1835,1052,1.930946,3.861892,0.25254817999999996
fc_prior_68KI5U.pt,1823,1059,1.9310865,3.862173,0.24927001999999995
fc_prior_ZTA34E.pt,1906,1018,1.940817,3.881634,0.28225055999999993
fc_prior_J69SJD.pt,1867,1042,1.945935,3.89187,0.24371943999999998
fc_prior_M8AUZZ.pt,1873,1039,1.9465665,3.893133,0.23690018000000002
fc_prior_BH799E.pt,1867,1043,1.9478025,3.895605,0.24271766
fc_prior_27ZAN5.pt,1876,1039,1.9496835,3.899367,0.24696582
fc_prior_PYCE3K.pt,1899,1029,1.9545855,3.909171,0.23817366000000004
fc_prior_DE2N6Y.pt,1904,1031,1.9635395,3.927079,0.23790934
fc_prior_9Q7B9X.pt,1871,1050,1.965075,3.93015,0.21686104
fc_prior_WKFIOB.pt,1849,1070,1.978965,3.95793,0.2431101
fc_prior_1G2ULX.pt,1861,1069,1.9899435,3.979887,0.3094417
fc_prior_8V5113.pt,1914,1040,1.99108,3.98216,0.24405579999999993
fc_prior_33FWMQ.pt,1895,1054,1.997857,3.995714,0.26355759999999995
fc_prior_HAAMSW.pt,1873,1071,2.0065185,4.013037,0.24700699999999995
fc_prior_87TR6C.pt,1905,1055,2.0103025,4.020605,0.05247268000000002
fc_prior_EWHRU9.pt,1920,1047,2.0107635,4.021527,0.24985508000000003
fc_prior_R64RRC.pt,1912,1054,2.015775,4.03155,0.29631853999999996
fc_prior_QMCLC2.pt,1914,1057,2.0236265,4.047253,0.27672594000000006
fc_prior_B671XX.pt,1942,1043,2.0260275,4.052055,0.18470863999999998
fc_prior_K8HRG0.pt,1983,1026,2.035071,4.070142,0.26165717999999993
fc_prior_RUESIH.pt,2023,1008,2.039688,4.079376,0.24789167999999998
fc_prior_TTNA9C.pt,1968,1038,2.043303,4.086606,0.2582034999999999
fc_prior_JLHFB2.pt,2009,1017,2.0436615,4.087323,0.25700216
fc_prior_4ZB51C.pt,2027,1015,2.0579125,4.115825,0.25092916000000004
fc_prior_MVT473.pt,2064,1000,2.0645,4.129,0.29605188000000005
fc_prior_HZY71Y.pt,2075,1008,2.092104,4.184208,0.25463041999999997
fc_prior_E2FU9T.pt,516,4057,2.0954405,4.190881,0.22526782000000012
fc_prior_IZ09WY.pt,2097,1007,2.1121825,4.224365,0.20652443999999995
fc_prior_1TRD6W.pt,2033,1040,2.11484,4.22968,0.19876969999999988
fc_prior_QGOKI9.pt,524,4054,2.126323,4.252646,0.29250068
fc_prior_G6R45T.pt,1982,1075,2.1311875,4.262375,0.24213683999999994
fc_prior_7O3584.pt,2117,1018,2.155615,4.31123,0.2638920600000001
fc_prior_A4U45L.pt,2070,1044,2.161602,4.323204,0.27968052
fc_prior_YAWDD5.pt,2153,1005,2.1642675,4.328535,0.2634330199999999
fc_prior_JQ18XV.pt,2063,1051,2.1687385,4.337477,0.15768572
fc_prior_DIKFU6.pt,2068,1052,2.176062,4.352124,0.26979966
fc_prior_7LPLZN.pt,2145,1015,2.1776825,4.355365,0.31830349999999996
fc_prior_78K1CB.pt,2165,1007,2.1806585,4.361317,0.19220090000000004
fc_prior_N3B334.pt,2093,1046,2.189801,4.379602,0.2725416200000001
fc_prior_08YCKX.pt,2110,1039,2.1928095,4.385619,0.26971804000000005
fc_prior_MTYK5I.pt,2121,1035,2.1957525,4.391505,0.19756864
fc_prior_VXC3Q6.pt,539,4074,2.197923,4.395846,0.2223966
fc_prior_E9D9L4.pt,2126,1034,2.198801,4.397602,0.27906114000000004
fc_prior_GX4JY7.pt,2057,1069,2.1994675,4.398935,0.26797405999999996
fc_prior_Z3GPQN.pt,2069,1064,2.201948,4.403896,0.26779478
fc_prior_SDF2DG.pt,2061,1072,2.209928,4.419856,0.29200259999999995
fc_prior_MH69P4.pt,2109,1054,2.223413,4.446826,0.2761852799999999
fc_prior_FL4JFB.pt,2151,1034,2.224651,4.449302,0.2388091400000001
fc_prior_U06Z5U.pt,2199,1015,2.2324925,4.464985,0.28446956000000007
fc_prior_RIET4R.pt,2077,1076,2.23539,4.47078,0.29002246
fc_prior_33FULS.pt,2237,1001,2.2397375,4.479475,0.12639930000000002
fc_prior_1MMRF9.pt,2232,1006,2.245895,4.49179,0.28473950000000003
fc_prior_I2OR6Y.pt,2235,1006,2.248913,4.497826,0.31444692
fc_prior_K6PHGO.pt,2230,1010,2.252805,4.50561,0.29520424000000006
fc_prior_LEY1VW.pt,2152,1047,2.2536675,4.507335,0.27645574
fc_prior_2MSMRU.pt,2187,1037,2.2684375,4.536875,0.28944206
fc_prior_18XAI4.pt,2260,1004,2.269542,4.539084,0.27954906
fc_prior_08HT5Y.pt,2135,1069,2.2828495,4.565699,0.27548504000000007
fc_prior_PDZFTG.pt,2284,1002,2.289069,4.578138,0.34035282
fc_prior_Y77FKO.pt,565,4056,2.293668,4.587336,0.27473956
fc_prior_067GNW.pt,2255,1017,2.2938435,4.587687,0.2811444400000001
fc_prior_71JCY4.pt,2164,1060,2.29437,4.58874,0.2981165799999999
fc_prior_O1HQ3V.pt,2192,1051,2.3043175,4.608635,0.2820017999999999
fc_prior_5KX6HM.pt,2190,1052,2.304406,4.608812,0.31300202000000005
fc_prior_USQDML.pt,2195,1056,2.318448,4.636896,0.28713868
fc_prior_T8MS3W.pt,2240,1037,2.3233985,4.646797,0.32474266000000007
fc_prior_V83FQF.pt,2171,1070,2.323505,4.64701,0.27625808
fc_prior_PAVH3Q.pt,2318,1005,2.3300925,4.660185,0.16457136000000003
fc_prior_YUI24T.pt,2206,1059,2.3366835,4.673367,0.34409878
fc_prior_QPRLB5.pt,2322,1008,2.34108,4.68216,0.16415624
fc_prior_OUG3U9.pt,580,4036,2.342898,4.685796,0.32759174
fc_prior_JMH8RB.pt,2236,1052,2.352798,4.705596,0.32185562000000006
fc_prior_DDTC9L.pt,2318,1016,2.355596,4.711192,0.19072706000000003
fc_prior_UUSFFW.pt,2197,1074,2.360115,4.72023,0.21519918000000002
fc_prior_MQMC7L.pt,2218,1064,2.360484,4.720968,0.2807774800000001
fc_prior_IFJWH1.pt,2307,1023,2.3605725,4.721145,0.28044958000000003
fc_prior_MPV99O.pt,584,4041,2.3619645,4.723929,0.20408094000000004
fc_prior_WW1V9F.pt,2218,1066,2.364921,4.729842,0.26774881999999994
fc_prior_4TK89Q.pt,2238,1062,2.377287,4.754574,0.20970236000000003
fc_prior_8IFSST.pt,2253,1055,2.3774425,4.754885,0.17790745999999996
fc_prior_F6RUFQ.pt,2303,1040,2.39564,4.79128,0.28738327999999996
fc_prior_MYWKX9.pt,2327,1033,2.4043075,4.808615,0.2901374599999999
fc_prior_IZF45S.pt,2349,1024,2.405888,4.811776,0.33815883999999996
fc_prior_UZUFYF.pt,2246,1073,2.4104945,4.820989,0.2891030399999999
fc_prior_I5TFAI.pt,2314,1049,2.4279105,4.855821,0.25854942
fc_prior_UON074.pt,2349,1038,2.438781,4.877562,0.2930448200000001
fc_prior_Q78150.pt,2349,1038,2.438781,4.877562,0.23556696000000002
fc_prior_J7YULR.pt,2335,1049,2.4499395,4.899879,0.05882183999999999
fc_prior_L4XZ6T.pt,2327,1056,2.45784,4.91568,0.27677714000000003
fc_prior_R80KL5.pt,2354,1044,2.458098,4.916196,0.078323
fc_prior_RRR4XU.pt,606,4068,2.467242,4.934484,0.2853161400000001
fc_prior_MRVOKO.pt,2300,1075,2.4730375,4.946075,0.33526133999999996
fc_prior_8O7T81.pt,2346,1057,2.4802505,4.960501,0.29512378
fc_prior_SBCV5P.pt,618,4082,2.524717,5.049434,0.29739834000000004
fc_prior_K7COHG.pt,620,4075,2.5285375,5.057075,0.3322690399999999
fc_prior_UCSSW5.pt,630,4048,2.552264,5.104528,0.34275572000000004
fc_prior_7ZMLFJ.pt,641,4069,2.6102635,5.220527,0.30391158000000007
fc_prior_D1WESJ.pt,666,4081,2.7199865,5.439973,0.06417289999999999
fc_prior_PISHSP.pt,682,4041,2.7579825,5.515965,0.31956816
fc_prior_2CDFSP.pt,697,4080,2.8458,5.6916,0.34145172
fc_prior_DKGWCY.pt,707,4078,2.885185,5.77037,0.35428982
fc_prior_KMVY5A.pt,727,4036,2.93619,5.87238,0.3484946000000001
fc_prior_PM3XEI.pt,756,4025,3.0449125,6.089825,0.3489575200000001
fc_prior_V3HWC3.pt,754,4044,3.051198,6.102396,0.3759480199999999
fc_prior_O3YTXE.pt,765,4034,3.088027,6.176054,0.27443392000000005
fc_prior_ISCK9P.pt,794,4071,3.2344095,6.468819,0.34704525999999986
fc_prior_MF3O5T.pt,798,4066,3.246701,6.493402,0.1409102
fc_prior_BL8TLJ.pt,806,4046,3.263099,6.526198,0.34002366
fc_prior_P7AT15.pt,817,4044,3.30597,6.61194,0.33742916
fc_prior_2KL9BE.pt,822,4080,3.3558,6.7116,0.35888511999999984
fc_prior_O9ULOJ.pt,834,4077,3.4022565,6.804513,0.36393634000000014
fc_prior_S9KAY5.pt,846,4032,3.413088,6.826176,0.37391588000000003
fc_prior_1NTRI1.pt,850,4029,3.4266645,6.853329,0.3260380199999999
fc_prior_4VUTHK.pt,847,4059,3.4400025,6.880005,0.3472799999999999
fc_prior_B423EJ.pt,848,4076,3.458486,6.916972,0.3661745799999999
fc_prior_SVTGXP.pt,860,4081,3.5117005,7.023401,0.38748076000000004
fc_prior_XGC8ZS.pt,867,4095,3.5524125,7.104825,0.38825126
fc_prior_5BU352.pt,882,4038,3.563535,7.12707,0.43196274
fc_prior_FZLSBY.pt,3597,1001,3.6010975,7.202195,0.3910232400000001
fc_prior_J5K7HH.pt,882,4090,3.609425,7.21885,0.40004525999999996
fc_prior_7CUUY8.pt,884,4091,3.6184895,7.236979,0.39318646000000007
fc_prior_M5QVMX.pt,3636,1001,3.6401365,7.280273,0.3888755800000002
fc_prior_VWBWLX.pt,3590,1016,3.647948,7.295896,0.39575807999999996
fc_prior_PNDB8X.pt,3584,1018,3.649021,7.298042,0.38204896000000005
fc_prior_UOS2K8.pt,3610,1012,3.653826,7.307652,0.37427054
fc_prior_GXD11E.pt,3600,1017,3.6617085,7.323417,0.42292401999999996
fc_prior_E048H5.pt,906,4049,3.6704185,7.340837,0.36684101999999996
fc_prior_Y8230J.pt,3648,1007,3.6740395,7.348079,0.3986635399999999
fc_prior_4CY7XX.pt,3636,1012,3.680138,7.360276,0.3894224399999999
fc_prior_AF7ISE.pt,3682,1003,3.6935475,7.387095,0.42803333999999993
fc_prior_HJ9B98.pt,3611,1023,3.6945645,7.389129,0.4181458000000001
fc_prior_NCBRZ4.pt,3655,1011,3.6957105,7.391421,0.35858070000000003
fc_prior_XWXBZ6.pt,3671,1015,3.7265725,7.453145,0.37680098000000006
fc_prior_LC6TUK.pt,3663,1019,3.7331065,7.466213,0.33741923999999995
fc_prior_5WJGAW.pt,3709,1008,3.739176,7.478352,0.2902957
fc_prior_ETB9EF.pt,3687,1015,3.7428125,7.485625,0.44688374000000003
fc_prior_FZRVSL.pt,3685,1016,3.744468,7.488936,0.40549569999999996
fc_prior_XJC81S.pt,3737,1003,3.7487125,7.497425,0.37241226
fc_prior_PRK8T1.pt,3695,1018,3.762019,7.524038,0.37927758000000006
fc_prior_UZOQI7.pt,930,4053,3.7713165,7.542633,0.41049446
fc_prior_ACBQEB.pt,3679,1025,3.7714875,7.542975,0.3988388800000001
fc_prior_ZSYAAV.pt,3728,1012,3.773242,7.546484,0.4155934
fc_prior_K2SJKE.pt,3770,1002,3.778041,7.556082,0.3793294400000001
fc_prior_GO5NHD.pt,932,4052,3.77849,7.55698,0.3821184600000001
fc_prior_D5VMWC.pt,3772,1003,3.7838175,7.567635,0.41732388
fc_prior_22Q2VH.pt,3597,1054,3.791765,7.58353,0.4067562
fc_prior_YTQO04.pt,3747,1014,3.799965,7.59993,0.42307927999999995
fc_prior_3Y5UA0.pt,3681,1034,3.806671,7.613342,0.40684089999999995
fc_prior_VGSBAY.pt,3646,1044,3.806946,7.613892,0.43270460000000016
fc_prior_V1WQO3.pt,3636,1047,3.8074155,7.614831,0.46606096
fc_prior_F4QJLQ.pt,3622,1052,3.81087,7.62174,0.3969080000000001
fc_prior_BU4Q5B.pt,3666,1040,3.81316,7.62632,0.3284761400000001
fc_prior_2C7C5W.pt,3605,1058,3.814619,7.629238,0.45731930000000015
fc_prior_VL97IQ.pt,3789,1008,3.819816,7.639632,0.42615113999999993
fc_prior_DELY12.pt,3741,1021,3.8200715,7.640143,0.41355685999999986
fc_prior_VQ3RLX.pt,3646,1048,3.821532,7.643064,0.37452528000000007
fc_prior_O1Y0A5.pt,3633,1052,3.822442,7.644884,0.41227584
fc_prior_0NGPSH.pt,3655,1049,3.8346195,7.669239,0.44235322000000005
fc_prior_TCV4NO.pt,3816,1005,3.8355825,7.671165,0.4149521999999999
fc_prior_2MMIV5.pt,3835,1003,3.8470065,7.694013,0.3899424999999999
fc_prior_P72WDZ.pt,3806,1011,3.8483715,7.696743,0.40405668
fc_prior_FYEBER.pt,3584,1074,3.849753,7.699506,0.40797924
fc_prior_PS4T6O.pt,3647,1056,3.85176,7.70352,0.3854478
fc_prior_R1X2ZY.pt,3608,1068,3.853878,7.707756,0.11546839999999997
fc_prior_HC83J3.pt,3696,1044,3.859146,7.718292,0.37753398
fc_prior_UOLE7K.pt,3740,1033,3.8639365,7.727873,0.3812178199999999
fc_prior_M7J76F.pt,3629,1065,3.8654175,7.730835,0.3668856399999999
fc_prior_OSHXW7.pt,3647,1060,3.86635,7.7327,0.3702729199999999
fc_prior_0G7L52.pt,3687,1049,3.8681875,7.736375,0.39163154
fc_prior_5DNMHU.pt,3798,1019,3.8706715,7.741343,0.41427499999999995
fc_prior_J5KEJ8.pt,3872,1000,3.8725,7.745,0.4504110600000001
fc_prior_5TPLTR.pt,3775,1026,3.873663,7.747326,0.37663923999999993
fc_prior_WPTDRY.pt,3641,1064,3.874556,7.749112,0.3675228399999999
fc_prior_82CLYS.pt,3666,1057,3.8754905,7.750981,0.42558379999999985
fc_prior_M831UQ.pt,3730,1040,3.87972,7.75944,0.41593654
fc_prior_FGVNWI.pt,3721,1045,3.8889675,7.777935,0.4228390200000001
fc_prior_156NVL.pt,3860,1008,3.891384,7.782768,0.37743052
fc_prior_NIKTYU.pt,3890,1001,3.8943905,7.788781,0.37487024000000013
fc_prior_20T9D7.pt,3871,1007,3.8986005,7.797201,0.37542902000000006
fc_prior_CV43GW.pt,3876,1006,3.899759,7.799518,0.37348675999999975
fc_prior_WAUJTN.pt,3826,1021,3.9068565,7.813713,0.36798995999999995
fc_prior_YIS9L6.pt,3747,1043,3.9086425,7.817285,0.44942775999999995
fc_prior_QNYHZ5.pt,3832,1021,3.9129825,7.825965,0.4457844000000001
fc_prior_H7P3ZU.pt,3799,1031,3.9172845,7.834569,0.42054016000000005
fc_prior_3YYIQD.pt,3655,1073,3.9223515,7.844703,0.42414988000000015
fc_prior_QN0IUE.pt,3911,1004,3.927146,7.854292,0.37003854
fc_prior_EBQNF5.pt,3873,1014,3.927729,7.855458,0.43298914000000005
fc_prior_MVUYSY.pt,3670,1071,3.9311055,7.862211,0.47574141999999997
fc_prior_RDZBAT.pt,3724,1056,3.933072,7.866144,0.41932907999999985
fc_prior_KIRQNR.pt,3828,1029,3.9395265,7.879053,0.4245398399999998
fc_prior_2IPQCH.pt,3848,1024,3.940864,7.881728,0.37137022000000003
fc_prior_N5NRK5.pt,3663,1076,3.941926,7.883852,0.39917046000000006
fc_prior_589FH1.pt,3876,1017,3.9424005,7.884801,0.41643494
fc_prior_FC3QY6.pt,3919,1006,3.943017,7.886034,0.4158601
fc_prior_DBXYHP.pt,3700,1066,3.944733,7.889466,0.40344618
fc_prior_8SXJJ8.pt,3806,1037,3.9473405,7.894681,0.42614304
fc_prior_B6UP06.pt,3679,1074,3.951783,7.903566,0.38286748
fc_prior_LVTF0D.pt,3715,1065,3.9570075,7.914015,0.4588219599999999
fc_prior_RR5S7F.pt,972,4072,3.96002,7.92004,0.16761961999999997
fc_prior_E42U21.pt,3781,1048,3.963012,7.926024,0.4081273400000001
fc_prior_U4KKYM.pt,3848,1031,3.9678035,7.935607,0.42660744
fc_prior_HHN3ED.pt,3904,1017,3.9708765,7.941753,0.38681450000000006
fc_prior_YBWD17.pt,3870,1026,3.971133,7.942266,0.39142912
fc_prior_POBP7H.pt,3836,1037,3.9784505,7.956901,0.37260736
fc_prior_1Z9NRG.pt,3974,1001,3.9784745,7.956949,0.3987429599999999
fc_prior_Y462ZR.pt,3900,1020,3.97851,7.95702,0.4435061999999999
fc_prior_6IXSH2.pt,3866,1030,3.982495,7.96499,0.42676652000000004
fc_prior_TIY8GC.pt,978,4073,3.9854305,7.970861,0.41592118
fc_prior_1TUO6G.pt,3714,1074,3.989373,7.978746,0.14261038
fc_prior_EKZZO4.pt,3835,1041,3.9927555,7.985511,0.4214205200000001
fc_prior_B0BWYP.pt,3839,1041,3.9969195,7.993839,0.4002769200000001
fc_prior_3YAE5U.pt,3809,1051,4.0037845,8.007569,0.4112478
fc_prior_Q377OT.pt,3909,1028,4.018966,8.037932,0.2990166799999999
fc_prior_H82IH4.pt,3816,1054,4.022591,8.045182,0.37788928
fc_prior_9RADU6.pt,3831,1050,4.023075,8.04615,0.41290154
fc_prior_H0197A.pt,3900,1033,4.0292165,8.058433,0.3687848
fc_prior_XUV8AQ.pt,4026,1002,4.034553,8.069106,0.3736235600000001
fc_prior_EZWMCM.pt,990,4076,4.037278,8.074556,0.4560744399999999
fc_prior_HXK7X9.pt,3821,1059,4.0469685,8.093937,0.30955179999999993
fc_prior_ODWE9I.pt,3941,1027,4.0479205,8.095841,0.36377111999999995
fc_prior_LZSPBM.pt,3977,1018,4.049095,8.09819,0.4360899200000001
fc_prior_O3N3RY.pt,4047,1001,4.0515475,8.103095,0.4270955
fc_prior_74V4OG.pt,1001,4046,4.052069,8.104138,0.4560793999999999
fc_prior_L08AYS.pt,3857,1051,4.0542325,8.108465,0.4525945199999999
fc_prior_VUM9YK.pt,1007,4025,4.0551875,8.110375,0.4486978400000001
fc_prior_84PPXO.pt,3794,1069,4.0563205,8.112641,0.4634704199999999
fc_prior_PBIEK0.pt,3814,1065,4.0624425,8.124885,0.40809156000000013
fc_prior_GEAQ37.pt,3983,1022,4.071137,8.142274,0.4244393799999998
fc_prior_JSDOTM.pt,3922,1038,4.071555,8.14311,0.42245028000000007
fc_prior_FPBODR.pt,3969,1026,4.072707,8.145414,0.35577240000000004
fc_prior_AH4HLJ.pt,3836,1062,4.074363,8.148726,0.4357879799999999
fc_prior_EELN5E.pt,3976,1026,4.079889,8.159778,0.3907596000000001
fc_prior_89S4DZ.pt,3924,1043,4.0932535,8.186507,0.39852443999999987
fc_prior_AT4G3D.pt,3919,1050,4.115475,8.23095,0.26209014
fc_prior_TLO49A.pt,3830,1076,4.121618,8.243236,0.28499394000000006
fc_prior_MYLI17.pt,4047,1019,4.1244025,8.248805,0.44624366000000004
fc_prior_6AJZ03.pt,4092,1008,4.12524,8.25048,0.41281286
fc_prior_BS2DQ2.pt,3991,1034,4.127211,8.254422,0.48433233999999975
fc_prior_L6HJRW.pt,3894,1060,4.12817,8.25634,0.4218881
fc_prior_ISI1FK.pt,3996,1033,4.1283845,8.256769,0.3768907199999999
fc_prior_ETBUTE.pt,4045,1022,4.134501,8.269002,0.3892976600000001
fc_prior_XQZN9F.pt,4012,1031,4.1368875,8.273775,0.40418823999999987
fc_prior_VZVXDU.pt,4076,1015,4.1376475,8.275295,0.3904404200000001
fc_prior_V46VSU.pt,4076,1016,4.141724,8.283448,0.40855214000000006
fc_prior_04118Z.pt,3875,1069,4.1429095,8.285819,0.3560641799999999
fc_prior_R9VEUX.pt,3870,1072,4.149176,8.298352,0.4166816599999999
fc_prior_WECBY2.pt,4040,1028,4.153634,8.307268,0.3863205399999998
fc_prior_OCXRRJ.pt,3904,1066,4.162197,8.324394,0.4585341799999999
fc_prior_X7SSUY.pt,3917,1063,4.1643025,8.328605,0.42553428000000004
fc_prior_EYO5SH.pt,3886,1072,4.166328,8.332656,0.4506296999999999
fc_prior_KZ0FOR.pt,4162,1001,4.1666625,8.333325,0.43491630000000014
fc_prior_X83GFF.pt,4065,1025,4.1671375,8.334275,0.4137072999999999
fc_prior_NJBGA2.pt,4164,1002,4.172829,8.345658,0.40179436
fc_prior_1NAJ18.pt,4036,1034,4.173741,8.347482,0.3800716800000001
fc_prior_YXZ54Y.pt,3964,1055,4.1825475,8.365095,0.4401019999999998
fc_prior_M14MSY.pt,1033,4047,4.1825745,8.365149,0.4287983800000001
fc_prior_SY1BV3.pt,4165,1006,4.190493,8.380986,0.47043206
fc_prior_HF6BGV.pt,4103,1022,4.193777,8.387554,0.4504467999999999
fc_prior_LCALX6.pt,3923,1069,4.1942215,8.388443,0.45637605999999975
fc_prior_Y6ZE5E.pt,4140,1013,4.1943265,8.388653,0.46386652
fc_prior_RDE5D7.pt,4029,1041,4.1947095,8.389419,0.44196887999999995
fc_prior_ULCUWD.pt,1033,4062,4.198077,8.396154,0.3961941600000001
fc_prior_F5LO0P.pt,3984,1054,4.199663,8.399326,0.47488668000000006
fc_prior_7EQ1P4.pt,3904,1076,4.201242,8.402484,0.40175424000000015
fc_prior_P8PN08.pt,4085,1029,4.2039795,8.407959,0.43640523999999997
fc_prior_EN9S1K.pt,1036,4056,4.204044,8.408088,0.36915146
fc_prior_DYY0Y6.pt,4192,1003,4.2050775,8.410155,0.36279842
fc_prior_YJHESO.pt,4100,1026,4.207113,8.414226,0.4930231
fc_prior_T8GFPP.pt,3917,1074,4.207395,8.41479,0.46046887999999997
fc_prior_NPERIN.pt,4145,1016,4.211828,8.423656,0.4438305800000002
fc_prior_CWZS43.pt,4139,1020,4.22229,8.44458,0.43222325999999994
fc_prior_82OQ9A.pt,4195,1008,4.229064,8.458128,0.36156704000000006
fc_prior_UXJHLL.pt,4016,1053,4.2293745,8.458749,0.36003528
fc_prior_LEK97O.pt,4112,1029,4.2317625,8.463525,0.4541312799999999
fc_prior_KW5XNV.pt,3999,1059,4.2354705,8.470941,0.40408104
fc_prior_TI1ROG.pt,3948,1073,4.2367405,8.473481,0.4570429399999999
fc_prior_PPGE6E.pt,4192,1011,4.2386175,8.477235,0.4488752800000001
fc_prior_KW8JVZ.pt,4148,1023,4.2439155,8.487831,0.44305362000000004
fc_prior_DU690L.pt,3974,1068,4.244766,8.489532,0.4630563799999998
fc_prior_TXTFWD.pt,4195,1012,4.245846,8.491692,0.4443317600000002
fc_prior_41PK9F.pt,1040,4082,4.247321,8.494642,0.3816701800000001
fc_prior_XZZNFE.pt,4072,1043,4.2476175,8.495235,0.44505704
fc_prior_A028LO.pt,4157,1022,4.248965,8.49793,0.39275178000000016
fc_prior_NJB324.pt,4100,1037,4.2522185,8.504437,0.37564279999999994
fc_prior_M3QAWJ.pt,4117,1033,4.2533775,8.506755,0.40067642
fc_prior_9NA9TO.pt,3994,1065,4.2541425,8.508285,0.44833316
fc_prior_9F4SCZ.pt,3978,1071,4.2609735,8.521947,0.46185190000000004
fc_prior_9US3VI.pt,4105,1038,4.261509,8.523018,0.44851366
fc_prior_EGCMYS.pt,4141,1029,4.2616035,8.523207,0.46788988
fc_prior_43LO9X.pt,4009,1065,4.2701175,8.540235,0.4568309000000001
fc_prior_MLBOK3.pt,4112,1039,4.2728875,8.545775,0.45177648
fc_prior_L2E8NQ.pt,4148,1030,4.272955,8.54591,0.45116903999999997
fc_prior_DDIBMA.pt,4046,1057,4.2771505,8.554301,0.3631503799999999
fc_prior_A2ZQ40.pt,4137,1034,4.278175,8.55635,0.47700513999999994
fc_prior_5G3KHY.pt,4123,1039,4.2843165,8.568633,0.48013926000000007
fc_prior_LPV5PE.pt,4138,1037,4.2916245,8.583249,0.4449693799999999
fc_prior_VATGGN.pt,4140,1037,4.2936985,8.587397,0.44366690000000014
fc_prior_TY5TAA.pt,4190,1025,4.2952625,8.590525,0.45227065999999977
fc_prior_AWLIAX.pt,4138,1038,4.295763,8.591526,0.39693815999999993
fc_prior_294JWF.pt,4022,1068,4.29603,8.59206,0.48996662
fc_prior_GNB3PH.pt,4109,1047,4.3026465,8.605293,0.42880772000000006
fc_prior_0DLLJQ.pt,4186,1029,4.3079085,8.615817,0.4835745799999999
fc_prior_0EM4SD.pt,4036,1069,4.3150185,8.630037,0.45329028
fc_prior_0NQ3MR.pt,1074,4019,4.3184155,8.636831,0.4059303000000001
fc_prior_H240BT.pt,4132,1046,4.322595,8.64519,0.3689528799999999
fc_prior_2P1AYO.pt,4029,1073,4.3236535,8.647307,0.37456417999999997
fc_prior_JJYS9V.pt,4126,1049,4.3286985,8.657397,0.4129712599999999
fc_prior_S4YRMA.pt,4059,1067,4.3314865,8.662973,0.40745174
fc_prior_GGM9H8.pt,1066,4065,4.3353225,8.670645,0.4585855999999998
fc_prior_4JHBY1.pt,4143,1049,4.3465315,8.693063,0.40687518000000006
fc_prior_OS2SJ3.pt,4169,1043,4.3487885,8.697577,0.47579443999999993
fc_prior_S61ENR.pt,4073,1068,4.350498,8.700996,0.46409384000000004
fc_prior_11TGCW.pt,4089,1064,4.351228,8.702456,0.1632083
fc_prior_FVXVO3.pt,4099,1062,4.353669,8.707338,0.46125388
fc_prior_574IO5.pt,4136,1053,4.3557345,8.711469,0.456056
fc_prior_0MDTQ0.pt,4077,1070,4.362925,8.72585,0.11321202000000001
fc_prior_41RD9D.pt,4098,1065,4.3649025,8.729805,0.45274219999999993
fc_prior_B1SQQJ.pt,4159,1051,4.3716345,8.743269,0.43246568000000013
fc_prior_8SR2AF.pt,4102,1071,4.3937775,8.787555,0.48949799999999977
fc_prior_Y25A73.pt,4177,1053,4.3989075,8.797815,0.44605632
fc_prior_3B7T1B.pt,4112,1071,4.4044875,8.808975,0.405283
fc_prior_JJ244W.pt,4128,1069,4.4133665,8.826733,0.46383997999999993
fc_prior_YASFO3.pt,1096,4041,4.4309565,8.861913,0.46690839999999995
fc_prior_XYMTXX.pt,4180,1060,4.43133,8.86266,0.5062947599999998
fc_prior_W3RKGP.pt,4125,1075,4.4349125,8.869825,0.40167885999999986
fc_prior_W5RQJ1.pt,4148,1071,4.4430435,8.886087,0.4020194
fc_prior_XEVIF1.pt,1086,4095,4.4492175,8.898435,0.33867684000000003
fc_prior_RY41NB.pt,4182,1065,4.4543625,8.908725,0.41800944
fc_prior_NRZ4X3.pt,4157,1072,4.45684,8.91368,0.48391019999999996
fc_prior_CLEIVR.pt,4175,1075,4.4886625,8.977325,0.4782164399999999
fc_prior_V4ESV4.pt,1144,4026,4.607757,9.215514,0.39872862000000014
fc_prior_TZ917J.pt,1216,4055,4.9329075,9.865815,0.46021522000000004
fc_prior_GI3972.pt,1221,4067,4.9678405,9.935681,0.43128375999999996
fc_prior_RCEOLW.pt,1245,4076,5.076658,10.153316,0.45690557999999987
fc_prior_09N5FQ.pt,1251,4064,5.086096,10.172192,0.5211838199999999
fc_prior_DZB4RD.pt,1275,4048,5.163224,10.326448,0.5267549399999998
fc_prior_D20NNP.pt,1290,4091,5.2794355,10.558871,0.5323977199999999
fc_prior_LSO0LP.pt,1326,4083,5.4160995,10.832199,0.4320259799999999
fc_prior_1BMCMW.pt,1337,4064,5.4356,10.8712,0.40809715999999985
fc_prior_M15GKB.pt,1339,4086,5.473197,10.946394,0.4425424399999999
fc_prior_6W8V6P.pt,1341,4089,5.4853935,10.970787,0.53276486
fc_prior_W1PQTK.pt,1358,4077,5.5386045,11.077209,0.5763309200000001
fc_prior_MLJLLE.pt,1381,4029,5.5660635,11.132127,0.41624653999999994
fc_prior_RN04KX.pt,1431,4052,5.800438,11.600876,0.49116271999999994
fc_prior_0Z8LDP.pt,1709,4019,6.8704805,13.740961,0.51913362
fc_prior_CWD00A.pt,1700,4061,6.9057305,13.811461,0.51148728
fc_prior_TQE8HT.pt,1713,4066,6.967091,13.934182,0.61236384
fc_prior_4NRFCG.pt,1740,4065,7.0751325,14.150265,0.48860603999999996
fc_prior_64FNPQ.pt,1759,4048,7.122456,14.244912,0.53036056
fc_prior_ODRDZS.pt,1789,4019,7.1920005,14.384001,0.6311858599999999
fc_prior_OQD7Q0.pt,1807,4054,7.327605,14.65521,0.20974888000000008
fc_prior_0P812Y.pt,1818,4044,7.354014,14.708028,0.7100260199999999
fc_prior_RGBK32.pt,1829,4060,7.42777,14.85554,0.671086
fc_prior_GDARXZ.pt,1828,4080,7.46028,14.92056,0.5510041200000001
fc_prior_BS39XQ.pt,1852,4049,7.5007725,15.001545,0.4863116400000001
fc_prior_ZCSQE1.pt,1851,4065,7.5263475,15.052695,0.5942183999999999
fc_prior_U0D3WI.pt,1848,4087,7.5548195,15.109639,0.59605894
fc_prior_BE7L8O.pt,1887,4030,7.606625,15.21325,0.54835158
fc_prior_1Z49U2.pt,1908,4027,7.6855295,15.371059,0.6598301799999998
fc_prior_U531NK.pt,1914,4053,7.7594685,15.518937,0.71573792
fc_prior_D1WG8E.pt,1906,4076,7.770894,15.541788,0.5777106999999999
fc_prior_YTKCFL.pt,1916,4062,7.784823,15.569646,0.54224998
fc_prior_51LD1V.pt,1962,4082,8.010925,16.02185,0.58522082
fc_prior_S7EYIU.pt,1969,4072,8.019804,16.039608,0.67080946
fc_prior_01WL0Y.pt,1970,4089,8.0573745,16.114749,0.6857261399999999
fc_prior_K6XMCC.pt,1975,4089,8.0778195,16.155639,0.80450984
fc_prior_IN5U89.pt,1998,4058,8.109913,16.219826,0.64801776
fc_prior_MK26UZ.pt,2000,4074,8.150037,16.300074,0.5715994600000003
fc_prior_TYR3CZ.pt,2026,4038,8.183007,16.366014,0.69955592
fc_prior_IBX4S7.pt,2031,4029,8.1849135,16.369827,0.70533368
fc_prior_X7DTD5.pt,2020,4086,8.255763,16.511526,0.6392961600000002
fc_prior_Z1C5FH.pt,2041,4047,8.2619505,16.523901,0.7017431200000003
fc_prior_A87WM9.pt,2044,4059,8.2986255,16.597251,0.21540982
fc_prior_WSQNM1.pt,2050,4050,8.304525,16.60905,0.57822274
fc_prior_3RCAU1.pt,2072,4091,8.4785975,16.957195,0.7704733800000001
fc_prior_WSUYUD.pt,2130,4029,8.5837845,17.167569,0.7242283000000004
fc_prior_5T6H0F.pt,2136,4027,8.6036855,17.207371,0.7730779799999999
fc_prior_M83889.pt,2157,4092,8.82849,17.65698,0.7498758599999998
fc_prior_GTY5HU.pt,2201,4028,8.867642,17.735284,0.82498658
fc_prior_VIW39N.pt,2197,4044,8.88669,17.77338,0.6481908
fc_prior_QKMWQX.pt,2213,4021,8.9004835,17.800967,0.7828844800000002
fc_prior_6HNM5L.pt,2220,4035,8.9597175,17.919435,0.7133665199999999
fc_prior_3UECRO.pt,2225,4026,8.959863,17.919726,0.7262177399999997
fc_prior_OIP8PZ.pt,2234,4033,9.0117385,18.023477,0.65220608
fc_prior_1T7BQC.pt,2263,4032,9.126432,18.252864,0.6610857200000002
fc_prior_G60X1D.pt,2237,4089,9.1491375,18.298275,0.6561456199999999
fc_prior_371LPI.pt,2298,4064,9.341104,18.682208,0.7403962800000001
fc_prior_B5J3IJ.pt,9338,1006,9.394531,18.789062,0.7431306800000002
fc_prior_GZED3P.pt,9362,1022,9.568475,19.13695,0.7925618199999999
fc_prior_AIJ7XZ.pt,9120,1058,9.649489,19.298978,0.8731819799999999
fc_prior_D4VXWA.pt,9334,1034,9.651873,19.303746,0.75476236
fc_prior_6UTXD2.pt,9334,1036,9.670542,19.341084,0.83346632
fc_prior_OEXW0M.pt,9163,1056,9.676656,19.353312,0.8428270200000004
fc_prior_K45EYA.pt,9444,1028,9.708946,19.417892,0.8388101600000002
fc_prior_6VKYX6.pt,9438,1029,9.7122165,19.424433,0.7269478799999999
fc_prior_96CP19.pt,9214,1058,9.748941,19.497882,0.8737705399999999
fc_prior_VSBV6N.pt,9498,1032,9.802452,19.604904,0.7977838399999999
fc_prior_8W5K38.pt,9156,1071,9.8066115,19.613223,0.6696533400000001
fc_prior_JSNUC9.pt,9653,1021,9.8562235,19.712447,1.010352
fc_prior_6HGL9P.pt,9433,1059,9.9900765,19.980153,0.9020156000000003
fc_prior_LQ158Z.pt,9517,1050,9.993375,19.98675,1.0517130000000001
fc_prior_8ZY19Q.pt,9620,1039,9.9956995,19.991399,0.8210241600000002
fc_prior_0FV6NH.pt,9475,1065,10.0914075,20.182815,0.9440602999999999
fc_prior_QKQOD6.pt,9469,1066,10.094487,20.188974,0.6537819799999999
fc_prior_ICLT2I.pt,9584,1059,10.1499855,20.299971,0.8604942400000003
fc_prior_TBAMCB.pt,9615,1067,10.2597385,20.519477,0.8662489400000001
fc_prior_T8C1JB.pt,9711,1067,10.3621705,20.724341,0.9051444999999997
fc_prior_BK6GMC.pt,3586,4056,14.546844,29.093688,1.4545062800000002
fc_prior_BSEKA5.pt,3619,4027,14.5757265,29.151453,1.4031441
fc_prior_NDCSI9.pt,3606,4065,14.6604225,29.320845,1.4064692399999996
fc_prior_MOOEGB.pt,3612,4082,14.746225,29.49245,1.5378289200000006
fc_prior_RZKUNV.pt,3608,4092,14.765982,29.531964,1.41545414
fc_prior_NCJQSK.pt,3648,4067,14.8384495,29.676899,1.4369819
fc_prior_61EIVR.pt,3663,4054,14.851829,29.703658,1.4325307200000004
fc_prior_VSOORX.pt,3680,4038,14.861859,29.723718,1.3695803
fc_prior_MOM4QI.pt,3676,4043,14.8640895,29.728179,1.4067592800000002
fc_prior_QYA5MJ.pt,3702,4025,14.9025625,29.805125,1.5343780999999999
fc_prior_B8PP0J.pt,3647,4087,14.9073325,29.814665,1.4539414800000001
fc_prior_KWRYCO.pt,3673,4081,14.9915535,29.983107,1.4826045999999997
fc_prior_4826C2.pt,3701,4054,15.005881,30.011762,1.5106959200000003
fc_prior_PKBTYJ.pt,3714,4053,15.0548685,30.109737,1.7000280000000003
fc_prior_LHB126.pt,3742,4027,15.0710475,30.142095,1.5138231199999999
fc_prior_0DW4Q3.pt,3713,4075,15.1325125,30.265025,1.6034847800000003
fc_prior_5BWEFV.pt,3736,4050,15.132825,30.26565,1.35334268
fc_prior_KO75OM.pt,3776,4031,15.2230715,30.446143,1.5532051600000008
fc_prior_T8YYET.pt,3757,4055,15.2366625,30.473325,1.41170682
fc_prior_G8A8J3.pt,3759,4055,15.2447725,30.489545,1.51686992
fc_prior_88XBRF.pt,3762,4053,15.2494125,30.498825,1.5243934199999993
fc_prior_ZNTTP0.pt,3732,4087,15.2547275,30.509455,1.4916225600000002
fc_prior_IOMT0E.pt,3761,4057,15.2604055,30.520811,1.5037134399999998
fc_prior_HHRL9C.pt,3783,4041,15.2891235,30.578247,1.4704331
fc_prior_OFHVA9.pt,3778,4050,15.302925,30.60585,1.67560006
fc_prior_GGAAAV.pt,3798,4037,15.3345445,30.669089,1.33911558
fc_prior_CZKIGR.pt,3811,4026,15.345099,30.690198,1.5052877600000005
fc_prior_6QZU1C.pt,3809,4029,15.3484755,30.696951,1.5556112400000002
fc_prior_KYBMT8.pt,3793,4054,15.378849,30.757698,1.58812582
fc_prior_JIFBZ4.pt,3771,4086,15.410349,30.820698,1.4462844200000007
fc_prior_4WTXOI.pt,3789,4075,15.4422125,30.884425,1.54325336
fc_prior_NHC21F.pt,3809,4056,15.451332,30.902664,1.5333516400000005
fc_prior_ZF4V3V.pt,3824,4048,15.481576,30.963152,1.6627853799999996
fc_prior_7CZDQT.pt,3796,4081,15.4935165,30.987033,1.4692242600000003
fc_prior_PDUEHA.pt,3799,4086,15.524757,31.049514,1.5574973600000004
fc_prior_H39ZEV.pt,3833,4059,15.5601765,31.120353,1.906656819999999
fc_prior_E9NR7M.pt,3813,4083,15.5705205,31.141041,1.9759165199999995
fc_prior_VTZ1QZ.pt,3805,4094,15.579717,31.159434,1.5139306800000005
fc_prior_GA4KPK.pt,3824,4076,15.588662,31.177324,1.92803658
fc_prior_Q4HC0H.pt,3837,4063,15.5917625,31.183525,1.7248186200000004
fc_prior_UQ7TZL.pt,3846,4060,15.61679,31.23358,1.53660132
fc_prior_81HUPD.pt,3890,4023,15.6514815,31.302963,1.5324084199999999
fc_prior_9O5J44.pt,3824,4094,15.657503,31.315006,1.58819446
fc_prior_3OKVQ0.pt,3834,4088,15.675436,31.350872,1.6846189999999999
fc_prior_7EFUPY.pt,3886,4037,15.6898005,31.379601,1.4994667799999997
fc_prior_MHAG2M.pt,3865,4059,15.6900645,31.380129,1.5589328
fc_prior_OJ1AWA.pt,3869,4056,15.694692,31.389384,1.6905855599999997
fc_prior_X60FQ6.pt,3845,4083,15.7011765,31.402353,1.6436062800000002
fc_prior_4BZV8W.pt,3845,4092,15.735786,31.471572,1.5734524200000004
fc_prior_D51MN8.pt,3895,4042,15.745611,31.491222,1.62293868
fc_prior_UR2L65.pt,3916,4027,15.7717455,31.543491,1.4703399400000001
fc_prior_7N8BQP.pt,3877,4078,15.812445,31.62489,1.40347812
fc_prior_Z09SK6.pt,3870,4087,15.8187335,31.637467,1.5334427400000004
fc_prior_K41XZE.pt,3884,4085,15.8681825,31.736365,1.5275828600000003
fc_prior_8ZVO3K.pt,3941,4027,15.8724205,31.744841,1.6538637999999997
fc_prior_EC1I4S.pt,3890,4080,15.87324,31.74648,1.45983916
fc_prior_FGL01F.pt,3940,4031,15.8841555,31.768311,2.07283714
fc_prior_KHBVN0.pt,3949,4040,15.95598,31.91196,1.82455668
fc_prior_XH61OP.pt,3935,4061,15.9820655,31.964131,1.5261844999999996
fc_prior_4OU6HW.pt,3948,4050,15.991425,31.98285,1.5668957600000002
fc_prior_1JS4Q8.pt,3934,4077,16.0409565,32.081913,1.57018434
fc_prior_I6GYQU.pt,3952,4059,16.0431975,32.086395,1.77984354
fc_prior_66SVNW.pt,3991,4020,16.04583,32.09166,1.6372060000000004
fc_prior_5K0XK3.pt,3981,4032,16.053408,32.106816,1.6089167999999998
fc_prior_F9B0UV.pt,3941,4076,16.065554,32.131108,1.6301030400000003
fc_prior_NS8O2Y.pt,3926,4093,16.0711645,32.142329,1.5867361400000002
fc_prior_ZZMQZS.pt,3991,4033,16.0977195,32.195439,1.6349838199999995
fc_prior_HL7WOI.pt,4008,4022,16.122187,32.244374,1.5237881799999997
fc_prior_OUEEB0.pt,3986,4050,16.145325,32.29065,1.633155
fc_prior_AMBW79.pt,4011,4028,16.158322,32.316644,1.6941927200000004
fc_prior_5VI6DU.pt,4016,4030,16.186495,32.37299,1.7006407600000002
fc_prior_IMIYK9.pt,3975,4074,16.196187,32.392374,1.61355602
fc_prior_TGIPD3.pt,4003,4046,16.198161,32.396322,2.23119284
fc_prior_XFQ46I.pt,4010,4047,16.2304935,32.460987,1.78734152
fc_prior_SWSAMW.pt,3973,4093,16.2635355,32.527071,1.44677854
fc_prior_XMIQMI.pt,4051,4019,16.2829785,32.565957,1.6690180599999993
fc_prior_CXSU0T.pt,3979,4094,16.292073,32.584146,1.6110217800000002
fc_prior_PLBTEZ.pt,4028,4047,16.3033395,32.606679,1.68193998
fc_prior_O53NLA.pt,3989,4092,16.325034,32.650068,1.76518984
fc_prior_D5CPIQ.pt,4062,4020,16.33125,32.6625,1.6462048200000001
fc_prior_GFMD4S.pt,4007,4079,16.3465925,32.693185,1.6880156999999993
fc_prior_CNRL9S.pt,4058,4032,16.363872,32.727744,1.71691914
fc_prior_ROEROR.pt,4022,4078,16.403755,32.80751,1.580783159999999
fc_prior_7NRL2C.pt,4048,4052,16.404522,32.809044,1.7211050000000003
fc_prior_URHHNE.pt,4067,4041,16.4367675,32.873535,1.6219249599999999
fc_prior_G2P7D7.pt,4066,4043,16.4408595,32.881719,1.5832151999999988
fc_prior_P3WVRS.pt,4027,4085,16.4523375,32.904675,1.5891717399999996
fc_prior_450LR7.pt,4065,4051,16.4693405,32.938681,1.61779954
fc_prior_J1K4L6.pt,4032,4086,16.476795,32.95359,1.69478872
fc_prior_GWMCU5.pt,4088,4032,16.484832,32.969664,1.6391592799999999
fc_prior_9POXTA.pt,4096,4025,16.4884125,32.976825,1.6660439399999998
fc_prior_NIR9AQ.pt,4037,4084,16.48915,32.9783,1.5567562600000002
fc_prior_9IMT84.pt,4101,4030,16.529045,33.05809,1.6489792999999995
fc_prior_Q4XZEL.pt,4096,4036,16.533474,33.066948,1.7421978399999998
fc_prior_Y42O4J.pt,4090,4060,16.60743,33.21486,1.6985692800000003
fc_prior_9IDWGB.pt,4074,4078,16.615811,33.231622,1.8847028399999999
fc_prior_N5BJ10.pt,4107,4046,16.618945,33.23789,1.86752518
fc_prior_KM1HR6.pt,4141,4031,16.6943865,33.388773,1.69419532
fc_prior_BYX80R.pt,4086,4092,16.721958,33.443916,2.0516110800000003
fc_prior_IE2QA9.pt,4158,4022,16.725487,33.450974,1.7649894399999997
fc_prior_GDSNWH.pt,4141,4044,16.748226,33.496452,1.8629364199999996
fc_prior_1TITUL.pt,4164,4023,16.7537835,33.507567,1.6801238399999994
fc_prior_RX99DP.pt,4162,4030,16.774875,33.54975,1.6603266800000005
fc_prior_DUROFZ.pt,4155,4039,16.7840645,33.568129,1.8171056400000003
fc_prior_62T9LK.pt,4099,4095,16.7874525,33.574905,1.6062716599999995
fc_prior_BL7T4C.pt,4155,4040,16.78822,33.57644,1.90338626
fc_prior_2V8NYV.pt,4126,4070,16.794855,33.58971,1.8082277600000003
fc_prior_ZGUBE6.pt,4177,4024,16.81026,33.62052,1.62966022
fc_prior_GLZUOO.pt,4171,4033,16.8236595,33.647319,1.7435872600000009
fc_prior_V56P1R.pt,4139,4071,16.8519045,33.703809,1.6359898999999996
fc_prior_W9EKJ7.pt,4196,4054,17.012611,34.025222,1.7933758
fc_prior_64XLW0.pt,4171,4082,17.028063,34.056126,1.7788516999999993
fc_prior_8OZ43M.pt,4175,4079,17.0318645,34.063729,1.7675241200000005
fc_prior_0YV44O.pt,4188,4072,17.055572,34.111144,1.7164432799999998
fc_prior_S5U4T4.pt,24530,1004,24.628622,49.257244,3.09102398
fc_prior_WSHEM6.pt,24542,1004,24.64067,49.28134,2.7694527200000003
fc_prior_WA1JVG.pt,24518,1005,24.6410925,49.282185,2.4070314799999997
fc_prior_6P6DFQ.pt,24741,1002,24.790983,49.581966,2.767229080000001
fc_prior_I93D50.pt,24507,1012,24.80159,49.60318,2.6513630200000007
fc_prior_60WI3N.pt,24814,1000,24.8145,49.629,2.8663979
fc_prior_GCWJWL.pt,24531,1015,24.8994725,49.798945,2.5072132
fc_prior_7QJJL9.pt,24882,1002,24.932265,49.86453,2.6343427800000008
fc_prior_O8ATL7.pt,24810,1006,24.959363,49.918726,2.6810885999999994
fc_prior_E1CYZK.pt,24786,1009,25.0095785,50.019157,2.642242939999999
fc_prior_JZW542.pt,24990,1002,25.040481,50.080962,2.6964866600000006
fc_prior_X04QTG.pt,24769,1011,25.0419645,50.083929,2.7534614600000005
fc_prior_FYXVR5.pt,24785,1012,25.082926,50.165852,2.9193883799999996
fc_prior_WH5OJY.pt,24973,1006,25.123341,50.246682,2.772061699999999
fc_prior_IL5BW8.pt,24836,1012,25.134538,50.269076,2.7567183400000004
fc_prior_IN3C7S.pt,24605,1023,25.1714265,50.342853,2.838988700000001
fc_prior_GWEA4X.pt,24763,1017,25.1844795,50.368959,2.5013315000000005
fc_prior_Y5YI3Y.pt,24524,1028,25.211186,50.422372,3.0254995200000003
fc_prior_8SPMJG.pt,24777,1018,25.223495,50.44699,2.54279134
fc_prior_BT5DQO.pt,25052,1007,25.2278675,50.455735,2.55348222
fc_prior_87PIKV.pt,24716,1023,25.2849795,50.569959,2.7550608199999997
fc_prior_4G1MK3.pt,24696,1026,25.338609,50.677218,2.5033001599999993
fc_prior_4CKYR0.pt,24622,1030,25.361175,50.72235,2.5194153000000004
fc_prior_IYOA4F.pt,24770,1024,25.364992,50.729984,2.8589365200000003
fc_prior_644OCB.pt,24495,1036,25.377338,50.754676,2.97303782
fc_prior_RMYQ9M.pt,24857,1021,25.3795075,50.759015,2.60537378
fc_prior_UK0RPR.pt,24566,1034,25.401761,50.803522,2.82034008
fc_prior_DH1JO8.pt,24485,1038,25.415949,50.831898,2.69891464
fc_prior_S8NUIG.pt,24995,1018,25.445419,50.890838,2.9826544999999993
fc_prior_EW1FSZ.pt,24545,1037,25.4536835,50.907367,2.8170861799999996
fc_prior_9UZGQN.pt,24627,1034,25.464835,50.92967,2.8829847199999996
fc_prior_BP2Y28.pt,24957,1022,25.506565,51.01313,2.8342468399999996
fc_prior_IZILKK.pt,25021,1020,25.52193,51.04386,2.6957001599999995
fc_prior_6WYC61.pt,24526,1042,25.556613,51.113226,2.896160140000001
fc_prior_OUIKT8.pt,24718,1035,25.5836475,51.167295,2.7260746399999998
fc_prior_OLKX8J.pt,25063,1021,25.5898335,51.179667,2.6666251
fc_prior_FUBKE7.pt,24789,1033,25.6075535,51.215107,2.7471579600000013
fc_prior_Z6S0XE.pt,24591,1043,25.6489345,51.297869,2.8684166399999986
fc_prior_37K901.pt,24699,1039,25.6627805,51.325561,2.65328486
fc_prior_HHJPJC.pt,24723,1038,25.662993,51.325986,3.0574964
fc_prior_3O30A9.pt,24546,1046,25.675639,51.351278,2.9410600600000003
fc_prior_SRW28H.pt,24582,1045,25.6887125,51.377425,2.5398222400000003
fc_prior_A777SH.pt,24750,1040,25.74052,51.48104,2.6335886600000005
fc_prior_0EYIOG.pt,24745,1045,25.8590475,51.718095,2.51184362
fc_prior_BWSI5K.pt,24736,1049,25.9485885,51.897177,2.73369452
fc_prior_WK0EK7.pt,24843,1046,25.986301,51.972602,2.6863513
fc_prior_0V6CN1.pt,24720,1052,26.005966,52.011932,2.9177745999999996
fc_prior_G665PP.pt,24704,1053,26.0138385,52.027677,2.76902938
fc_prior_NI7Z84.pt,24516,1063,26.0610395,52.122079,2.934466499999999
fc_prior_N7BVH3.pt,24661,1057,26.0672055,52.134411,2.75041962
fc_prior_3EV2Q1.pt,24512,1064,26.0813,52.1626,2.907849980000001
fc_prior_NG1N7T.pt,24698,1056,26.081616,52.163232,2.9598205200000005
fc_prior_OYSWKA.pt,24484,1067,26.1249615,52.249923,2.7604421
fc_prior_AOEZI6.pt,24683,1059,26.1398265,52.279653,2.9059207000000002
fc_prior_26XFYB.pt,24547,1069,26.2412775,52.482555,2.93457358
fc_prior_MHV34K.pt,25042,1048,26.24454,52.48908,2.7263823599999997
fc_prior_M7FV28.pt,24981,1052,26.280538,52.561076,2.964581159999999
fc_prior_Q4E35R.pt,24703,1065,26.3092275,52.618455,2.7438525800000004
fc_prior_9EN4KD.pt,24945,1055,26.3175025,52.635005,2.7249396999999997
fc_prior_UTX1RO.pt,24884,1058,26.327801,52.655602,3.01442134
fc_prior_XTLJBJ.pt,24894,1059,26.3632755,52.726551,2.6818984000000006
fc_prior_6R8WFD.pt,25038,1055,26.4156175,52.831235,3.0806031999999988
fc_prior_GJW0RY.pt,24738,1068,26.420718,52.841436,2.7444359999999994
fc_prior_T5IP2U.pt,24738,1069,26.4454565,52.890913,2.7021594999999996
fc_prior_PAOYBP.pt,24990,1060,26.48993,52.97986,2.6150409000000003
fc_prior_2XGXCE.pt,24884,1065,26.5019925,53.003985,2.8092097599999994
fc_prior_JMKO0G.pt,24701,1073,26.5047095,53.009419,2.63199572
fc_prior_ZKBLNP.pt,24898,1065,26.5169025,53.033805,2.7041807600000003
fc_prior_8T86SG.pt,24917,1066,26.562055,53.12411,2.7604241400000005
fc_prior_XWNHWN.pt,24730,1077,26.6347485,53.269497,2.9394032600000006
fc_prior_89AET6.pt,24974,1069,26.6977405,53.395481,2.9275737200000003
fc_prior_Z8OWSM.pt,24963,1074,26.810799,53.621598,2.8904278199999993
fc_prior_VAOBCS.pt,24964,1076,26.861802,53.723604,3.04995502
fc_prior_XPZ7RB.pt,25054,1077,26.9836965,53.967393,2.7599145199999993
fc_prior_YCAZ4I.pt,9262,4041,37.4297625,74.859525,3.99295504
fc_prior_YAMSWH.pt,9389,4024,37.783348,75.566696,3.9009515199999987
fc_prior_3VDF16.pt,9442,4093,38.6481525,77.296305,3.99016802
fc_prior_KZREEF.pt,9567,4051,38.7579425,77.515885,3.9091159599999994
fc_prior_HBD6LW.pt,9724,4049,39.3745005,78.749001,4.0578897000000005
fc_prior_JV2UHB.pt,24535,4030,98.878065,197.75613,10.005866619999999
fc_prior_LSTJR0.pt,24575,4026,98.940963,197.881926,10.075804660000001
fc_prior_BWZN2K.pt,24494,4043,99.0312635,198.062527,9.80549474
fc_prior_CB22VC.pt,24746,4024,99.579916,199.159832,9.792297699999997
fc_prior_CD6YLV.pt,24590,4051,99.6161155,199.232231,10.0857741
fc_prior_JL34RV.pt,24725,4030,99.643765,199.28753,10.00022168
fc_prior_H1U96O.pt,24632,4048,99.71236,199.42472,10.08967132
fc_prior_VW1I2A.pt,24686,4042,99.782833,199.565666,10.050111820000001
fc_prior_ZEIN16.pt,24636,4053,99.8517345,199.703469,9.90905098
fc_prior_WY5WOH.pt,24532,4072,99.89634,199.79268,9.97284418
fc_prior_1LTIEI.pt,24479,4082,99.925319,199.850638,9.86363252
fc_prior_VP5NRR.pt,24482,4083,99.9620475,199.924095,10.040603360000002
fc_prior_AMUEVZ.pt,24664,4056,100.039212,200.078424,9.96288974
fc_prior_XF1XHT.pt,24763,4040,100.04454,200.08908,9.870818620000001
fc_prior_KM9614.pt,24681,4054,100.058801,200.117602,9.899120619999996
fc_prior_VRF5U8.pt,24698,4055,100.1524175,200.304835,9.900930879999997
fc_prior_THOFY7.pt,24836,4035,100.2152775,200.430555,9.886870239999997
fc_prior_3R1N46.pt,24779,4047,100.2826365,200.565273,9.944640320000001
fc_prior_BUQU3C.pt,24751,4054,100.342581,200.685162,9.922798979999996
fc_prior_ZJAAAZ.pt,24717,4062,100.402485,200.80497,10.10881752
fc_prior_QVD5EH.pt,24778,4055,100.4768175,200.953635,10.033452599999999
fc_prior_MLV1A1.pt,24595,4088,100.546404,201.092808,10.04562718
fc_prior_JS6IQE.pt,24813,4059,100.7179965,201.435993,10.084443020000002
fc_prior_D755HP.pt,24768,4069,100.7830265,201.566053,9.939933680000003
fc_prior_3S93EA.pt,24694,4084,100.852338,201.704676,9.96245458
fc_prior_9I0GU2.pt,24757,4075,100.8868125,201.773625,9.968765440000002
fc_prior_X35AKL.pt,24903,4052,100.908982,201.817964,9.954537160000003
fc_prior_PPDRYQ.pt,24806,4068,100.912842,201.825684,9.94369984
fc_prior_1IBNL7.pt,24722,4084,100.96669,201.93338,9.93670798
fc_prior_2FLF0R.pt,24686,4092,101.017158,202.034316,9.95973332
fc_prior_U9LMVF.pt,24927,4058,101.155795,202.31159,10.003051399999997
fc_prior_Q3AZOX.pt,24761,4091,101.2992965,202.598593,9.98494454
fc_prior_MOJVWW.pt,24847,4080,101.3778,202.7556,9.998438340000002
fc_prior_DPGLY7.pt,24921,4068,101.380662,202.761324,10.00195404
fc_prior_3QTRRJ.pt,24961,4066,101.493459,202.986918,10.01527848
fc_prior_XIW010.pt,24915,4075,101.5306625,203.061325,10.0203216
fc_prior_9BNTGE.pt,24871,4089,101.6995635,203.399127,10.03393826
fc_prior_FDF3ZC.pt,25040,4079,102.1401995,204.280399,10.087689300000001
fc_prior_BSUFNE.pt,24986,4091,102.2197715,204.439543,10.092576380000002
fc_prior_Y6GS2I.pt,25076,4083,102.3873495,204.774699,10.09972282
