model_path,HW,CIN,CIN,latency
add_prior_OD72V7.pt,14,68,68,0.0046580799999999985
add_prior_OUQXQ4.pt,14,232,232,0.0147354
add_prior_TACHVX.pt,14,224,224,0.0045927599999999996
add_prior_6D82X1.pt,14,138,138,0.0068255600000000005
add_prior_446F6B.pt,3,473,473,0.011123419999999997
add_prior_GP6UTM.pt,28,133,133,0.0044645200000000005
add_prior_IDGLNG.pt,28,25,25,0.010641060000000004
add_prior_EXBHEA.pt,28,944,944,0.0045051399999999995
add_prior_4EP8JF.pt,28,208,208,0.00446168
add_prior_3ER4X1.pt,14,220,220,0.01249191999999999
add_prior_6E69X9.pt,28,239,239,0.004557539999999998
add_prior_C2RZBX.pt,28,346,346,0.004517039999999999
add_prior_3S38SC.pt,14,57,57,0.017267399999999995
add_prior_QTY2PQ.pt,14,255,255,0.0044387
add_prior_3A1NS1.pt,28,229,229,0.004585260000000001
add_prior_4DXOUV.pt,7,211,211,0.01624652
add_prior_GSUALZ.pt,112,1647,1647,0.00447674
add_prior_ARD4NQ.pt,56,574,574,0.0043936999999999995
add_prior_N4WEIX.pt,7,190,190,0.01575264
add_prior_C8N51H.pt,56,774,774,0.004506880000000002
add_prior_V8RJ1C.pt,14,511,511,0.004501099999999999
add_prior_SSJJDX.pt,14,199,199,0.005915179999999997
add_prior_KPE5Q4.pt,56,714,714,0.0044446799999999995
add_prior_P9JG3S.pt,56,172,172,0.0045635799999999985
add_prior_5SN8X6.pt,112,70,70,0.004474379999999999
add_prior_G17FYD.pt,14,225,225,0.011506380000000005
add_prior_A9QSEU.pt,56,188,188,0.00445744
add_prior_65BS0A.pt,14,545,545,0.00451716
add_prior_L4BJR3.pt,28,490,490,0.004412460000000001
add_prior_IO8NH2.pt,7,519,519,0.010233520000000001
add_prior_X05VF4.pt,28,12,12,0.008159159999999997
add_prior_DDLAB8.pt,14,65,65,0.014852880000000002
add_prior_ISEILE.pt,14,271,271,0.011868919999999991
add_prior_5FKI2W.pt,7,114,114,0.014191080000000002
add_prior_NJHTMX.pt,28,259,259,0.004580640000000001
add_prior_Q5P93Y.pt,56,788,788,0.004485759999999999
add_prior_5Y9F63.pt,112,206,206,0.004362700000000001
add_prior_3M6CVS.pt,1,993,993,0.024898860000000002
add_prior_DY9PZC.pt,14,101,101,0.013559159999999997
add_prior_N7NYE5.pt,28,1140,1140,0.0044569399999999995
add_prior_68ZFNM.pt,56,494,494,0.00442872
add_prior_6SM3CQ.pt,14,219,219,0.004454719999999999
add_prior_EDYGQ3.pt,56,109,109,0.004448539999999999
add_prior_KEL201.pt,56,8,8,0.006621260000000001
add_prior_0HU6GZ.pt,28,156,156,0.0045030999999999995
add_prior_HG7OFG.pt,14,531,531,0.0044774199999999984
add_prior_8HXOQ3.pt,14,71,71,0.016509939999999994
add_prior_ESN904.pt,56,261,261,0.004530320000000001
add_prior_NJX0QO.pt,28,1108,1108,0.00447926
add_prior_ZG06OZ.pt,56,11,11,0.012756460000000004
add_prior_524Y16.pt,14,85,85,0.004468239999999999
add_prior_081VY9.pt,14,203,203,0.014124519999999996
add_prior_OQ9GHK.pt,7,469,469,0.017839219999999996
add_prior_D9D9DB.pt,14,23,23,0.026832339999999993
add_prior_QAAGUG.pt,56,74,74,0.004564939999999999
add_prior_39IV8K.pt,56,176,176,0.00449708
add_prior_U8UI2G.pt,56,198,198,0.0045858
add_prior_7E7IF3.pt,56,19,19,0.004467639999999999
add_prior_1P074S.pt,14,126,126,0.014125420000000001
add_prior_O6WQBB.pt,112,182,182,0.004453
add_prior_5DOZPY.pt,56,194,194,0.004532539999999999
add_prior_E2NZD5.pt,56,92,92,0.00445762
add_prior_6SQMQE.pt,14,512,512,0.004467659999999999
add_prior_TPQ2VA.pt,7,135,135,0.018947240000000004
add_prior_SSEYEZ.pt,7,148,148,0.018814960000000002
add_prior_I9Y2LB.pt,14,57,57,0.020458220000000006
add_prior_9Z72IZ.pt,7,108,108,0.024896539999999995
add_prior_8OO323.pt,28,69,69,0.004666820000000001
add_prior_ZXTVSR.pt,7,259,259,0.00720668
add_prior_CUTQ2X.pt,28,519,519,0.004450720000000001
add_prior_I21VBX.pt,7,160,160,0.021277739999999996
add_prior_B8FBED.pt,1,791,791,0.015001000000000004
add_prior_L3RUJN.pt,28,518,518,0.0044284400000000005
add_prior_B0UCFU.pt,7,217,217,0.010257699999999998
add_prior_5DBUFW.pt,14,504,504,0.00449984
add_prior_NRLUER.pt,112,90,90,0.00445924
add_prior_RM74WH.pt,112,147,147,0.00466048
add_prior_06NDBV.pt,14,319,319,0.028341180000000007
add_prior_XJ9XU8.pt,28,169,169,0.004497180000000001
add_prior_H4WSC5.pt,28,9,9,0.01888746
add_prior_JONN9B.pt,7,154,154,0.012749740000000002
add_prior_FAK1RM.pt,14,109,109,0.011028259999999998
add_prior_GFTPIM.pt,7,534,534,0.017484639999999992
add_prior_QVKXTE.pt,56,249,249,0.004500060000000001
add_prior_938S4P.pt,28,182,182,0.004592159999999999
add_prior_TK6UG4.pt,14,169,169,0.016898800000000005
add_prior_PLF70E.pt,56,249,249,0.00454754
add_prior_MOVAAH.pt,56,438,438,0.004453940000000001
add_prior_TNUFVD.pt,7,424,424,0.0183755
add_prior_TX3HQH.pt,56,502,502,0.004462580000000001
add_prior_SPFNLL.pt,28,114,114,0.0044431
add_prior_0G15RR.pt,7,210,210,0.011246320000000002
add_prior_TOHS9V.pt,14,504,504,0.004462020000000001
add_prior_2OLLJR.pt,7,1982,1982,0.004523
add_prior_CG9PNH.pt,28,105,105,0.004455620000000001
add_prior_VI2XCY.pt,7,484,484,0.009515359999999999
add_prior_VGFTE3.pt,28,146,146,0.0044494
add_prior_OG9QNO.pt,7,560,560,0.02193934
add_prior_JVQVXL.pt,28,43,43,0.004495140000000001
add_prior_1MU4AI.pt,56,1051,1051,0.004587320000000001
add_prior_ELVSHR.pt,224,1822,1822,0.004598739999999998
add_prior_R56U5W.pt,28,511,511,0.004399319999999999
add_prior_MYKUNI.pt,28,512,512,0.0044282
add_prior_KN4MGJ.pt,7,78,78,0.014969080000000001
add_prior_4IQV1O.pt,14,102,102,0.01908839999999999
add_prior_BWO9XJ.pt,14,320,320,0.004489759999999999
add_prior_VQIV8E.pt,28,1904,1904,0.004497400000000002
add_prior_H8AEI7.pt,112,207,207,0.0044176400000000005
add_prior_KFB3W0.pt,56,530,530,0.004486379999999999
add_prior_IIC37H.pt,14,532,532,0.00446558
add_prior_LCIZV3.pt,28,269,269,0.0045629
add_prior_3RHX26.pt,14,502,502,0.004428379999999999
add_prior_BYVYKC.pt,28,116,116,0.0045474800000000004
add_prior_1FFJKM.pt,14,72,72,0.012724820000000001
add_prior_NO3PA3.pt,56,269,269,0.0045100800000000005
add_prior_5X6V6E.pt,14,162,162,0.01782438
add_prior_8OCPFU.pt,28,685,685,0.0045474400000000016
add_prior_SI98EY.pt,14,185,185,0.015473219999999996
add_prior_HFO8TP.pt,1,171,171,0.019069079999999995
add_prior_UNKMM2.pt,112,17,17,0.00471656
add_prior_8IYQC3.pt,112,185,185,0.004474359999999999
add_prior_WD4TNA.pt,14,122,122,0.02205942
add_prior_W561VP.pt,14,1010,1010,0.004545439999999999
add_prior_LE5QGT.pt,14,190,190,0.0044689
add_prior_TGESRR.pt,14,63,63,0.007744959999999999
add_prior_ZXV8RO.pt,7,2008,2008,0.004470759999999999
add_prior_2KAXXN.pt,28,975,975,0.004519659999999998
add_prior_Z78VBW.pt,7,245,245,0.012939560000000001
add_prior_IX5LUZ.pt,28,205,205,0.004573839999999999
add_prior_C6HNQO.pt,56,51,51,0.004536139999999999
add_prior_CRQ9TK.pt,1,926,926,0.011580339999999996
add_prior_471WJG.pt,56,499,499,0.004425359999999999
add_prior_943MJM.pt,14,471,471,0.004478899999999999
add_prior_0JLY0E.pt,112,499,499,0.004482600000000001
add_prior_56LMBH.pt,56,224,224,0.00448842
add_prior_TQ6L2W.pt,28,68,68,0.00447324
add_prior_7MQOUR.pt,28,29,29,0.009977480000000004
add_prior_3TJYN3.pt,7,1834,1834,0.004499720000000001
add_prior_OPR26Y.pt,56,512,512,0.0044117800000000006
add_prior_7EC1S0.pt,7,1838,1838,0.00456546
add_prior_QLJIW2.pt,14,261,261,0.013020419999999998
add_prior_6K6I9E.pt,56,341,341,0.00445468
add_prior_KOWRMD.pt,56,16,16,0.007550679999999999
add_prior_0QJXTJ.pt,28,120,120,0.004461360000000001
add_prior_5127AC.pt,14,111,111,0.010032600000000001
add_prior_AW7RCM.pt,14,504,504,0.0045674800000000005
add_prior_3L3B1E.pt,112,123,123,0.0045555000000000005
add_prior_NZDGMY.pt,7,57,57,0.019956259999999997
add_prior_ETLU9P.pt,14,246,246,0.00663736
add_prior_AUTXPX.pt,14,104,104,0.009620340000000003
add_prior_BU81WA.pt,3,122,122,0.00444154
add_prior_4GMFE6.pt,56,90,90,0.00442356
add_prior_CFGR3A.pt,14,49,49,0.014702640000000005
add_prior_1I7KGZ.pt,14,122,122,0.01262798
add_prior_KEOMQW.pt,14,138,138,0.018510880000000004
add_prior_GAEXRB.pt,7,498,498,0.010022459999999997
add_prior_57M5TN.pt,56,90,90,0.0043846599999999986
add_prior_HKBTWR.pt,28,538,538,0.00438032
add_prior_5L6R4X.pt,14,81,81,0.01490098
add_prior_SDMDJ3.pt,1,186,186,0.01680764
add_prior_9M5UV2.pt,28,131,131,0.00446086
add_prior_BZ5JW3.pt,56,140,140,0.0044391199999999995
add_prior_SUE9FZ.pt,14,230,230,0.00464124
add_prior_0Z8ZN7.pt,28,510,510,0.004376659999999999
add_prior_4XUNL9.pt,56,134,134,0.0044239
add_prior_AWOXUZ.pt,56,494,494,0.004522860000000001
add_prior_QTOO03.pt,112,174,174,0.004542019999999999
add_prior_CLP4MR.pt,56,170,170,0.004496520000000001
add_prior_78TQPN.pt,14,885,885,0.00447234
add_prior_NOJ2T9.pt,28,251,251,0.00440948
add_prior_5BT1YC.pt,1,492,492,0.01150238
add_prior_MQGACS.pt,14,512,512,0.00448934
add_prior_6JED0Y.pt,28,223,223,0.0046252
add_prior_NV4SGC.pt,28,262,262,0.004439019999999998
add_prior_5WK113.pt,112,1002,1002,0.00451964
add_prior_88RLHW.pt,56,8,8,0.01945767999999999
add_prior_IGW0L4.pt,7,1022,1022,0.00454698
add_prior_QOJ589.pt,56,44,44,0.004495280000000001
add_prior_RJRFFR.pt,7,127,127,0.007538160000000003
add_prior_USIN82.pt,112,800,800,0.004457859999999999
add_prior_T2SVOD.pt,3,181,181,0.019639199999999992
add_prior_A3PEFX.pt,14,625,625,0.00446158
add_prior_D0JMYP.pt,14,88,88,0.011258219999999996
add_prior_LE5F1P.pt,28,512,512,0.0044204000000000005
add_prior_T53QHA.pt,14,497,497,0.004490060000000001
add_prior_KDME0G.pt,28,136,136,0.0044300799999999994
add_prior_TSJEEH.pt,28,223,223,0.0045252999999999995
add_prior_2JR9FD.pt,56,57,57,0.0045923199999999996
add_prior_NLR0B5.pt,56,272,272,0.0044501
add_prior_FSEQG6.pt,56,1156,1156,0.0044108
add_prior_Q3BOLZ.pt,14,160,160,0.005807979999999999
add_prior_OOB6TO.pt,7,261,261,0.0111224
add_prior_R46NNE.pt,56,157,157,0.004454640000000001
add_prior_XRNJGV.pt,14,27,27,0.025417880000000004
add_prior_S3APGP.pt,56,132,132,0.00437794
add_prior_A3LUDG.pt,14,298,298,0.0044675
add_prior_KN89SM.pt,28,264,264,0.004702080000000001
add_prior_E2K7OO.pt,28,55,55,0.010761779999999999
add_prior_11Q1DW.pt,14,223,223,0.009189959999999999
add_prior_XR1TKO.pt,3,38,38,0.028630700000000005
add_prior_JKA00P.pt,14,98,98,0.004465279999999999
add_prior_V2S3SR.pt,56,150,150,0.004454699999999999
add_prior_XQXYVL.pt,28,205,205,0.004545359999999999
add_prior_X7HMC0.pt,56,142,142,0.004399399999999999
add_prior_NVCXKH.pt,7,162,162,0.012262039999999998
add_prior_HI97J7.pt,7,1086,1086,0.005289360000000001
add_prior_FCVTTZ.pt,14,162,162,0.01049074
add_prior_SF1ZD3.pt,56,224,224,0.004529420000000001
add_prior_MZI62N.pt,28,180,180,0.004568180000000001
add_prior_T7H7TF.pt,7,17,17,0.02810787999999999
add_prior_M1M3Q5.pt,56,167,167,0.0045707
add_prior_QDMP78.pt,56,11,11,0.01604606
add_prior_WYZH90.pt,7,534,534,0.00990892
add_prior_N4E6X2.pt,14,525,525,0.004484520000000001
add_prior_MYA06G.pt,56,51,51,0.00458088
add_prior_9WL0F4.pt,14,113,113,0.004541140000000002
add_prior_L6JC4Y.pt,28,206,206,0.004520599999999999
add_prior_KYLA8J.pt,28,580,580,0.00448442
add_prior_KAHATR.pt,14,14,14,0.016618639999999997
add_prior_12LENP.pt,28,62,62,0.00820396
add_prior_XOI8XH.pt,3,96,96,0.018360720000000004
add_prior_1Y9IOQ.pt,56,29,29,0.004491640000000001
add_prior_NXENPD.pt,28,148,148,0.0044592799999999995
add_prior_XQB7V1.pt,28,60,60,0.0059495400000000006
add_prior_M350TG.pt,7,29,29,0.018612519999999997
add_prior_J9R6LK.pt,14,50,50,0.01248982
add_prior_W8HQHC.pt,14,211,211,0.00445068
add_prior_7TBBF8.pt,56,85,85,0.004454980000000001
add_prior_HSOTFE.pt,14,89,89,0.016694460000000008
add_prior_DXCSMD.pt,112,251,251,0.004479900000000002
add_prior_PNSH7F.pt,14,502,502,0.004541039999999999
add_prior_U7HPA7.pt,28,495,495,0.00439134
add_prior_9AABHO.pt,28,250,250,0.004506240000000001
add_prior_VXP4UC.pt,1,365,365,0.008015059999999997
add_prior_AXTGJ9.pt,28,237,237,0.0050059399999999995
add_prior_K6LUYM.pt,7,167,167,0.01648162
add_prior_O9D2HQ.pt,112,250,250,0.004433080000000001
add_prior_47AH5Y.pt,56,7,7,0.021369379999999993
add_prior_5EWTLY.pt,112,189,189,0.00452986
add_prior_SDJ0B2.pt,14,178,178,0.010921620000000005
add_prior_65CB8Y.pt,56,146,146,0.004406739999999999
add_prior_3EPJ0B.pt,56,111,111,0.0044357599999999995
add_prior_7EE6ZQ.pt,14,11,11,0.02271319999999999
add_prior_3FMNT0.pt,112,192,192,0.004482779999999999
add_prior_EA8IBE.pt,112,90,90,0.00447388
add_prior_HEL5Z2.pt,14,181,181,0.00451148
add_prior_D7XPBP.pt,14,794,794,0.004512479999999999
add_prior_X2HTZY.pt,224,11,11,0.0045597599999999995
add_prior_YXWA14.pt,14,465,465,0.00449652
add_prior_WD16UB.pt,56,21,21,0.00449186
add_prior_MC9Y0F.pt,112,272,272,0.004578360000000001
add_prior_YPQCP2.pt,14,842,842,0.004475379999999998
add_prior_N7C2H3.pt,14,492,492,0.004448079999999999
add_prior_V2LUQU.pt,56,494,494,0.004493559999999998
add_prior_JMYKLZ.pt,7,47,47,0.018301240000000003
add_prior_7GDAX3.pt,7,996,996,0.016487940000000006
add_prior_E6UPWX.pt,14,124,124,0.013089219999999997
add_prior_JS2SUE.pt,14,82,82,0.019779919999999996
add_prior_0B3G0Q.pt,112,818,818,0.004324820000000001
add_prior_I81D2X.pt,112,59,59,0.004485179999999999
add_prior_8MXXPA.pt,56,1007,1007,0.004519539999999999
add_prior_0GX24I.pt,7,505,505,0.01953858
add_prior_ZCFTEE.pt,28,216,216,0.00456492
add_prior_Y07WCB.pt,28,151,151,0.00445804
add_prior_FC95QU.pt,14,174,174,0.004509280000000001
add_prior_OW9EM6.pt,14,1323,1323,0.00448648
add_prior_4M56K9.pt,14,134,134,0.016256939999999998
add_prior_MS4PK6.pt,7,512,512,0.015294160000000001
add_prior_HKY6FR.pt,14,189,189,0.007608379999999999
add_prior_LFUVW1.pt,3,213,213,0.015171819999999994
add_prior_9T0J7Z.pt,112,529,529,0.00444506
add_prior_4M2ZIC.pt,14,77,77,0.010853300000000003
add_prior_0VH3KH.pt,28,854,854,0.00447662
add_prior_K3PZ1W.pt,56,25,25,0.004542699999999999
add_prior_KUS4LA.pt,28,430,430,0.004522100000000002
add_prior_HCPTY6.pt,14,150,150,0.012272880000000002
add_prior_MXEDXS.pt,112,211,211,0.004500459999999999
add_prior_JW0Z2W.pt,14,34,34,0.010864299999999995
add_prior_5DTV6Y.pt,56,497,497,0.004459379999999999
add_prior_1AX1SR.pt,14,596,596,0.00448354
add_prior_1E34KT.pt,56,109,109,0.0045956799999999996
add_prior_F7C6WX.pt,56,94,94,0.00442904
add_prior_BF2HDV.pt,56,760,760,0.004456740000000001
add_prior_XJ1VWF.pt,1,119,119,0.014398579999999994
add_prior_TU04RA.pt,28,150,150,0.00445692
add_prior_AT8246.pt,112,158,158,0.004399919999999998
add_prior_2G7GHP.pt,56,215,215,0.00459348
add_prior_OM1ES4.pt,14,175,175,0.017320699999999998
add_prior_8IJKXB.pt,28,501,501,0.004450180000000001
add_prior_TTANOU.pt,14,920,920,0.0045663599999999985
add_prior_ZOFGR2.pt,7,77,77,0.010905819999999997
add_prior_5MLYJZ.pt,14,809,809,0.0044937200000000005
add_prior_B51XFA.pt,28,473,473,0.00447136
add_prior_0AI62P.pt,14,221,221,0.0062585600000000016
add_prior_2V4UWT.pt,14,520,520,0.00447612
add_prior_M3MSIT.pt,14,52,52,0.004658819999999999
add_prior_3V3NGM.pt,14,27,27,0.015806640000000004
add_prior_8LUHCS.pt,14,219,219,0.007161639999999997
add_prior_72R70R.pt,7,167,167,0.010251399999999999
add_prior_4DBT4U.pt,7,858,858,0.012916819999999996
add_prior_LAO9Z0.pt,56,23,23,0.004716680000000001
add_prior_YWA70T.pt,56,95,95,0.0045725
add_prior_4EXRBS.pt,14,455,455,0.004584100000000001
add_prior_OLJD8X.pt,14,135,135,0.016374439999999994
add_prior_CY4TTE.pt,14,93,93,0.023665979999999996
add_prior_OFF2C7.pt,56,247,247,0.004565540000000001
add_prior_5L9UHW.pt,14,28,28,0.01383466
add_prior_G12Z65.pt,7,85,85,0.01736391999999999
add_prior_C8IVPY.pt,112,213,213,0.0044564400000000025
add_prior_N9GI2O.pt,3,169,169,0.025672740000000003
add_prior_JJCLZO.pt,7,82,82,0.012066779999999997
add_prior_REBBKP.pt,28,15,15,0.011702780000000006
add_prior_I8R2HX.pt,28,59,59,0.0043952999999999996
add_prior_7DNSFV.pt,14,117,117,0.0106314
add_prior_3QWSBP.pt,112,214,214,0.004481100000000001
add_prior_NZZC8E.pt,3,941,941,0.02378146000000001
add_prior_BX5Y54.pt,7,124,124,0.021755780000000002
add_prior_ALGN61.pt,56,862,862,0.004449679999999998
add_prior_DTI6XS.pt,7,203,203,0.02423298
add_prior_L1N31V.pt,14,105,105,0.020396379999999995
add_prior_5UI3GP.pt,14,51,51,0.01847608
add_prior_R3XJGR.pt,1,507,507,0.019719639999999997
add_prior_TJVC1O.pt,112,213,213,0.00449526
add_prior_TIVARK.pt,14,206,206,0.015048700000000002
add_prior_1889ZJ.pt,224,8,8,0.004418599999999999
add_prior_3X772I.pt,28,49,49,0.006413260000000001
add_prior_7T7DLN.pt,7,948,948,0.00552374
add_prior_80LF5L.pt,112,205,205,0.004357979999999999
add_prior_1R2DL7.pt,7,225,225,0.010999680000000003
add_prior_WF6CGY.pt,14,24,24,0.016709259999999993
add_prior_LZOGJJ.pt,28,35,35,0.010393700000000004
add_prior_55S3A0.pt,14,239,239,0.0058384599999999984
add_prior_9OI9ZJ.pt,7,753,753,0.01038152
add_prior_IRRNKR.pt,56,19,19,0.014098400000000002
add_prior_3W756E.pt,3,728,728,0.021495620000000007
add_prior_J5YW24.pt,28,47,47,0.008821640000000002
add_prior_V31B7H.pt,14,624,624,0.0044682800000000016
add_prior_4OSRM4.pt,3,287,287,0.017102340000000004
add_prior_LWOLNT.pt,28,76,76,0.0056258600000000025
add_prior_AQMK44.pt,14,1122,1122,0.0044396999999999995
add_prior_AQ6S1Z.pt,56,27,27,0.0044299199999999995
add_prior_YE443W.pt,14,195,195,0.006767019999999998
add_prior_8UMEHB.pt,7,54,54,0.020327780000000004
add_prior_OP2WX8.pt,56,112,112,0.00447762
add_prior_89EZ3Y.pt,28,137,137,0.004503320000000002
add_prior_PP5NB0.pt,14,236,236,0.007910099999999998
add_prior_DFJOC4.pt,7,528,528,0.004530459999999999
add_prior_5PAOGL.pt,28,62,62,0.01330788000000001
add_prior_7WFRGW.pt,28,122,122,0.0044550200000000005
add_prior_ZE2MHX.pt,28,114,114,0.00451146
add_prior_6JTJKZ.pt,112,519,519,0.0044513600000000006
add_prior_0JT1WP.pt,112,1942,1942,0.004417539999999999
add_prior_SA3JAF.pt,14,42,42,0.025043999999999997
add_prior_S65HR4.pt,28,169,169,0.00449932
add_prior_CDC3VZ.pt,28,857,857,0.0044261
add_prior_TM117G.pt,56,486,486,0.004474
add_prior_KGBOZ5.pt,56,766,766,0.00444928
add_prior_24QIW9.pt,14,6,6,0.019700440000000003
add_prior_B208HB.pt,14,498,498,0.00452592
add_prior_P2NI9C.pt,7,990,990,0.005126339999999999
add_prior_UI7VSG.pt,14,144,144,0.006905159999999999
add_prior_BOKMYW.pt,28,188,188,0.00451418
add_prior_IIGSRP.pt,14,6,6,0.019902039999999996
add_prior_J00KQJ.pt,28,1015,1015,0.004435560000000001
add_prior_42QKN1.pt,112,110,110,0.004442699999999999
add_prior_82A86B.pt,56,491,491,0.004442700000000001
add_prior_NH23GH.pt,14,176,176,0.014398839999999994
add_prior_6G7R2V.pt,56,160,160,0.00447658
add_prior_O4YN7E.pt,28,1396,1396,0.00446598
add_prior_BKDBUA.pt,28,42,42,0.019739459999999997
add_prior_AQWOCR.pt,7,144,144,0.019577419999999998
add_prior_EC00Z9.pt,56,105,105,0.0043805
add_prior_VFOFAI.pt,14,78,78,0.018371500000000002
add_prior_5A0W6M.pt,14,113,113,0.015143960000000005
add_prior_UROI3Z.pt,56,143,143,0.004428360000000001
add_prior_Z07J2S.pt,14,45,45,0.022749799999999997
add_prior_A4YOB7.pt,14,395,395,0.004509039999999999
add_prior_KKZ5DV.pt,28,160,160,0.028353839999999998
add_prior_QMR715.pt,112,222,222,0.004441740000000002
add_prior_5UVY30.pt,7,548,548,0.019612739999999997
add_prior_JSUE05.pt,14,1020,1020,0.00450346
add_prior_EVSOV8.pt,14,216,216,0.01296472
add_prior_GNES7H.pt,14,799,799,0.00454082
add_prior_FFP6K6.pt,224,189,189,0.004472039999999999
add_prior_B4YL2B.pt,14,81,81,0.009335519999999996
add_prior_55Z8K7.pt,28,185,185,0.00449496
add_prior_X96XX3.pt,7,1327,1327,0.008467
add_prior_3CDT4T.pt,14,520,520,0.00446382
add_prior_SMHQUQ.pt,28,58,58,0.004483979999999999
add_prior_NPSY2D.pt,14,502,502,0.004461780000000002
add_prior_NYX918.pt,28,85,85,0.004468819999999999
add_prior_T9U9IT.pt,28,24,24,0.019604999999999997
add_prior_M3RQ8F.pt,14,849,849,0.0045571200000000004
add_prior_PG8GJW.pt,56,985,985,0.004418000000000002
add_prior_E3EENG.pt,56,518,518,0.00449678
add_prior_2JNWEA.pt,56,102,102,0.004436819999999999
add_prior_IVX97W.pt,7,262,262,0.013560120000000002
add_prior_LQTRFQ.pt,14,1000,1000,0.00448868
add_prior_WWF693.pt,14,152,152,0.01765088
add_prior_YT57SX.pt,7,93,93,0.02241468
add_prior_8RLOJD.pt,56,65,65,0.0044256799999999995
add_prior_CTVLIO.pt,112,176,176,0.004454180000000002
add_prior_T29MDZ.pt,56,1562,1562,0.004479200000000001
add_prior_QXT1ZZ.pt,14,421,421,0.004452619999999999
add_prior_XVW5AL.pt,112,517,517,0.004454320000000001
add_prior_NBTO25.pt,28,243,243,0.004608319999999999
add_prior_Z4AOVS.pt,28,526,526,0.00447398
add_prior_904BYV.pt,14,810,810,0.0046212200000000005
add_prior_XIDHQ2.pt,3,188,188,0.02685419999999999
add_prior_T8UXFL.pt,56,2040,2040,0.00438396
add_prior_SWKRCQ.pt,224,1011,1011,0.0044966599999999995
add_prior_Y783OK.pt,28,135,135,0.004501359999999999
add_prior_90WF90.pt,56,248,248,0.00444556
add_prior_PLR9Z5.pt,112,615,615,0.004458899999999999
add_prior_FQC0N4.pt,7,237,237,0.018232220000000004
add_prior_MWP68O.pt,224,555,555,0.0045067399999999995
add_prior_3X8UB8.pt,14,507,507,0.004504579999999999
add_prior_DGAJEP.pt,14,36,36,0.025121279999999992
add_prior_D6F2W9.pt,14,139,139,0.012133740000000004
add_prior_FBRW0D.pt,14,84,84,0.014035120000000005
add_prior_1W0W3Q.pt,14,18,18,0.02195749999999999
add_prior_JRKBYD.pt,14,764,764,0.004511139999999999
add_prior_K4EDLJ.pt,56,512,512,0.004470040000000001
add_prior_S2AYFE.pt,28,269,269,0.0046110000000000005
add_prior_WQBTID.pt,14,405,405,0.004469320000000001
add_prior_YK2HFY.pt,14,500,500,0.004496580000000001
add_prior_VM3QC4.pt,112,39,39,0.00437952
add_prior_AR1BOH.pt,28,97,97,0.00464478
add_prior_3AUHFO.pt,28,155,155,0.0045083
add_prior_21V270.pt,14,207,207,0.014938760000000004
add_prior_QINRR8.pt,28,89,89,0.00448842
add_prior_6NEGUT.pt,7,1379,1379,0.00452218
add_prior_MTF95F.pt,28,536,536,0.004403680000000001
add_prior_0FHLJG.pt,28,1807,1807,0.0044023
add_prior_0ZY78T.pt,112,185,185,0.0044751800000000005
add_prior_4ZLFDK.pt,112,210,210,0.0044896400000000005
add_prior_0B0QWT.pt,7,70,70,0.01935524
add_prior_Z6MNLL.pt,28,216,216,0.0045671800000000005
add_prior_1MRGU9.pt,28,3,3,0.02289034
add_prior_ES2R4M.pt,28,520,520,0.0044740000000000005
add_prior_0OGWMZ.pt,7,187,187,0.013441079999999994
add_prior_KRHGEF.pt,3,138,138,0.01732818
add_prior_KNAU2G.pt,14,101,101,0.007279240000000001
add_prior_GAX2K6.pt,3,504,504,0.01306146
add_prior_0ENJON.pt,14,97,97,0.007568040000000001
add_prior_8AQGF7.pt,14,113,113,0.014372380000000002
add_prior_YARW76.pt,14,660,660,0.004473359999999999
add_prior_GN61L0.pt,14,835,835,0.00447086
add_prior_UAEU9S.pt,14,120,120,0.022051800000000007
add_prior_DBEJ9D.pt,7,213,213,0.014903480000000004
add_prior_70CLP5.pt,14,237,237,0.0045423799999999995
add_prior_XB5FO6.pt,14,272,272,0.00466398
add_prior_2EG5ZC.pt,14,500,500,0.004515759999999998
add_prior_308RZ7.pt,28,141,141,0.00444886
add_prior_TYPJT2.pt,56,1067,1067,0.00445166
add_prior_BBHSYF.pt,28,181,181,0.00448538
add_prior_G53IZ2.pt,7,113,113,0.024733659999999994
add_prior_1NDSB6.pt,28,76,76,0.007439419999999998
add_prior_8L8IQG.pt,7,528,528,0.012739659999999995
add_prior_EJWF7V.pt,28,1117,1117,0.00445364
add_prior_8TZPW3.pt,56,524,524,0.0044630999999999985
add_prior_TLWEI3.pt,56,502,502,0.00448374
add_prior_1NP2SC.pt,14,157,157,0.011057419999999998
add_prior_67OD4Z.pt,14,68,68,0.01495136
add_prior_NMPXDL.pt,28,233,233,0.004528980000000001
add_prior_W9945E.pt,7,83,83,0.011155459999999999
add_prior_V670NC.pt,56,833,833,0.0043909
add_prior_TFPH6D.pt,7,177,177,0.010705440000000002
add_prior_O4YYMS.pt,28,183,183,0.004473960000000001
add_prior_ANQUI6.pt,14,988,988,0.004474560000000001
add_prior_FXVP0G.pt,56,269,269,0.004463000000000002
add_prior_WZ355F.pt,7,74,74,0.02286096
add_prior_6FVNFX.pt,28,87,87,0.0044487400000000005
add_prior_W529CL.pt,14,176,176,0.010399440000000003
add_prior_4EWUWU.pt,56,1968,1968,0.00442982
add_prior_H9RAR3.pt,14,236,236,0.0044773600000000005
add_prior_E8R3CB.pt,28,950,950,0.00453664
add_prior_EKOEJH.pt,28,167,167,0.004484700000000001
add_prior_EFJ8WU.pt,56,267,267,0.004478599999999999
add_prior_FUS5P2.pt,112,207,207,0.004335039999999999
add_prior_8WMP7J.pt,7,119,119,0.026262619999999993
add_prior_D0LY15.pt,28,34,34,0.011903459999999998
add_prior_KJH0SL.pt,56,462,462,0.004438040000000001
add_prior_VSKGU3.pt,28,514,514,0.004550779999999998
add_prior_QT91GT.pt,14,86,86,0.012738080000000008
add_prior_GX0EAX.pt,56,1189,1189,0.00443952
add_prior_RRRP4F.pt,14,44,44,0.020081500000000002
add_prior_19KMOI.pt,7,12,12,0.021677579999999995
add_prior_57N5ZZ.pt,7,522,522,0.014603380000000004
add_prior_QPZ29Z.pt,56,228,228,0.00471134
add_prior_M357UW.pt,1,200,200,0.015025420000000005
add_prior_I2IWKH.pt,14,38,38,0.012922859999999994
add_prior_06IL7A.pt,14,38,38,0.01893378
add_prior_8VZPTV.pt,14,1293,1293,0.00446044
add_prior_28JC5K.pt,56,255,255,0.0045403
add_prior_8QKEFH.pt,7,150,150,0.021409240000000006
add_prior_C62CEX.pt,28,165,165,0.004488679999999999
add_prior_C58VNM.pt,14,501,501,0.004483320000000002
add_prior_A2FZIL.pt,14,59,59,0.025127899999999998
add_prior_HPPW0O.pt,7,255,255,0.011553500000000003
add_prior_H34COO.pt,14,967,967,0.004580400000000001
add_prior_8U1XLZ.pt,28,678,678,0.004454539999999998
add_prior_HVLRDU.pt,28,896,896,0.00457058
add_prior_W98TRB.pt,56,178,178,0.00450776
add_prior_YIFBMA.pt,56,147,147,0.004411640000000001
add_prior_F605XR.pt,14,139,139,0.016751739999999998
add_prior_XMU228.pt,1,260,260,0.01766632
add_prior_XJKCSL.pt,28,329,329,0.0046000599999999996
add_prior_MSTEG5.pt,7,513,513,0.0097477
add_prior_B5DCS6.pt,7,36,36,0.012386480000000007
add_prior_PRZBDJ.pt,14,164,164,0.00713252
add_prior_8BAUEV.pt,28,138,138,0.004497860000000001
add_prior_TYHFK7.pt,112,504,504,0.0044366599999999985
add_prior_C0JU8S.pt,112,216,216,0.0044370600000000005
add_prior_MPJLKR.pt,28,307,307,0.00442698
add_prior_A5GVYI.pt,56,163,163,0.00454798
add_prior_QHLUCJ.pt,7,144,144,0.011150900000000002
add_prior_YJ26JB.pt,14,30,30,0.016449659999999998
add_prior_Z009TM.pt,7,248,248,0.01658534
add_prior_GSFMFG.pt,56,447,447,0.004501440000000001
add_prior_L445NJ.pt,7,1255,1255,0.007327280000000002
add_prior_QGW7G6.pt,28,121,121,0.004469540000000001
add_prior_J5QODA.pt,28,252,252,0.0045683
add_prior_WQBY2W.pt,14,94,94,0.00608392
add_prior_G1J7UM.pt,14,1546,1546,0.00442168
add_prior_1PEHAQ.pt,7,637,637,0.0127556
add_prior_AAFWUG.pt,112,440,440,0.004352000000000001
add_prior_19N759.pt,112,80,80,0.004570299999999999
add_prior_HN6KEF.pt,56,172,172,0.00452836
add_prior_MCO2KM.pt,1,193,193,0.01800262000000001
add_prior_4AEI1W.pt,14,537,537,0.004448080000000001
add_prior_ZY42U2.pt,14,167,167,0.00443318
add_prior_28L530.pt,14,107,107,0.01019158
add_prior_42E0MQ.pt,14,501,501,0.004474559999999999
add_prior_BI55YY.pt,14,533,533,0.0045409
add_prior_7JP2B3.pt,28,4,4,0.026512859999999992
add_prior_GWZ0X8.pt,28,214,214,0.0045584
add_prior_31VOMT.pt,56,69,69,0.0045807800000000004
add_prior_0BU46P.pt,28,100,100,0.004464759999999999
add_prior_87P4PV.pt,56,189,189,0.0045573
add_prior_DHUVLG.pt,14,316,316,0.005175300000000002
add_prior_H7Z494.pt,28,1010,1010,0.004505100000000001
add_prior_4OGKN9.pt,56,34,34,0.004480759999999998
add_prior_05V4FA.pt,56,55,55,0.004576520000000001
add_prior_IT70PC.pt,14,698,698,0.0045033600000000005
add_prior_93TO82.pt,112,45,45,0.004526960000000001
add_prior_Y3AM31.pt,56,936,936,0.004467360000000001
add_prior_9XL0U5.pt,14,48,48,0.007112180000000003
add_prior_U9HJP7.pt,14,489,489,0.004599359999999999
add_prior_AT82ZQ.pt,28,43,43,0.005956159999999999
add_prior_VMRZ2Y.pt,28,131,131,0.004475379999999998
add_prior_6PWUOW.pt,14,49,49,0.016016839999999997
add_prior_14DUHM.pt,14,739,739,0.004509020000000001
add_prior_FK4JQO.pt,14,159,159,0.010023980000000002
add_prior_XHTTC7.pt,28,1154,1154,0.004476239999999999
add_prior_4EJLL6.pt,7,46,46,0.00909874
add_prior_Q2AWSA.pt,7,403,403,0.014379919999999992
add_prior_1JTUVN.pt,14,1564,1564,0.004385680000000001
add_prior_94MX7E.pt,14,529,529,0.00444418
add_prior_DV199Z.pt,112,10,10,0.004500219999999999
add_prior_A2KXCH.pt,14,110,110,0.008511240000000002
add_prior_2XG8PJ.pt,14,189,189,0.010111840000000004
add_prior_BY6JSS.pt,14,119,119,0.013369200000000005
add_prior_04IJT0.pt,7,270,270,0.027939380000000003
add_prior_K0JC12.pt,7,67,67,0.023017600000000006
add_prior_UOJ814.pt,56,189,189,0.004502240000000001
add_prior_40PTEW.pt,7,79,79,0.012613439999999998
add_prior_V1739P.pt,14,76,76,0.019801020000000003
add_prior_A6Z5BE.pt,56,476,476,0.004462120000000001
add_prior_JIC552.pt,7,1097,1097,0.00478692
add_prior_BK1NN0.pt,14,417,417,0.0045228
add_prior_AM3S3O.pt,14,203,203,0.005966319999999998
add_prior_772OM6.pt,7,475,475,0.012521499999999998
add_prior_9Z22DB.pt,14,527,527,0.004451960000000001
add_prior_KDP2AZ.pt,14,126,126,0.00945482
add_prior_9ZLSWH.pt,7,186,186,0.0124323
add_prior_O0CL0R.pt,7,228,228,0.011253499999999998
add_prior_83K8FR.pt,14,15,15,0.019799579999999997
add_prior_6YIO7K.pt,56,534,534,0.004611659999999999
add_prior_V5YRKC.pt,14,33,33,0.00873164
add_prior_G09BQ2.pt,14,858,858,0.00470892
add_prior_FCVMVT.pt,112,495,495,0.00441374
add_prior_GIYWWU.pt,112,45,45,0.004504000000000001
add_prior_46AQQF.pt,28,780,780,0.00447202
add_prior_KUF35X.pt,112,12,12,0.004520639999999999
add_prior_2IISEL.pt,56,116,116,0.00441942
add_prior_OWQ303.pt,14,767,767,0.004485959999999999
add_prior_FCQCV3.pt,56,814,814,0.004400380000000001
add_prior_INBV3M.pt,28,248,248,0.004500460000000001
add_prior_10IIE8.pt,7,245,245,0.006838360000000001
add_prior_5ZU4NL.pt,14,98,98,0.013597939999999996
add_prior_FKIUT3.pt,56,1205,1205,0.004493559999999999
add_prior_PUUO6U.pt,14,106,106,0.005748899999999999
add_prior_7ODVVE.pt,56,500,500,0.00446886
add_prior_K1U567.pt,56,105,105,0.00443258
add_prior_ND4APE.pt,14,172,172,0.01483038
add_prior_7Y3BAX.pt,7,210,210,0.01810358
add_prior_8IFK7F.pt,28,1499,1499,0.004444760000000001
add_prior_DKVR85.pt,14,109,109,0.004530440000000001
add_prior_K08WEC.pt,7,3,3,0.01823586
add_prior_MT8SD2.pt,56,809,809,0.004363180000000001
add_prior_JT0P3V.pt,56,159,159,0.0044605800000000004
add_prior_IVCOHH.pt,14,146,146,0.010233760000000001
add_prior_LNBMWQ.pt,28,134,134,0.0044487200000000015
add_prior_Q1482S.pt,56,539,539,0.0044683200000000005
add_prior_E55D5Z.pt,56,512,512,0.00442798
add_prior_LGGV6P.pt,112,10,10,0.004451439999999998
add_prior_MM8OHB.pt,28,214,214,0.004496100000000001
add_prior_EMQO64.pt,14,266,266,0.007154439999999999
add_prior_I5EVE0.pt,14,855,855,0.004548740000000001
add_prior_1PX7AP.pt,56,256,256,0.00448222
add_prior_JZJT1G.pt,112,114,114,0.004429119999999999
add_prior_P9GK8M.pt,7,64,64,0.01968988
add_prior_5OW4T0.pt,112,862,862,0.004435659999999999
add_prior_6VG7R1.pt,14,680,680,0.004595199999999999
add_prior_7KWV5Z.pt,7,539,539,0.015089599999999998
add_prior_NU6U4X.pt,28,140,140,0.00446096
add_prior_J8VZZJ.pt,28,236,236,0.00451722
add_prior_W85X50.pt,28,76,76,0.00445716
add_prior_J7N8FD.pt,7,214,214,0.015116319999999996
add_prior_9643VO.pt,28,43,43,0.018534519999999995
add_prior_4O3QIF.pt,112,85,85,0.0044389
add_prior_ZUQMVZ.pt,28,822,822,0.00443826
add_prior_C4AH4Q.pt,3,16,16,0.019416779999999998
add_prior_M8I71N.pt,28,24,24,0.019497479999999994
add_prior_GVMFSR.pt,56,984,984,0.004395119999999999
add_prior_CIVO39.pt,14,158,158,0.005853920000000002
add_prior_DSTPTF.pt,14,66,66,0.0143667
add_prior_B32J56.pt,14,165,165,0.017900679999999992
add_prior_WUPNX9.pt,1,531,531,0.023828400000000003
add_prior_TBCPW0.pt,14,1501,1501,0.004386580000000002
add_prior_C20X5N.pt,14,777,777,0.004521479999999999
add_prior_DFPG4Q.pt,28,184,184,0.00445246
add_prior_XBN5L5.pt,14,1248,1248,0.004523019999999999
add_prior_I67YT4.pt,28,5,5,0.0215953
add_prior_O92HYO.pt,28,508,508,0.00445776
add_prior_JW65X5.pt,56,147,147,0.004385579999999999
add_prior_TUQSOH.pt,7,58,58,0.01582902
add_prior_7V9I5U.pt,28,257,257,0.004447800000000001
add_prior_Z4YX06.pt,14,48,48,0.012770559999999995
add_prior_BETEMJ.pt,14,214,214,0.01227916
add_prior_QEF93V.pt,14,97,97,0.011391400000000001
add_prior_YIXP40.pt,28,562,562,0.004387879999999999
add_prior_3J35YP.pt,14,25,25,0.010807879999999997
add_prior_9RV8CM.pt,112,443,443,0.00434506
add_prior_IVYXRZ.pt,28,60,60,0.0044537
add_prior_FKTAXY.pt,7,560,560,0.008110079999999997
add_prior_6NXGGF.pt,28,136,136,0.004455360000000001
add_prior_AQTJ2O.pt,14,48,48,0.01427994
add_prior_2JJMUE.pt,7,507,507,0.008315339999999996
add_prior_VNC3Q0.pt,56,51,51,0.0045650000000000005
add_prior_SET7SE.pt,14,53,53,0.02134494
add_prior_X5JEUY.pt,28,456,456,0.00455154
add_prior_261RI7.pt,56,130,130,0.025675780000000006
add_prior_VP4KBD.pt,28,90,90,0.00458648
add_prior_R49XBJ.pt,28,1806,1806,0.004439479999999999
add_prior_7EGLTA.pt,14,387,387,0.004463020000000001
add_prior_WFEGHT.pt,28,517,517,0.00445964
add_prior_DNV4DN.pt,112,142,142,0.0044915400000000005
add_prior_TIUD7D.pt,224,194,194,0.004498560000000001
add_prior_RQFH6Y.pt,56,155,155,0.004695880000000001
add_prior_MZSEAN.pt,112,231,231,0.00457182
add_prior_Q01VRY.pt,56,15,15,0.015545420000000006
add_prior_F8UMIR.pt,56,450,450,0.0045219200000000005
add_prior_CMQNVH.pt,7,156,156,0.009951660000000003
add_prior_1C53VV.pt,14,259,259,0.00444194
add_prior_HP6KE4.pt,56,199,199,0.00455674
add_prior_33PD8I.pt,28,105,105,0.004473219999999999
add_prior_3T0JAG.pt,28,440,440,0.00445182
add_prior_M58ZTN.pt,28,814,814,0.0044539
add_prior_M5T657.pt,56,213,213,0.0045705799999999994
add_prior_82F50P.pt,14,517,517,0.00447712
add_prior_AVPZCU.pt,14,181,181,0.016721560000000007
add_prior_CRJ8K7.pt,14,756,756,0.004455920000000001
add_prior_P8T05Q.pt,56,190,190,0.00447838
add_prior_DKW6VK.pt,28,1686,1686,0.00447118
add_prior_GG29RB.pt,14,994,994,0.00445298
add_prior_W2BFL4.pt,14,194,194,0.00450036
add_prior_IF3TQ7.pt,14,827,827,0.02865016
add_prior_VUDLGB.pt,56,1787,1787,0.004431040000000001
add_prior_9ABU46.pt,7,477,477,0.012550079999999995
add_prior_47JGJ6.pt,14,989,989,0.004506080000000002
add_prior_CE9RA4.pt,7,457,457,0.013125980000000004
add_prior_AIOII6.pt,28,77,77,0.004398560000000001
add_prior_5NLJ7T.pt,112,207,207,0.00436428
add_prior_WIEHKY.pt,14,7,7,0.018986
add_prior_91YQOB.pt,28,39,39,0.013560960000000009
add_prior_AHC06J.pt,7,154,154,0.02182244
add_prior_TBBCT7.pt,7,224,224,0.007596299999999996
add_prior_SSDXX6.pt,28,939,939,0.004506259999999999
add_prior_PRV3XD.pt,28,99,99,0.004451280000000001
add_prior_R5JHA8.pt,14,1009,1009,0.004434879999999999
add_prior_JFANOB.pt,28,389,389,0.004400540000000001
add_prior_G9IFM8.pt,14,768,768,0.004490920000000001
add_prior_6SXTCR.pt,14,416,416,0.00450442
add_prior_XRBGB6.pt,7,977,977,0.004538400000000001
add_prior_36Q9FH.pt,14,979,979,0.0045181
add_prior_UPGHPC.pt,14,163,163,0.004392859999999999
add_prior_NZZC2R.pt,14,438,438,0.004607920000000001
add_prior_MY0TFZ.pt,7,1557,1557,0.004493439999999999
add_prior_RLJE02.pt,14,45,45,0.00452486
add_prior_LLXB83.pt,7,997,997,0.004429399999999999
add_prior_FZIRIF.pt,28,20,20,0.008604560000000004
add_prior_EB4WYH.pt,14,504,504,0.004476379999999999
add_prior_XLO8KE.pt,56,671,671,0.0044278600000000005
add_prior_NE9Q0B.pt,14,862,862,0.00451628
add_prior_249VFE.pt,7,201,201,0.023180239999999998
add_prior_G6IDEV.pt,7,586,586,0.011583560000000003
add_prior_WKHJ2J.pt,112,661,661,0.004549940000000001
add_prior_V0ZB3N.pt,7,467,467,0.016862180000000004
add_prior_N9N97I.pt,28,160,160,0.0045204000000000025
add_prior_8GL6WB.pt,56,134,134,0.00441444
add_prior_4UHS9Z.pt,7,308,308,0.006547519999999998
add_prior_BLKDX0.pt,112,143,143,0.004447
add_prior_HWMCK3.pt,56,258,258,0.0045505799999999985
add_prior_RIXF0X.pt,56,231,231,0.004464219999999999
add_prior_1GWICR.pt,14,2035,2035,0.004467140000000001
add_prior_RIRFLH.pt,112,429,429,0.0044779
add_prior_HE5Z0V.pt,14,140,140,0.00445672
add_prior_NYQL0N.pt,14,88,88,0.00807464
add_prior_HINIKN.pt,7,530,530,0.012565819999999997
add_prior_QQ9XTS.pt,28,148,148,0.0044689000000000005
add_prior_F0HL78.pt,28,31,31,0.022293899999999995
add_prior_Q8OQAO.pt,112,537,537,0.004427020000000001
add_prior_CTZL29.pt,56,2036,2036,0.00450242
add_prior_KWXH20.pt,14,140,140,0.00477958
add_prior_O4QQUY.pt,14,982,982,0.004537880000000001
add_prior_MPED5I.pt,28,515,515,0.00445236
add_prior_00BZ19.pt,112,799,799,0.004477180000000001
add_prior_EQEADJ.pt,56,263,263,0.0044937399999999995
add_prior_B8JC8A.pt,14,654,654,0.004474939999999999
add_prior_6G3Y39.pt,3,166,166,0.02725296000000001
add_prior_NLVA1W.pt,3,670,670,0.014845000000000004
add_prior_M6J7HD.pt,28,185,185,0.00453354
add_prior_FOYM8G.pt,56,114,114,0.0046271
add_prior_0PPZ6B.pt,56,405,405,0.004458880000000001
add_prior_G1OQUH.pt,14,104,104,0.013881019999999999
add_prior_694YZO.pt,56,1938,1938,0.004413800000000001
add_prior_PB320C.pt,56,128,128,0.00435652
add_prior_MPO6PV.pt,14,990,990,0.0044764
add_prior_95MOT5.pt,224,212,212,0.00447468
add_prior_1SGJJN.pt,14,88,88,0.017930680000000004
add_prior_OF4K9I.pt,14,73,73,0.02265482000000001
add_prior_ULN9FN.pt,14,13,13,0.017133379999999993
add_prior_I48RTU.pt,56,183,183,0.004524339999999999
add_prior_1VSYNZ.pt,224,176,176,0.0044899399999999996
add_prior_W79QVO.pt,28,979,979,0.00445764
add_prior_P8G8AD.pt,14,138,138,0.01031406
add_prior_AOJOFT.pt,112,228,228,0.0044728400000000005
add_prior_45OYQ1.pt,56,113,113,0.0044417599999999995
add_prior_JRPDD8.pt,112,192,192,0.0044375399999999985
add_prior_SGWLEZ.pt,28,38,38,0.016864320000000006
add_prior_AOIEY1.pt,14,197,197,0.008676560000000002
add_prior_OL9FJP.pt,224,127,127,0.004434819999999999
add_prior_FPGBIQ.pt,14,42,42,0.01822074
add_prior_R5C5T0.pt,112,52,52,0.0044819199999999995
add_prior_D3VVZM.pt,28,153,153,0.004477920000000001
add_prior_P5EOU1.pt,3,108,108,0.02480124
add_prior_1I1L1V.pt,28,241,241,0.00441976
add_prior_92YVJ2.pt,14,387,387,0.004450940000000001
add_prior_ZB7IJI.pt,14,182,182,0.01093212
add_prior_P0BNDU.pt,28,65,65,0.0044401399999999995
add_prior_9X8B21.pt,56,459,459,0.004451079999999999
add_prior_KSIK2U.pt,224,25,25,0.00458346
add_prior_3P5CMN.pt,7,232,232,0.0202006
add_prior_PCYL2S.pt,7,2016,2016,0.00448276
add_prior_YQHNMT.pt,112,1235,1235,0.0044456800000000005
add_prior_ZD4MTN.pt,56,500,500,0.004473039999999999
add_prior_P59Z9W.pt,14,85,85,0.01416766
add_prior_QI76Y8.pt,28,7,7,0.019848660000000004
add_prior_R5YY15.pt,28,154,154,0.0045231199999999985
add_prior_KJAGW5.pt,7,53,53,0.009997480000000001
add_prior_UKTI2D.pt,3,20,20,0.01792932
add_prior_PUQFD1.pt,56,641,641,0.004447120000000001
add_prior_GJQOU8.pt,7,122,122,0.0119126
add_prior_5EALM1.pt,56,38,38,0.004461960000000001
add_prior_ETTSX5.pt,7,204,204,0.023867679999999992
add_prior_CTHN4E.pt,112,150,150,0.00440078
add_prior_M2YVV0.pt,28,81,81,0.02792554
add_prior_YC228F.pt,14,84,84,0.013722739999999988
add_prior_F3JTOY.pt,28,780,780,0.0046526
add_prior_WDS7KG.pt,3,264,264,0.013822839999999998
add_prior_JZ5A4E.pt,28,213,213,0.004573299999999999
add_prior_A0T1WC.pt,14,51,51,0.010951919999999999
add_prior_7VZIS4.pt,7,986,986,0.004535499999999999
add_prior_PW8LDJ.pt,56,23,23,0.00447602
add_prior_FUU010.pt,14,150,150,0.020556699999999997
add_prior_0PIZN8.pt,7,90,90,0.019950739999999998
add_prior_OFXTU5.pt,28,44,44,0.010855480000000002
add_prior_6II8WL.pt,1,863,863,0.017552960000000003
add_prior_2XEF7P.pt,112,354,354,0.0044556000000000005
add_prior_WQX8RM.pt,28,71,71,0.00439934
add_prior_4ZIESD.pt,7,70,70,0.017982299999999996
add_prior_K3AHHC.pt,7,249,249,0.015909340000000004
add_prior_QV23UJ.pt,28,233,233,0.00449996
add_prior_ZN06WL.pt,7,532,532,0.006177420000000002
add_prior_13FD0C.pt,56,232,232,0.004595600000000001
add_prior_L918KV.pt,7,540,540,0.01650682
add_prior_OLBS43.pt,28,47,47,0.009580679999999998
add_prior_J7JXSE.pt,56,509,509,0.004512659999999999
add_prior_CUZM22.pt,3,50,50,0.004504740000000001
add_prior_4Q0HSL.pt,14,928,928,0.004652999999999999
add_prior_DAD9XE.pt,56,1020,1020,0.00446348
add_prior_S6LU16.pt,112,482,482,0.004993859999999999
add_prior_TNGQZE.pt,14,75,75,0.016285740000000003
add_prior_0FMLNV.pt,28,498,498,0.00438462
add_prior_O4RFP0.pt,14,205,205,0.00445604
add_prior_J2CQZU.pt,28,186,186,0.00449954
add_prior_6SI7MO.pt,14,63,63,0.02003324
add_prior_C4QVSJ.pt,7,204,204,0.01747116
add_prior_FC3UQM.pt,14,245,245,0.00618858
add_prior_9XD2EY.pt,56,2115,2115,0.004432719999999999
add_prior_K2IBI2.pt,14,205,205,0.007338800000000003
add_prior_I24NY2.pt,14,162,162,0.007872859999999999
add_prior_AHAQOB.pt,56,25,25,0.004465899999999999
add_prior_SEIJ1N.pt,14,130,130,0.006713399999999998
add_prior_O59Q1V.pt,28,42,42,0.00973416
add_prior_34OYVO.pt,14,236,236,0.007238440000000001
add_prior_3V7WGH.pt,28,35,35,0.011670460000000002
add_prior_XNSO7Y.pt,56,471,471,0.004487339999999999
add_prior_XIGYRY.pt,28,105,105,0.0044882
add_prior_A7NSZ3.pt,7,42,42,0.020034579999999996
add_prior_3IIW7V.pt,7,191,191,0.009261520000000002
add_prior_BK9VA0.pt,14,173,173,0.009104480000000003
add_prior_FEPB70.pt,14,156,156,0.008741160000000001
add_prior_HC07NT.pt,56,93,93,0.004550279999999999
add_prior_K6VMQP.pt,14,511,511,0.00445884
add_prior_L7YH2Y.pt,7,202,202,0.01298902
add_prior_KFJA9T.pt,56,17,17,0.004995960000000002
add_prior_PYWF94.pt,7,34,34,0.01709016
add_prior_FMERWT.pt,7,761,761,0.004480719999999999
add_prior_VUN7H0.pt,14,196,196,0.0044988599999999995
add_prior_EQLW1A.pt,14,1462,1462,0.004355380000000001
add_prior_4168MD.pt,56,16,16,0.00696236
add_prior_XQ8NIC.pt,14,98,98,0.016132020000000004
add_prior_5JNEUD.pt,28,155,155,0.0044966
add_prior_09SATQ.pt,28,216,216,0.00454446
add_prior_9UBD8M.pt,28,560,560,0.00442794
add_prior_NMWE8Q.pt,14,23,23,0.014124720000000002
add_prior_SB0YAH.pt,112,805,805,0.004488200000000001
add_prior_SC5PFO.pt,14,1011,1011,0.00454914
add_prior_U72C5O.pt,56,168,168,0.0044452400000000005
add_prior_7XN1G7.pt,14,72,72,0.01864456
add_prior_9RE09L.pt,56,812,812,0.0044488
add_prior_8HOSD8.pt,56,212,212,0.004477840000000001
add_prior_EVC0GG.pt,14,176,176,0.008741080000000003
add_prior_PHJOZD.pt,14,187,187,0.008821620000000002
add_prior_9SPM86.pt,14,509,509,0.004509639999999999
add_prior_1UFGTA.pt,14,203,203,0.0044827
add_prior_SPNST7.pt,112,77,77,0.004467299999999999
add_prior_WECOEW.pt,28,800,800,0.004479920000000001
add_prior_9WGAO7.pt,14,46,46,0.018213919999999995
add_prior_VLGJJ3.pt,28,519,519,0.0045403
add_prior_807D51.pt,7,514,514,0.00932422
add_prior_Y7YGSC.pt,7,974,974,0.0046269
add_prior_DLBQ5A.pt,14,153,153,0.010028920000000004
add_prior_X2OPBF.pt,14,103,103,0.013082239999999997
add_prior_ENYVDJ.pt,28,208,208,0.004486199999999998
add_prior_UTRPFM.pt,14,55,55,0.0182786
add_prior_WZT4PE.pt,1,24,24,0.026751680000000003
add_prior_IEW72X.pt,112,244,244,0.004425999999999999
add_prior_A4HV3Q.pt,14,23,23,0.021936899999999995
add_prior_WZ9QZA.pt,28,499,499,0.004411960000000001
add_prior_NVWMLA.pt,28,293,293,0.0044575000000000005
add_prior_5PQBBS.pt,14,9,9,0.014425860000000004
add_prior_4V2L8D.pt,56,151,151,0.00441936
add_prior_ODMV9M.pt,28,12,12,0.02582518
add_prior_IIUT4M.pt,7,523,523,0.012398920000000004
add_prior_IJRK16.pt,14,224,224,0.00440962
add_prior_TAWZ33.pt,14,396,396,0.0044234800000000005
add_prior_QOVA8A.pt,14,188,188,0.006045440000000002
add_prior_V7D50V.pt,14,214,214,0.00448696
add_prior_TGW1NZ.pt,14,179,179,0.010678140000000003
add_prior_F20PDN.pt,112,82,82,0.0044928400000000005
add_prior_1BDGQ4.pt,14,254,254,0.012869939999999993
add_prior_L8KLZV.pt,14,236,236,0.009537760000000001
add_prior_0YOZOQ.pt,14,507,507,0.004448700000000001
add_prior_EMK5LD.pt,7,284,284,0.011187060000000004
add_prior_LDRHD2.pt,7,170,170,0.01562368
add_prior_22OV8J.pt,56,315,315,0.00443452
add_prior_JWW798.pt,14,489,489,0.00447994
add_prior_F25XR9.pt,1,841,841,0.013240320000000002
add_prior_7ZCMDM.pt,14,285,285,0.006137900000000001
add_prior_LACBEW.pt,14,10,10,0.0118071
add_prior_1L6ON9.pt,28,92,92,0.00458548
add_prior_XLIZEA.pt,14,197,197,0.006937999999999999
add_prior_X25SJ2.pt,28,206,206,0.004482279999999998
add_prior_UPRXO2.pt,14,1014,1014,0.004630459999999999
add_prior_THGUDB.pt,28,134,134,0.004490259999999999
add_prior_7E3KAN.pt,7,1276,1276,0.0069948399999999996
add_prior_IV0C8E.pt,112,568,568,0.0044182399999999995
add_prior_RZ82YK.pt,7,1636,1636,0.0044627400000000015
add_prior_MS3IWV.pt,14,69,69,0.009670800000000002
add_prior_XYT50H.pt,28,170,170,0.004512940000000001
add_prior_F131JJ.pt,3,155,155,0.012164659999999996
add_prior_ZT3890.pt,28,37,37,0.007949680000000002
add_prior_2DFYNZ.pt,112,510,510,0.00450496
add_prior_72295V.pt,14,247,247,0.00444828
add_prior_EARWAM.pt,14,38,38,0.01283122
add_prior_3GV00Z.pt,14,106,106,0.01414042
add_prior_4MROTH.pt,7,18,18,0.004487200000000001
add_prior_KYKZJT.pt,28,440,440,0.004388640000000001
add_prior_W96TU6.pt,7,58,58,0.019099920000000003
add_prior_0CUTD1.pt,28,139,139,0.0044393
add_prior_AKNRFR.pt,56,6,6,0.008354740000000001
add_prior_7I5LW0.pt,7,110,110,0.01867077999999999
add_prior_GPGAIV.pt,56,213,213,0.0046098200000000015
add_prior_23D7B9.pt,112,196,196,0.00451328
add_prior_ZN66QB.pt,14,107,107,0.01024728
add_prior_E476JT.pt,112,31,31,0.0044315399999999994
add_prior_7DNMVA.pt,14,1442,1442,0.004395059999999999
add_prior_TQ1CZ2.pt,7,247,247,0.014927640000000004
add_prior_DJYVMK.pt,14,181,181,0.01767636
add_prior_IQH84O.pt,112,1254,1254,0.0044644
add_prior_8PLMIR.pt,28,1024,1024,0.004496019999999998
add_prior_9GG8HB.pt,56,803,803,0.00450442
add_prior_F3OA2B.pt,28,615,615,0.0044312399999999995
add_prior_TNJ1JK.pt,7,163,163,0.013209199999999999
add_prior_ZRSYVM.pt,7,109,109,0.019350680000000002
add_prior_UFOUNC.pt,1,1054,1054,0.013490479999999997
add_prior_8W0X0B.pt,7,205,205,0.007379140000000001
add_prior_VVTDTR.pt,112,124,124,0.004503859999999999
add_prior_WFBX3J.pt,14,1021,1021,0.004472060000000001
add_prior_KW62QM.pt,14,212,212,0.011780259999999997
add_prior_OWSJU1.pt,28,213,213,0.0044655400000000005
add_prior_3RHCH9.pt,28,526,526,0.004455960000000001
add_prior_8UNYDV.pt,14,76,76,0.013226579999999996
add_prior_DI35TQ.pt,28,84,84,0.004459680000000001
add_prior_PXSVLX.pt,112,119,119,0.004940319999999998
add_prior_F2YKWQ.pt,28,463,463,0.00442118
add_prior_FQNEOL.pt,7,192,192,0.01537786
add_prior_9XUGAH.pt,28,44,44,0.0044791200000000005
add_prior_B2189I.pt,14,935,935,0.004593240000000001
add_prior_JZGK3M.pt,14,233,233,0.014414459999999988
add_prior_PFCUNX.pt,112,500,500,0.004509559999999999
add_prior_7W2GI9.pt,14,35,35,0.018361020000000006
add_prior_S3HMQA.pt,14,170,170,0.015538799999999997
add_prior_TVQ8XM.pt,112,201,201,0.004369159999999998
add_prior_E5EQON.pt,3,42,42,0.01619588
add_prior_CY5GZ4.pt,28,538,538,0.00443478
add_prior_PQQBXY.pt,56,302,302,0.00446264
add_prior_HZY44V.pt,28,190,190,0.004542699999999999
add_prior_6M0IGQ.pt,56,970,970,0.0044628
add_prior_THUBQM.pt,14,531,531,0.004495280000000001
add_prior_DJ30V5.pt,7,518,518,0.01941178
add_prior_EVN0GG.pt,28,536,536,0.00436366
add_prior_EFTUSO.pt,7,506,506,0.016916080000000003
add_prior_QVFNSG.pt,14,229,229,0.005209759999999999
add_prior_QA13UG.pt,28,216,216,0.004521079999999999
add_prior_LTU4FV.pt,14,118,118,0.01092788
add_prior_1C8BBO.pt,56,516,516,0.0045694
add_prior_7GX6WW.pt,14,7,7,0.012909000000000006
add_prior_1MPQAN.pt,28,412,412,0.004425300000000002
add_prior_GI0MQM.pt,28,695,695,0.004553240000000001
add_prior_QTTCR9.pt,28,30,30,0.02091814
add_prior_SWT41R.pt,112,259,259,0.004438580000000001
add_prior_923T8D.pt,14,53,53,0.01339344
add_prior_00BJRR.pt,28,122,122,0.00449834
add_prior_T0NFLR.pt,56,427,427,0.004474
add_prior_Y9SA1W.pt,14,156,156,0.00623632
add_prior_VOGNIC.pt,14,31,31,0.009129720000000001
add_prior_9NCI1P.pt,224,45,45,0.00445858
add_prior_0U8TT0.pt,7,1004,1004,0.005873739999999999
add_prior_VSF97T.pt,7,132,132,0.014653179999999995
add_prior_S9BW7L.pt,56,439,439,0.004461659999999999
add_prior_CVR8VV.pt,28,69,69,0.0043663600000000006
add_prior_7FIKV4.pt,14,107,107,0.008069620000000001
add_prior_7GYDC3.pt,28,199,199,0.004530999999999999
add_prior_TB157I.pt,7,510,510,0.013509940000000003
add_prior_TJAQ40.pt,14,239,239,0.00451194
add_prior_TVARKM.pt,56,33,33,0.004506939999999999
add_prior_RXXXN7.pt,112,178,178,0.00453328
add_prior_CY91TD.pt,14,123,123,0.015123240000000003
add_prior_AMJ1SM.pt,7,262,262,0.008370040000000002
add_prior_09TCKX.pt,14,154,154,0.009894459999999999
add_prior_YD3790.pt,14,116,116,0.01509598
add_prior_VFDA9W.pt,56,257,257,0.00449384
add_prior_A6FN1Z.pt,112,474,474,0.004441259999999999
add_prior_0LCON6.pt,14,36,36,0.011645580000000004
add_prior_88GJCR.pt,28,98,98,0.004454619999999999
add_prior_ALQYWC.pt,7,1084,1084,0.0046145000000000005
add_prior_FI8FZU.pt,14,209,209,0.004632700000000001
add_prior_JL5XZ6.pt,112,436,436,0.004474020000000001
add_prior_XZIE7X.pt,28,1679,1679,0.004478779999999999
add_prior_P0RHY7.pt,14,525,525,0.0044797199999999995
add_prior_QS42PL.pt,28,501,501,0.004517459999999998
add_prior_P8RTNJ.pt,56,139,139,0.004402059999999999
add_prior_MR9TVX.pt,56,838,838,0.004488920000000001
add_prior_52MYKT.pt,3,259,259,0.018368079999999995
add_prior_HC5SJS.pt,14,441,441,0.004535019999999998
add_prior_4BILHL.pt,14,410,410,0.005906720000000001
add_prior_YPTFQF.pt,28,963,963,0.004435000000000001
add_prior_8LXVMM.pt,7,206,206,0.00878946
add_prior_YA04LG.pt,28,202,202,0.00451782
add_prior_UVA6WM.pt,28,62,62,0.012729639999999997
add_prior_WUBQCP.pt,56,125,125,0.00437256
add_prior_BMNZMC.pt,112,172,172,0.004508900000000001
add_prior_OO4BZN.pt,56,203,203,0.004449520000000001
add_prior_WIURWW.pt,28,415,415,0.00445936
add_prior_HT3YPG.pt,112,136,136,0.00462128
add_prior_JAMWDW.pt,56,64,64,0.00464084
add_prior_25L839.pt,56,18,18,0.0045470599999999995
add_prior_ZR2YHP.pt,56,42,42,0.004577740000000001
add_prior_BPCYJR.pt,28,141,141,0.0045454399999999996
add_prior_4P3KXI.pt,112,188,188,0.00457032
add_prior_OK34VL.pt,56,506,506,0.00449218
add_prior_LZ2MAX.pt,56,519,519,0.004481480000000001
add_prior_2KZQKU.pt,224,29,29,0.00449816
add_prior_368HZG.pt,112,57,57,0.00465296
add_prior_TM6KW7.pt,28,61,61,0.00704098
add_prior_55S00O.pt,56,48,48,0.004551139999999999
add_prior_SLYWT1.pt,14,249,249,0.004435920000000001
add_prior_MAMYRE.pt,7,179,179,0.012207120000000005
add_prior_6PPJT1.pt,56,140,140,0.00441872
add_prior_449D3Q.pt,224,978,978,0.00444788
add_prior_QJLAJR.pt,14,244,244,0.00808926
add_prior_RA9Q09.pt,7,111,111,0.024451579999999994
add_prior_T2RGMM.pt,14,510,510,0.0044717
add_prior_VD5HTB.pt,56,489,489,0.004443720000000001
add_prior_DLAKB6.pt,7,131,131,0.006333359999999999
add_prior_CUDJVL.pt,14,494,494,0.00449478
add_prior_P8AYTB.pt,14,997,997,0.004620759999999999
add_prior_XSVIOC.pt,224,999,999,0.004485319999999998
add_prior_JDKQCR.pt,112,219,219,0.004331119999999999
add_prior_685KY1.pt,14,127,127,0.01261822
add_prior_ZJJJ9H.pt,56,417,417,0.0044899399999999996
add_prior_ZW98TK.pt,14,525,525,0.00442342
add_prior_IGAA3D.pt,112,522,522,0.004466900000000001
add_prior_6VVK2B.pt,28,186,186,0.00457464
add_prior_NBHVW1.pt,56,44,44,0.00452714
add_prior_18WT5A.pt,14,484,484,0.004459759999999998
add_prior_1N3YPU.pt,14,116,116,0.009434399999999999
add_prior_AE4TBT.pt,14,962,962,0.004532400000000001
add_prior_CW29GV.pt,14,2144,2144,0.00448604
add_prior_WHQRPA.pt,112,215,215,0.00445528
add_prior_ZSX7AG.pt,14,148,148,0.013943599999999993
add_prior_JN5Y6Z.pt,14,48,48,0.014763539999999997
add_prior_MVM7FF.pt,14,85,85,0.008014039999999998
add_prior_0LLHWO.pt,28,150,150,0.004476380000000001
add_prior_C79V2Q.pt,56,125,125,0.00446196
add_prior_H3AITT.pt,112,504,504,0.0044590800000000015
add_prior_G8I6RZ.pt,112,391,391,0.00440686
add_prior_CB0D2R.pt,28,245,245,0.0045660399999999995
add_prior_K0WM1G.pt,28,1058,1058,0.004554959999999999
add_prior_9CDSAG.pt,28,69,69,0.00448016
add_prior_SJJ2KI.pt,14,4,4,0.02014932
add_prior_4SM5J3.pt,7,938,938,0.01067266
add_prior_7Q5V67.pt,14,249,249,0.007452339999999999
add_prior_SRALX5.pt,14,524,524,0.00461376
add_prior_TFP9O5.pt,7,516,516,0.02240741999999999
add_prior_4LLN4Q.pt,14,523,523,0.004441
add_prior_E5TQ84.pt,112,119,119,0.0044696399999999996
add_prior_U427WW.pt,14,9,9,0.01798706
add_prior_DO5TIR.pt,14,226,226,0.005991559999999999
add_prior_8AMQ3G.pt,28,537,537,0.00450438
add_prior_YUICQN.pt,14,14,14,0.014871299999999999
add_prior_R8L8RH.pt,56,116,116,0.0044170999999999985
add_prior_UL6D4W.pt,7,506,506,0.01465454
add_prior_S79J5K.pt,28,95,95,0.00449276
add_prior_WQHGYF.pt,28,180,180,0.004552960000000001
add_prior_Q7U08H.pt,28,243,243,0.004509580000000002
add_prior_SDFEUU.pt,56,765,765,0.0044456999999999995
add_prior_9O1FHH.pt,28,86,86,0.0045517
add_prior_LO0UA7.pt,56,189,189,0.004522559999999999
add_prior_HMDILS.pt,7,401,401,0.015644579999999998
add_prior_HEJGIM.pt,7,17,17,0.01913964
add_prior_CTRVRA.pt,14,10,10,0.024890499999999996
add_prior_TDBNP0.pt,56,41,41,0.0044874599999999995
add_prior_2X2DUW.pt,7,790,790,0.011138860000000004
add_prior_3JIENT.pt,56,541,541,0.004467800000000001
add_prior_KKO7IN.pt,56,254,254,0.004584800000000001
add_prior_7MECPG.pt,7,861,861,0.004479599999999999
add_prior_PYW4RL.pt,7,406,406,0.013064079999999999
add_prior_6KATDP.pt,28,6,6,0.01864398
add_prior_EG63XG.pt,14,9,9,0.018904120000000003
add_prior_CA6K45.pt,28,250,250,0.004536060000000001
add_prior_LNFQN5.pt,14,151,151,0.01503376
add_prior_YMZHXV.pt,7,400,400,0.009839519999999997
add_prior_X2PK00.pt,14,492,492,0.00449932
add_prior_DDR4Z8.pt,14,407,407,0.006987980000000001
add_prior_SLYF0A.pt,56,249,249,0.004527420000000001
add_prior_B8QESB.pt,56,391,391,0.00454198
add_prior_D1XLC1.pt,14,167,167,0.00454812
add_prior_2NE3EP.pt,28,272,272,0.004609000000000001
add_prior_AMZM1S.pt,14,217,217,0.004457619999999999
add_prior_OFS0KK.pt,112,176,176,0.004437399999999999
add_prior_E4FGCH.pt,28,65,65,0.010744220000000002
add_prior_XOUWGX.pt,28,100,100,0.0045080599999999995
add_prior_Z81U4C.pt,112,189,189,0.004474280000000001
add_prior_OJFAUO.pt,112,495,495,0.004434560000000001
add_prior_VSPM7O.pt,14,481,481,0.00447428
add_prior_JWH5GD.pt,7,193,193,0.007566200000000002
add_prior_0M8A46.pt,56,503,503,0.00453028
add_prior_IL9OML.pt,14,149,149,0.021205140000000004
add_prior_8FLXN7.pt,56,113,113,0.00453598
add_prior_OABTUB.pt,28,236,236,0.004565499999999999
add_prior_N6BOHY.pt,28,346,346,0.004465339999999999
add_prior_IDHORN.pt,14,688,688,0.004590960000000001
add_prior_155T69.pt,14,76,76,0.015499599999999997
add_prior_DPFPO7.pt,7,1179,1179,0.006183619999999998
add_prior_OZ6U4F.pt,112,118,118,0.00454546
add_prior_DYOULU.pt,28,107,107,0.0044337
add_prior_6UAUE1.pt,56,232,232,0.004486359999999998
add_prior_MDFSUY.pt,14,144,144,0.017668240000000005
add_prior_NB929E.pt,56,499,499,0.00443814
add_prior_OWI1HJ.pt,7,247,247,0.006186280000000001
add_prior_U5LGUC.pt,7,42,42,0.018019619999999997
add_prior_TCJBP0.pt,56,14,14,0.00665472
add_prior_S7E7ZL.pt,7,191,191,0.01762042
add_prior_UO6N48.pt,14,3,3,0.019102280000000003
add_prior_6UHI32.pt,28,221,221,0.004540279999999999
add_prior_EFTEQ4.pt,28,114,114,0.00445416
add_prior_MND4I5.pt,14,160,160,0.006554500000000001
add_prior_EZ61UZ.pt,112,128,128,0.004470859999999999
add_prior_UNIICT.pt,56,128,128,0.004395420000000001
add_prior_6AVKTE.pt,3,259,259,0.007529359999999997
add_prior_XJZX4P.pt,28,26,26,0.018619220000000013
add_prior_LD1DHP.pt,28,95,95,0.00443956
add_prior_CPY64Z.pt,112,233,233,0.0045242
add_prior_ABERXH.pt,14,220,220,0.0044775
add_prior_PQHYUB.pt,28,107,107,0.00445756
add_prior_45VY18.pt,28,157,157,0.00450922
add_prior_CL2J1P.pt,56,203,203,0.004616940000000001
add_prior_HGHEX6.pt,28,101,101,0.0044583
add_prior_W8QEV4.pt,14,149,149,0.00450422
add_prior_BDZCEU.pt,28,136,136,0.0044323999999999995
add_prior_8Y3MZT.pt,56,91,91,0.004413800000000002
add_prior_F72ELO.pt,14,152,152,0.014310499999999999
add_prior_9NTZ9N.pt,14,217,217,0.009506700000000002
add_prior_FOTRRC.pt,112,1146,1146,0.0044661200000000005
add_prior_FBAU3W.pt,28,2014,2014,0.00443692
add_prior_AKN0HK.pt,28,117,117,0.00445564
add_prior_7AC5RM.pt,14,459,459,0.004490440000000001
add_prior_PNMQ02.pt,14,254,254,0.004460839999999999
add_prior_2Q46I4.pt,7,268,268,0.013341440000000006
add_prior_YLT5VL.pt,56,1013,1013,0.00444814
add_prior_YJEC12.pt,112,28,28,0.00439346
add_prior_I21DUP.pt,14,385,385,0.004609299999999999
add_prior_JXCZ40.pt,14,175,175,0.004460820000000001
add_prior_UZYY5U.pt,7,470,470,0.010266599999999999
add_prior_7LSETV.pt,14,101,101,0.010441759999999998
add_prior_N6C3MC.pt,28,511,511,0.00447964
add_prior_F1HX41.pt,14,51,51,0.00602948
add_prior_ZCHIHH.pt,56,514,514,0.004495640000000001
add_prior_XKEI1Z.pt,14,389,389,0.0044782599999999995
add_prior_QHBE5R.pt,7,577,577,0.004440200000000001
add_prior_NZJSMG.pt,14,146,146,0.00988186
add_prior_7Y49K3.pt,28,156,156,0.004503039999999999
add_prior_116STR.pt,14,261,261,0.0044408
add_prior_MA864G.pt,28,126,126,0.00450874
add_prior_21PS6V.pt,14,392,392,0.004418040000000001
add_prior_NW3MQW.pt,7,84,84,0.02332306
add_prior_OU6WUF.pt,112,232,232,0.00446492
add_prior_DS7T1H.pt,56,828,828,0.004386879999999999
add_prior_HKW8PM.pt,14,1200,1200,0.004500659999999998
add_prior_ZMSRKK.pt,28,1002,1002,0.00452662
add_prior_H7HG9P.pt,28,137,137,0.004430719999999999
add_prior_OKEELU.pt,112,152,152,0.00441796
add_prior_PQG6RR.pt,7,780,780,0.00446738
add_prior_0ZGO02.pt,14,188,188,0.006254539999999999
add_prior_R87BH1.pt,28,176,176,0.00453666
add_prior_ADZS2G.pt,112,540,540,0.0044651000000000005
add_prior_YYCQ13.pt,56,805,805,0.0044962399999999994
add_prior_EW5CDM.pt,3,951,951,0.0139193
add_prior_30MYXT.pt,28,52,52,0.0045424800000000015
add_prior_4GLCSC.pt,7,203,203,0.017241979999999997
add_prior_4YL4O3.pt,56,210,210,0.00448788
add_prior_C75Z7M.pt,14,155,155,0.004471759999999999
add_prior_Z6SGFY.pt,7,66,66,0.013624639999999999
add_prior_12XJ74.pt,28,958,958,0.004460020000000001
add_prior_UZ8IES.pt,14,11,11,0.01677986
add_prior_2TDUD5.pt,28,673,673,0.0044646799999999995
add_prior_BXJWZ7.pt,14,118,118,0.018311019999999997
add_prior_EQ9QHZ.pt,7,58,58,0.017465820000000003
add_prior_2V0WJ4.pt,28,196,196,0.00449292
add_prior_RJFRRG.pt,14,37,37,0.009261139999999996
add_prior_NR5IRM.pt,7,931,931,0.014404199999999999
add_prior_DBC60A.pt,224,126,126,0.004476280000000002
add_prior_D92E9N.pt,28,115,115,0.004470079999999999
add_prior_C38Y28.pt,14,239,239,0.012102939999999998
add_prior_OHMFD3.pt,56,52,52,0.0045974599999999985
add_prior_2PQW0T.pt,112,133,133,0.004424179999999999
add_prior_KTTGE0.pt,7,29,29,0.028518619999999998
add_prior_AEANVG.pt,112,77,77,0.004474480000000001
add_prior_YKS6A6.pt,14,208,208,0.01742938
add_prior_MG7T1D.pt,56,87,87,0.0044845200000000005
add_prior_8H39A9.pt,28,801,801,0.0044950400000000005
add_prior_CPZ3N7.pt,112,87,87,0.00450634
add_prior_CF4B0U.pt,28,125,125,0.0044807399999999995
add_prior_BU8BHV.pt,14,181,181,0.018597620000000002
add_prior_YLD4YJ.pt,14,154,154,0.0088258
add_prior_Q534WY.pt,28,1049,1049,0.00451508
add_prior_4YC25A.pt,14,981,981,0.00448848
add_prior_RKLLTB.pt,14,239,239,0.004357059999999999
add_prior_UGMY61.pt,28,279,279,0.004501680000000001
add_prior_K7Z9OY.pt,56,225,225,0.0044645200000000005
add_prior_F8LDBQ.pt,28,237,237,0.004587600000000001
add_prior_08R2RP.pt,112,857,857,0.004471779999999999
add_prior_FOSWPU.pt,1,562,562,0.022777420000000003
add_prior_SBB369.pt,7,153,153,0.018868839999999994
add_prior_WSU2T1.pt,14,660,660,0.004469000000000001
add_prior_DP7CBB.pt,112,68,68,0.004484200000000001
add_prior_VL19UR.pt,112,257,257,0.00450938
add_prior_QT4DFI.pt,56,235,235,0.004561819999999999
add_prior_QQVRZW.pt,28,39,39,0.011902340000000003
add_prior_Z8UL1W.pt,14,143,143,0.006257059999999998
add_prior_NY11C4.pt,56,120,120,0.004446299999999999
add_prior_4HEZ47.pt,112,231,231,0.0044637
add_prior_NEKJR7.pt,56,62,62,0.00456752
add_prior_I0RDBN.pt,28,268,268,0.00452266
add_prior_WCYZ19.pt,14,770,770,0.004559060000000001
add_prior_9Y2M5F.pt,14,30,30,0.02040176
add_prior_BMYIK2.pt,112,503,503,0.00462734
add_prior_8UYEKK.pt,112,212,212,0.004498699999999999
add_prior_OZCFGW.pt,56,969,969,0.004490739999999998
add_prior_9IKFXL.pt,28,238,238,0.00455454
add_prior_OCMXRC.pt,112,205,205,0.00431924
add_prior_CKA6YH.pt,56,261,261,0.00450414
add_prior_YQ1I4B.pt,7,78,78,0.027919659999999995
add_prior_V9WIOL.pt,28,257,257,0.0045563
add_prior_X6WPGM.pt,112,2120,2120,0.00448492
add_prior_2E8XH4.pt,7,981,981,0.00448836
add_prior_BI5Z2K.pt,28,408,408,0.004439399999999999
add_prior_1LGD66.pt,14,29,29,0.019336380000000007
add_prior_7U2TAE.pt,14,221,221,0.00446796
add_prior_43RKIE.pt,14,235,235,0.004451500000000001
add_prior_FAR7ZP.pt,112,133,133,0.00441782
add_prior_1LKZZI.pt,7,1753,1753,0.0044927399999999985
add_prior_1X9SEW.pt,14,165,165,0.010749999999999992
add_prior_MPP6U5.pt,28,184,184,0.004587600000000001
add_prior_K6DISB.pt,14,160,160,0.005576499999999999
add_prior_MV6T80.pt,14,513,513,0.0045077200000000015
add_prior_RS09MM.pt,7,977,977,0.006867400000000001
add_prior_1ERA46.pt,28,124,124,0.00456516
add_prior_KYHL83.pt,14,126,126,0.022374
add_prior_BMAKIP.pt,14,582,582,0.004451399999999999
add_prior_SPHNR0.pt,28,236,236,0.0045527799999999985
add_prior_OW3C4N.pt,28,5,5,0.023307220000000003
add_prior_FIM034.pt,7,51,51,0.014908500000000007
add_prior_5B01LQ.pt,28,1928,1928,0.004500479999999998
add_prior_GW8NGM.pt,14,9,9,0.023316840000000005
add_prior_S6GVXN.pt,14,24,24,0.020225519999999997
add_prior_AQHJE2.pt,14,1149,1149,0.004462540000000002
add_prior_VZSB0L.pt,14,191,191,0.010276060000000005
add_prior_T6KV64.pt,7,104,104,0.011788980000000006
add_prior_4E57WI.pt,14,1789,1789,0.00442
add_prior_KN3O5H.pt,7,11,11,0.0141811
add_prior_BCJRQK.pt,7,188,188,0.018286459999999994
add_prior_3K8RE5.pt,28,54,54,0.008229899999999998
add_prior_VPV8PK.pt,7,170,170,0.01445522
add_prior_KV7Z25.pt,14,203,203,0.00443928
add_prior_WG6T10.pt,14,123,123,0.01850406
add_prior_ANZ3OP.pt,56,174,174,0.004553780000000001
add_prior_HJROQ6.pt,28,128,128,0.00443672
add_prior_AEC5IV.pt,7,654,654,0.020348519999999995
add_prior_Z5NGTB.pt,1,210,210,0.028793079999999992
add_prior_8N9JJP.pt,14,114,114,0.015494039999999995
add_prior_PPLF7K.pt,14,222,222,0.009693859999999995
add_prior_VUTGIJ.pt,14,229,229,0.00447816
add_prior_E1ONLD.pt,1,1026,1026,0.014607640000000007
add_prior_93CF41.pt,224,208,208,0.00437234
add_prior_JTR6O5.pt,112,1138,1138,0.004466920000000001
add_prior_UB0S4P.pt,56,82,82,0.005197599999999999
add_prior_8WNKEE.pt,56,41,41,0.00444678
add_prior_6CWAKQ.pt,28,5,5,0.018952840000000002
add_prior_MWE7S3.pt,28,983,983,0.00450708
add_prior_3STNZ6.pt,14,220,220,0.005981799999999996
add_prior_FR17R1.pt,1,180,180,0.017392620000000004
add_prior_Q3E379.pt,14,489,489,0.004450739999999998
add_prior_OS5QZV.pt,14,117,117,0.010231739999999998
add_prior_8SV1JD.pt,56,172,172,0.004503179999999999
add_prior_FHX7G5.pt,28,848,848,0.00455914
add_prior_D3MOVD.pt,7,35,35,0.016841580000000005
add_prior_8MSZOW.pt,14,14,14,0.01762072
add_prior_SZPEGQ.pt,28,269,269,0.004440599999999999
add_prior_QWZ38U.pt,28,167,167,0.004469360000000001
add_prior_37RC50.pt,7,977,977,0.004456120000000001
add_prior_GASPB1.pt,7,896,896,0.004547360000000001
add_prior_QVE38E.pt,28,134,134,0.004460199999999999
add_prior_6U9PDS.pt,112,48,48,0.004505019999999999
add_prior_QYUVL7.pt,14,237,237,0.01045818
add_prior_U16DEU.pt,14,261,261,0.004464039999999999
add_prior_XHQY9R.pt,7,453,453,0.010152080000000006
add_prior_1JW3UU.pt,56,109,109,0.004448820000000002
add_prior_GKIERG.pt,14,178,178,0.0045924
add_prior_WOWWLS.pt,14,451,451,0.00449936
add_prior_Q8QWKG.pt,56,529,529,0.0045363999999999995
add_prior_A80Y2F.pt,56,124,124,0.004485260000000001
add_prior_LEHWPA.pt,14,203,203,0.004450020000000001
add_prior_DP3YXD.pt,14,256,256,0.00469382
add_prior_4VJSSN.pt,56,245,245,0.004560599999999999
add_prior_NH1AKI.pt,14,272,272,0.004425580000000001
add_prior_9B0T1N.pt,112,537,537,0.004447520000000002
add_prior_I81NG3.pt,112,524,524,0.004506439999999999
add_prior_2H800M.pt,56,193,193,0.00445816
add_prior_0MECSU.pt,14,6,6,0.006327119999999999
add_prior_X9O7D6.pt,112,1139,1139,0.004469940000000001
add_prior_WR38U5.pt,14,28,28,0.011658599999999996
add_prior_6LWTB5.pt,56,175,175,0.0045228
add_prior_W5Z7QP.pt,28,500,500,0.004371539999999998
add_prior_2ABTRD.pt,56,237,237,0.004507899999999999
add_prior_LU9Q87.pt,7,108,108,0.02441060000000001
add_prior_NR2JKK.pt,14,216,216,0.010810180000000008
add_prior_KHTLGM.pt,1,155,155,0.01700596
add_prior_C8DP7X.pt,28,156,156,0.004470439999999999
add_prior_DRN1DE.pt,56,492,492,0.004451920000000001
add_prior_RZU2NN.pt,14,659,659,0.004490340000000001
add_prior_QRBLTP.pt,56,593,593,0.00442538
add_prior_UTB977.pt,112,1260,1260,0.004551060000000001
add_prior_36790M.pt,56,204,204,0.004554460000000002
add_prior_2P25IK.pt,7,54,54,0.02152232
add_prior_DLS1OQ.pt,112,116,116,0.00441656
add_prior_7OTU94.pt,224,534,534,0.004460380000000002
add_prior_5Z1QFQ.pt,14,147,147,0.005846980000000002
add_prior_EU6C64.pt,7,393,393,0.008830900000000003
add_prior_2ATXTV.pt,28,165,165,0.004630339999999999
add_prior_4JSZIU.pt,7,212,212,0.011701860000000001
add_prior_XMLMSH.pt,14,254,254,0.005248320000000001
add_prior_DJTS0H.pt,28,796,796,0.004570200000000001
add_prior_2V4H1W.pt,14,941,941,0.004603479999999999
add_prior_PB3FF6.pt,14,183,183,0.008813480000000002
add_prior_KJ150V.pt,56,266,266,0.004446919999999999
add_prior_UMGR3D.pt,14,168,168,0.0201777
add_prior_V57VTF.pt,28,66,66,0.005196880000000003
add_prior_5W4JJG.pt,56,107,107,0.00447474
add_prior_J6NKV7.pt,28,192,192,0.004479659999999999
add_prior_STQQE7.pt,56,530,530,0.004413320000000001
add_prior_6WKWLZ.pt,7,469,469,0.0121832
add_prior_FXGBSD.pt,7,206,206,0.0140889
add_prior_THO4LU.pt,56,201,201,0.00455602
add_prior_KIZ1GB.pt,28,27,27,0.004964460000000001
add_prior_FN48L4.pt,28,157,157,0.0045959
add_prior_PNJLIE.pt,112,490,490,0.00448352
add_prior_U06Z78.pt,7,225,225,0.00660952
add_prior_ULQMHG.pt,7,1019,1019,0.004476479999999999
add_prior_SL93DA.pt,56,233,233,0.00451236
add_prior_87MMYY.pt,56,318,318,0.00448714
add_prior_GUCF28.pt,56,2029,2029,0.00449312
add_prior_XA6LRY.pt,7,1003,1003,0.00667758
add_prior_4RAJG0.pt,28,518,518,0.004410980000000001
add_prior_YY6D9F.pt,112,258,258,0.004529240000000001
add_prior_J2W08O.pt,7,7,7,0.028303380000000006
add_prior_TESG7W.pt,28,137,137,0.004457219999999999
add_prior_CSQHE8.pt,112,43,43,0.004497119999999999
add_prior_LF509T.pt,7,490,490,0.018190979999999995
add_prior_JB7ZOK.pt,28,25,25,0.008683640000000001
add_prior_14FU0E.pt,28,224,224,0.004634880000000001
add_prior_KN7OP9.pt,224,255,255,0.00445584
add_prior_PTBI2E.pt,28,33,33,0.004496120000000001
add_prior_PZBG6Y.pt,56,607,607,0.0044414599999999995
add_prior_459KWV.pt,28,1172,1172,0.004445779999999999
add_prior_Y2J530.pt,56,49,49,0.004529339999999999
add_prior_X1I81P.pt,56,157,157,0.0044106000000000015
add_prior_4ETXQU.pt,112,503,503,0.00462276
add_prior_DHEWEK.pt,28,1071,1071,0.004531200000000001
add_prior_E3CG6P.pt,112,139,139,0.004471439999999998
add_prior_0T0FI7.pt,56,53,53,0.0045725600000000016
add_prior_2UIW2N.pt,7,322,322,0.022246919999999993
add_prior_R2P56O.pt,28,266,266,0.00443402
add_prior_EMGSAL.pt,28,522,522,0.004420559999999999
add_prior_1B8DHG.pt,28,115,115,0.0044347
add_prior_W987F2.pt,56,452,452,0.004479340000000002
add_prior_1CI0FL.pt,224,271,271,0.0043831600000000005
add_prior_C3KOTY.pt,14,257,257,0.00443988
add_prior_VNJAYW.pt,112,171,171,0.00442202
add_prior_84BOJH.pt,7,155,155,0.013219240000000005
add_prior_Z75YN9.pt,7,500,500,0.014793179999999996
add_prior_WQXO6Z.pt,14,76,76,0.011632420000000003
add_prior_RPZTVE.pt,14,118,118,0.022807519999999998
add_prior_H7BM6M.pt,14,212,212,0.00447128
add_prior_5XJCAN.pt,1,152,152,0.02145715999999999
add_prior_7OK9KD.pt,14,434,434,0.004422640000000002
add_prior_H3BNDN.pt,56,162,162,0.00455832
add_prior_MGOQ5L.pt,28,57,57,0.010516639999999997
add_prior_6V7BYL.pt,7,239,239,0.01689326
add_prior_5SR73T.pt,14,970,970,0.004502320000000001
add_prior_DNNK7F.pt,112,103,103,0.00445662
add_prior_ZME543.pt,112,96,96,0.004471080000000001
add_prior_QFQIGZ.pt,112,170,170,0.0044814
add_prior_7Q56UI.pt,28,934,934,0.0048187
add_prior_HNC5OO.pt,7,62,62,0.012510539999999999
add_prior_FOXUB1.pt,7,66,66,0.022477660000000007
add_prior_68D75U.pt,7,173,173,0.017524320000000003
add_prior_1WACW8.pt,56,77,77,0.0045819599999999995
add_prior_YUFT6L.pt,28,980,980,0.004545979999999999
add_prior_PQ8N8I.pt,14,202,202,0.007443840000000002
add_prior_K5GS5X.pt,56,264,264,0.004499939999999999
add_prior_IV9JGT.pt,14,157,157,0.0051192999999999985
add_prior_04ZMEL.pt,28,491,491,0.00451466
add_prior_B7Y1M3.pt,14,206,206,0.009990599999999999
add_prior_KVBLFY.pt,7,111,111,0.018139680000000002
add_prior_8RRLKM.pt,56,264,264,0.00445366
add_prior_AS24H0.pt,28,513,513,0.004433439999999999
add_prior_GSYS19.pt,7,196,196,0.011042579999999995
add_prior_D37AS3.pt,14,52,52,0.008605619999999998
add_prior_R3NK94.pt,7,34,34,0.01537326
add_prior_AQQE58.pt,14,515,515,0.004500760000000001
add_prior_GN6GP6.pt,28,196,196,0.00461846
add_prior_A0AXNS.pt,56,167,167,0.004490460000000001
add_prior_P9T33K.pt,14,502,502,0.004541039999999999
add_prior_97USJY.pt,56,538,538,0.0044305
add_prior_QDXCJ2.pt,28,1261,1261,0.0044440600000000005
add_prior_X0X25T.pt,112,33,33,0.00443452
add_prior_DEN42Q.pt,14,1936,1936,0.004414820000000001
add_prior_MJDQB1.pt,28,492,492,0.0044299199999999995
add_prior_P1SEZQ.pt,14,144,144,0.005497840000000001
add_prior_Y6EV5U.pt,112,1049,1049,0.004495740000000001
add_prior_85L2AM.pt,28,7,7,0.021148879999999995
add_prior_981ITN.pt,28,170,170,0.00453882
add_prior_HOYT70.pt,14,66,66,0.004739360000000001
add_prior_2JKFEC.pt,14,100,100,0.0139036
add_prior_QF960N.pt,7,1143,1143,0.00450244
add_prior_UQHDIR.pt,7,54,54,0.016874979999999998
add_prior_KQRXR2.pt,7,144,144,0.01877606
add_prior_QFBKR8.pt,14,41,41,0.020397540000000002
add_prior_GWVWG3.pt,7,235,235,0.01812432
add_prior_O3KM63.pt,112,14,14,0.00446768
add_prior_AIHM1Z.pt,28,518,518,0.00437918
add_prior_8IPD5J.pt,14,55,55,0.013140100000000002
add_prior_44C5S7.pt,28,1002,1002,0.00446144
add_prior_6UFI00.pt,28,382,382,0.00440248
add_prior_5XN4FV.pt,28,693,693,0.00446868
add_prior_U8Y6OW.pt,7,29,29,0.026449739999999996
add_prior_CEAQPD.pt,56,1025,1025,0.0045201799999999995
add_prior_Q6C2VZ.pt,56,127,127,0.00437914
add_prior_MF16WF.pt,14,267,267,0.004464159999999998
add_prior_PITFXL.pt,224,28,28,0.0044472999999999995
add_prior_I9X919.pt,28,183,183,0.0045368000000000006
add_prior_XV9QKR.pt,112,950,950,0.004541979999999999
add_prior_WZ4TMM.pt,14,177,177,0.0045655
add_prior_RJT8LX.pt,28,108,108,0.004480580000000001
add_prior_HBYLV4.pt,224,186,186,0.00440564
add_prior_DZH6AB.pt,14,497,497,0.004528119999999999
add_prior_4F64EI.pt,112,110,110,0.00448962
add_prior_YREMDO.pt,56,18,18,0.006708500000000003
add_prior_O5FBLJ.pt,28,95,95,0.004509960000000002
add_prior_4OJ1T9.pt,14,171,171,0.006261699999999998
add_prior_GOAN78.pt,14,205,205,0.00989478
add_prior_6J0VS1.pt,28,259,259,0.004502880000000001
add_prior_R15WPG.pt,28,184,184,0.004512240000000001
add_prior_5083YS.pt,56,227,227,0.004603039999999999
add_prior_HTLYLT.pt,14,96,96,0.010237060000000003
add_prior_BC6WNF.pt,14,59,59,0.02751083999999999
add_prior_7FQE73.pt,7,1617,1617,0.004420100000000001
add_prior_SC4WYC.pt,224,201,201,0.0044433400000000005
add_prior_DHPA16.pt,224,176,176,0.00460202
add_prior_OQG05C.pt,28,679,679,0.00452188
add_prior_HP8QVD.pt,14,534,534,0.0044722999999999985
add_prior_PYU2SN.pt,14,18,18,0.013263379999999996
add_prior_YMTE1T.pt,28,1141,1141,0.0045209000000000004
add_prior_N2HZDI.pt,28,129,129,0.004445859999999999
add_prior_12SUPK.pt,28,439,439,0.0044876
add_prior_DREXZP.pt,14,1014,1014,0.00456928
add_prior_4DULNT.pt,14,27,27,0.01319558
add_prior_TFB6PB.pt,28,149,149,0.0045411800000000006
add_prior_ML4XFN.pt,7,409,409,0.0087108
add_prior_U8PMN7.pt,14,503,503,0.0045070399999999995
add_prior_295CRN.pt,112,42,42,0.00454544
add_prior_WKJ0SB.pt,14,37,37,0.01720798
add_prior_UZH12R.pt,1,158,158,0.012063439999999996
add_prior_PU8SW8.pt,28,180,180,0.0044882199999999985
add_prior_CXBZKT.pt,28,268,268,0.004519160000000001
add_prior_BQ2LX3.pt,28,411,411,0.004367039999999999
add_prior_WJV6H6.pt,14,690,690,0.004488719999999999
add_prior_JEJW8O.pt,14,28,28,0.009887179999999999
add_prior_6AHR21.pt,14,146,146,0.00449338
add_prior_LIXKJB.pt,14,219,219,0.01028406
add_prior_T22O1M.pt,112,152,152,0.00448312
add_prior_K4P8OB.pt,56,29,29,0.0044653800000000006
add_prior_7PY93N.pt,28,3,3,0.017487600000000002
add_prior_8AV00I.pt,14,58,58,0.018062340000000003
add_prior_7H1YDK.pt,3,191,191,0.021955340000000004
add_prior_2O0AW3.pt,56,255,255,0.0045382800000000004
add_prior_6G2EUT.pt,28,1011,1011,0.004528259999999999
add_prior_U42BC3.pt,14,99,99,0.01711333999999999
add_prior_RSWD8J.pt,14,353,353,0.004471220000000001
add_prior_G5OAE7.pt,7,172,172,0.023760380000000005
add_prior_B977AT.pt,56,44,44,0.004609260000000001
add_prior_TJDX41.pt,14,232,232,0.008974239999999996
add_prior_2OWJLL.pt,28,9,9,0.00910028
add_prior_XN38RF.pt,28,698,698,0.00451698
add_prior_IUPMJD.pt,28,90,90,0.0045012
add_prior_BO6X1Q.pt,56,29,29,0.004513400000000001
add_prior_XZ60M9.pt,14,267,267,0.004442419999999999
add_prior_O4DJY9.pt,14,150,150,0.007532440000000001
add_prior_VRDVT2.pt,112,56,56,0.004477799999999999
add_prior_354DHT.pt,112,2117,2117,0.004503419999999999
add_prior_Y5FUZE.pt,14,244,244,0.013687500000000009
add_prior_161ZIY.pt,14,492,492,0.004501579999999998
add_prior_672OEF.pt,7,10,10,0.015679219999999994
add_prior_4QSJ8L.pt,56,60,60,0.004527099999999999
add_prior_MUHL5W.pt,14,439,439,0.0045352000000000005
add_prior_9RK0PY.pt,14,240,240,0.015191760000000004
add_prior_YC15A5.pt,56,540,540,0.004444539999999999
add_prior_O45LZK.pt,14,253,253,0.012104780000000006
add_prior_6UQ2BD.pt,7,120,120,0.021576539999999995
add_prior_ML50VF.pt,56,266,266,0.0046069399999999995
add_prior_ZOA745.pt,7,513,513,0.007144020000000002
add_prior_ID74J2.pt,28,510,510,0.0044297
add_prior_UJKTMU.pt,14,224,224,0.009336599999999999
add_prior_YSFRJV.pt,7,134,134,0.004485820000000001
add_prior_BXE2BP.pt,28,1139,1139,0.0045495200000000005
add_prior_T6UW43.pt,7,117,117,0.009164860000000002
add_prior_LQQA0W.pt,56,157,157,0.00437814
add_prior_8S4RAY.pt,112,249,249,0.00448618
add_prior_LRR6Z6.pt,7,68,68,0.0254479
add_prior_W2XDBN.pt,7,114,114,0.018625519999999996
add_prior_391JJN.pt,7,527,527,0.014129360000000004
add_prior_8B3CKL.pt,7,243,243,0.013570199999999998
add_prior_CTIODI.pt,14,192,192,0.01124112
add_prior_WW39U5.pt,7,40,40,0.0191404
add_prior_CO0ZOM.pt,28,182,182,0.004536899999999999
add_prior_QBC9PV.pt,7,387,387,0.008957360000000003
add_prior_ZM04SF.pt,28,90,90,0.009732439999999998
add_prior_50WKAI.pt,28,532,532,0.0044727
add_prior_AEFHGR.pt,112,70,70,0.00452024
add_prior_4MH509.pt,112,800,800,0.004542000000000002
add_prior_LWKSI1.pt,56,58,58,0.0045531
add_prior_PY4D2P.pt,56,943,943,0.0045644200000000005
add_prior_17EE70.pt,14,118,118,0.0104922
add_prior_5EN3YB.pt,28,523,523,0.004441000000000001
add_prior_22HPPE.pt,28,58,58,0.00445516
add_prior_473V7X.pt,56,843,843,0.00450588
add_prior_Q1CFZK.pt,28,387,387,0.0043926
add_prior_4JUZOZ.pt,56,335,335,0.004514860000000001
add_prior_DNRKA5.pt,3,1184,1184,0.010849620000000004
add_prior_GGTIKN.pt,14,24,24,0.022696740000000003
add_prior_VLICMX.pt,56,145,145,0.004374820000000001
add_prior_KI8MZ5.pt,28,732,732,0.004573719999999999
add_prior_7LJ7NG.pt,14,782,782,0.004511000000000001
add_prior_S32WG6.pt,14,102,102,0.019389499999999994
add_prior_S7JVTV.pt,14,551,551,0.004517480000000002
add_prior_QUM603.pt,14,522,522,0.004593900000000001
add_prior_XT3DR2.pt,14,479,479,0.004602560000000001
add_prior_SUFUY1.pt,3,491,491,0.017082740000000003
add_prior_8BD50K.pt,7,847,847,0.015004040000000003
add_prior_CY97QM.pt,14,174,174,0.015592440000000008
add_prior_FTDDXO.pt,14,180,180,0.020660820000000003
add_prior_D33X40.pt,3,954,954,0.01755112
add_prior_C7UW57.pt,28,236,236,0.004555700000000001
add_prior_OLGMUS.pt,14,161,161,0.01307122
add_prior_UMSNW4.pt,56,661,661,0.004483
add_prior_FXXRFU.pt,28,442,442,0.00438404
add_prior_6UVN3X.pt,14,111,111,0.008070139999999998
add_prior_8CO8X3.pt,28,429,429,0.0044569399999999995
add_prior_QU46T9.pt,28,17,17,0.01810196
add_prior_0UF6HU.pt,14,255,255,0.004625560000000001
add_prior_RT6V2U.pt,7,820,820,0.00447492
add_prior_0JHJD2.pt,56,527,527,0.004476
add_prior_SMAKFE.pt,56,55,55,0.004487339999999999
add_prior_WC0ASM.pt,28,503,503,0.005024100000000003
add_prior_X0M1S0.pt,7,989,989,0.004538039999999999
add_prior_A3ZWAH.pt,56,38,38,0.004502800000000001
add_prior_VDGPJP.pt,112,552,552,0.004489760000000001
add_prior_SQU4UF.pt,28,9,9,0.024353479999999997
add_prior_VK7R95.pt,14,217,217,0.011282340000000007
add_prior_3C0POD.pt,7,411,411,0.016656700000000003
add_prior_GZMTLW.pt,28,161,161,0.004649680000000001
add_prior_1TW12E.pt,14,71,71,0.018240519999999996
add_prior_QBT5QG.pt,7,979,979,0.004668380000000001
add_prior_NBV9QD.pt,56,305,305,0.00453708
add_prior_7P0VS9.pt,28,81,81,0.006071019999999999
add_prior_VLBL92.pt,14,23,23,0.016451240000000006
add_prior_JN3VVZ.pt,112,142,142,0.0045237
add_prior_PFYWU0.pt,14,39,39,0.020944759999999996
add_prior_4UM8UY.pt,56,185,185,0.00450536
add_prior_EXXXNR.pt,56,17,17,0.0044795600000000005
add_prior_7010HJ.pt,28,94,94,0.004476519999999999
add_prior_JNKZ2B.pt,3,203,203,0.014119660000000003
add_prior_Z4ZNB0.pt,224,44,44,0.0044497799999999995
add_prior_Q1HSKQ.pt,224,266,266,0.0044828
add_prior_L4CCUX.pt,56,848,848,0.0044672
add_prior_RY8LBQ.pt,28,493,493,0.0044755
add_prior_TQZP3Q.pt,112,75,75,0.00453216
add_prior_IZZS17.pt,7,512,512,0.012052180000000003
add_prior_1IX199.pt,28,205,205,0.004512540000000001
add_prior_S8OX9M.pt,224,31,31,0.00474374
add_prior_FOPUBD.pt,28,75,75,0.008784199999999997
add_prior_P2KA4F.pt,28,436,436,0.00451096
add_prior_2KDQ3R.pt,28,67,67,0.0086625
add_prior_CB8X3U.pt,7,75,75,0.01697792
add_prior_5S91CS.pt,56,194,194,0.004508340000000002
add_prior_J694FF.pt,7,232,232,0.022976060000000006
add_prior_B8BFHB.pt,14,154,154,0.01570476
add_prior_0CP92V.pt,14,533,533,0.00448322
add_prior_0CHCUS.pt,56,44,44,0.004519939999999999
add_prior_MVBVIK.pt,14,95,95,0.00676314
add_prior_7472ON.pt,28,84,84,0.004612740000000001
add_prior_MR6F4L.pt,56,85,85,0.004393379999999999
add_prior_RN1BT4.pt,224,184,184,0.004373939999999999
add_prior_3F7VWL.pt,28,314,314,0.004564160000000001
add_prior_WIU7VN.pt,14,109,109,0.004490439999999999
add_prior_LPIEVE.pt,14,489,489,0.004467139999999998
add_prior_S4BYMJ.pt,7,226,226,0.0140479
add_prior_Y98XF3.pt,28,699,699,0.0045499600000000005
add_prior_BT9ROG.pt,56,172,172,0.0045126
add_prior_OHA4JY.pt,7,606,606,0.004500280000000001
add_prior_2FGHXV.pt,56,527,527,0.00452406
add_prior_5MQRAG.pt,28,6,6,0.0208268
add_prior_ZRY32M.pt,28,1707,1707,0.004534859999999999
add_prior_G7K10A.pt,56,249,249,0.004515519999999999
add_prior_CF6OUI.pt,28,499,499,0.00439784
add_prior_DKRIAG.pt,7,151,151,0.015713179999999997
add_prior_HYLBIV.pt,7,851,851,0.010393800000000002
add_prior_CCCXY5.pt,14,1028,1028,0.00452466
add_prior_YRBAFD.pt,14,165,165,0.00454482
add_prior_I0FM8E.pt,28,475,475,0.00443044
add_prior_BQKEJ2.pt,14,45,45,0.011523940000000002
add_prior_EDTZH2.pt,112,1984,1984,0.004478139999999999
add_prior_Y62692.pt,28,219,219,0.00454838
add_prior_L22XQ2.pt,112,244,244,0.004575919999999998
add_prior_8CLA10.pt,7,124,124,0.01647416
add_prior_3RM7RN.pt,28,119,119,0.004449679999999998
add_prior_IJRMR4.pt,56,519,519,0.004461619999999999
add_prior_3A9SVC.pt,14,228,228,0.004504800000000001
add_prior_VCHMUA.pt,28,14,14,0.01669548
add_prior_9ZNTSR.pt,14,666,666,0.0045894
add_prior_BB6PSY.pt,14,665,665,0.00453488
add_prior_ZDKEU0.pt,56,750,750,0.00452184
add_prior_2SOKQ5.pt,112,17,17,0.004534640000000001
add_prior_93PFM6.pt,14,541,541,0.00448784
add_prior_WZXTQ3.pt,1,2032,2032,0.018038319999999993
add_prior_4CXNQD.pt,7,238,238,0.02221746
add_prior_7EUBV5.pt,56,115,115,0.004471660000000001
add_prior_6TDBPC.pt,56,47,47,0.00453186
add_prior_KIY0V1.pt,14,11,11,0.010698000000000001
add_prior_13GGAP.pt,28,222,222,0.00454506
add_prior_Q2BUTB.pt,7,232,232,0.00575224
add_prior_TSWE17.pt,14,248,248,0.00485086
add_prior_GCYKKM.pt,112,1943,1943,0.004500899999999999
add_prior_1HE4E3.pt,28,130,130,0.004442200000000002
add_prior_FIC5YW.pt,112,44,44,0.004575559999999999
add_prior_1WLV0O.pt,7,1019,1019,0.004551240000000001
add_prior_BJK8ZQ.pt,28,2014,2014,0.004495100000000001
add_prior_8F1V8H.pt,56,199,199,0.00453722
add_prior_GM6KID.pt,112,501,501,0.00444522
add_prior_S32NHX.pt,14,1323,1323,0.00452388
add_prior_6MAHNX.pt,56,173,173,0.00454252
add_prior_U2CYO7.pt,56,1251,1251,0.004482940000000001
add_prior_CWCADR.pt,28,499,499,0.0044377
add_prior_GNK9CD.pt,112,992,992,0.0044911000000000005
add_prior_RX999F.pt,14,33,33,0.01794014
add_prior_KS0D7M.pt,56,47,47,0.0044949000000000005
add_prior_NBLXYD.pt,1,1621,1621,0.019562920000000004
add_prior_EE3IAB.pt,14,82,82,0.00971788
add_prior_UUKLOH.pt,28,75,75,0.0044613199999999995
add_prior_SL7TZC.pt,56,240,240,0.00456264
add_prior_YVEMTQ.pt,56,80,80,0.00446382
add_prior_6DY9BT.pt,56,978,978,0.004503999999999999
add_prior_PF0YV6.pt,1,114,114,0.026237759999999995
add_prior_VAB783.pt,56,63,63,0.00461624
add_prior_0LCU2R.pt,14,249,249,0.0065178599999999995
add_prior_VQZ86A.pt,3,123,123,0.016349719999999998
add_prior_44SPMO.pt,56,215,215,0.004558479999999999
add_prior_8MJ0J6.pt,112,661,661,0.005028660000000001
add_prior_CCXTBU.pt,7,113,113,0.014000119999999996
add_prior_SKDIEF.pt,14,478,478,0.004857719999999999
add_prior_MLVBU8.pt,28,806,806,0.004650320000000001
add_prior_J2QR4Y.pt,28,44,44,0.006788540000000001
add_prior_ZX401I.pt,14,98,98,0.01924512
add_prior_WR2AMP.pt,7,53,53,0.01922188
add_prior_QYXGM6.pt,14,1258,1258,0.004463579999999999
add_prior_IUT2W7.pt,14,1008,1008,0.004630519999999998
add_prior_9SHM2I.pt,56,990,990,0.00442998
add_prior_XF7CS8.pt,112,137,137,0.004503819999999999
add_prior_T971KT.pt,7,701,701,0.00973888
add_prior_RBAGZL.pt,56,52,52,0.00456552
add_prior_ZOQB3K.pt,112,10,10,0.00449444
add_prior_7XF525.pt,28,355,355,0.0044031999999999995
add_prior_BCJM1Q.pt,7,34,34,0.010593680000000001
add_prior_HPQ46F.pt,56,176,176,0.004990839999999999
add_prior_G54UZF.pt,14,82,82,0.007442520000000001
add_prior_UBATC3.pt,56,536,536,0.0046540600000000015
add_prior_KGFZFE.pt,14,81,81,0.00721618
add_prior_GS68GD.pt,14,260,260,0.004475
add_prior_LPNX0H.pt,28,64,64,0.00859396
add_prior_R2MZ9Z.pt,14,18,18,0.017286359999999994
add_prior_CDXK8S.pt,28,18,18,0.018763319999999997
add_prior_8E0NLC.pt,28,244,244,0.004648359999999999
add_prior_Z90G4I.pt,56,165,165,0.004595639999999999
add_prior_ILM14J.pt,28,173,173,0.0046773
add_prior_ESJHEY.pt,28,106,106,0.0044686399999999986
add_prior_U8ACMN.pt,224,759,759,0.0045904
add_prior_J8V9ZO.pt,28,998,998,0.00451246
add_prior_AQ6FDT.pt,14,59,59,0.012254560000000005
add_prior_315U4E.pt,14,248,248,0.004505820000000001
add_prior_QF6ZSZ.pt,7,560,560,0.004541439999999999
add_prior_405BH7.pt,28,172,172,0.00449332
add_prior_VYML7C.pt,14,56,56,0.02379234
add_prior_83M8PO.pt,14,52,52,0.022924539999999997
add_prior_XENCIO.pt,14,33,33,0.02132284
add_prior_CA7DH4.pt,28,190,190,0.004553040000000001
add_prior_0TYNYK.pt,56,98,98,0.004427540000000001
add_prior_ULVKCA.pt,14,142,142,0.011828680000000001
add_prior_63LDUI.pt,28,129,129,0.0045303800000000005
add_prior_1EWI3L.pt,56,391,391,0.004453780000000001
add_prior_6FSJVB.pt,112,167,167,0.004476579999999998
add_prior_5J7HRL.pt,56,4,4,0.012375179999999996
add_prior_2Y7GEJ.pt,28,6,6,0.0120677
add_prior_8TQBWQ.pt,14,32,32,0.017477559999999996
add_prior_8J3HTG.pt,28,125,125,0.004467000000000001
add_prior_R7ZTDH.pt,28,216,216,0.0045551
add_prior_XIROSD.pt,7,158,158,0.017214119999999996
add_prior_K4A16S.pt,7,18,18,0.019898420000000007
add_prior_T3N3X2.pt,28,512,512,0.004567559999999999
add_prior_Z1W351.pt,14,115,115,0.02145452000000001
add_prior_RWU3UU.pt,28,243,243,0.004549460000000001
add_prior_ULPZ6J.pt,28,78,78,0.007875859999999995
add_prior_YQ28VW.pt,56,1520,1520,0.0044744
add_prior_600NCQ.pt,14,532,532,0.00450168
add_prior_ETNB4W.pt,14,867,867,0.00466432
add_prior_44WH28.pt,14,17,17,0.02316424
add_prior_55HZ2I.pt,112,529,529,0.0045116999999999996
add_prior_YH5BTQ.pt,56,108,108,0.00443868
add_prior_ETMUUN.pt,56,514,514,0.004484280000000001
add_prior_97J9IF.pt,7,154,154,0.0239666
add_prior_CEEQII.pt,56,1156,1156,0.004463720000000001
add_prior_F3N9LA.pt,14,13,13,0.019796779999999996
add_prior_S32QNK.pt,1,245,245,0.019500640000000003
add_prior_9JH027.pt,28,566,566,0.00440402
add_prior_BKIYE8.pt,14,92,92,0.007415799999999999
add_prior_385SBL.pt,14,219,219,0.0060932
add_prior_WZL8IT.pt,112,220,220,0.004424000000000001
add_prior_L6GBO1.pt,28,380,380,0.0044060800000000015
add_prior_BAOFLV.pt,56,29,29,0.0044539600000000025
add_prior_T9T47I.pt,14,221,221,0.005329219999999998
add_prior_0HSYGT.pt,14,249,249,0.01258834
add_prior_E9VV5G.pt,14,452,452,0.00446518
add_prior_TBH9IV.pt,14,512,512,0.004493719999999999
add_prior_9EVYEI.pt,56,255,255,0.00456346
add_prior_2WOTZ3.pt,14,189,189,0.004591520000000001
add_prior_5IDFL2.pt,28,524,524,0.004415079999999999
add_prior_FI8BEZ.pt,224,71,71,0.00445672
add_prior_6GHK4I.pt,14,250,250,0.010910040000000001
add_prior_0QXRWE.pt,14,2035,2035,0.0044415400000000025
add_prior_BKJ5DP.pt,14,966,966,0.004597100000000001
add_prior_PEBESS.pt,14,110,110,0.005161619999999999
add_prior_E8NO0D.pt,56,144,144,0.004466159999999999
add_prior_N95XAR.pt,14,176,176,0.005458559999999999
add_prior_AQ34TB.pt,28,1160,1160,0.00450166
add_prior_H8SPGU.pt,7,25,25,0.022479960000000007
add_prior_9RK94U.pt,14,501,501,0.004464939999999999
add_prior_F7OXZ5.pt,14,1539,1539,0.004426620000000001
add_prior_ZFBYXR.pt,14,115,115,0.01876984
add_prior_A3F4GS.pt,14,68,68,0.015590300000000003
add_prior_3UYZPY.pt,112,201,201,0.004354960000000001
add_prior_SF1H39.pt,56,187,187,0.0045413400000000005
add_prior_TGOQH8.pt,14,133,133,0.008041219999999998
add_prior_TW5DVH.pt,14,138,138,0.013007820000000005
add_prior_13J08S.pt,14,418,418,0.00457954
add_prior_7E7E8O.pt,56,992,992,0.004456140000000001
add_prior_HVEST3.pt,56,445,445,0.0044788399999999996
add_prior_VOZ36W.pt,112,69,69,0.004483039999999999
add_prior_AHBLH7.pt,7,513,513,0.008041020000000001
add_prior_8QG3HK.pt,28,103,103,0.00450292
add_prior_GU0YL7.pt,7,221,221,0.012388119999999997
add_prior_ZKQUIS.pt,14,13,13,0.016159200000000006
add_prior_0BMLJZ.pt,56,1477,1477,0.004440179999999999
add_prior_G98B4R.pt,7,186,186,0.017460499999999993
add_prior_DSZAPS.pt,14,1741,1741,0.0044344200000000005
add_prior_7RYHPT.pt,14,1000,1000,0.00448834
add_prior_7XFH06.pt,7,159,159,0.021885819999999997
add_prior_3ND0QU.pt,14,511,511,0.0044675
add_prior_FBXJT6.pt,14,250,250,0.00444374
add_prior_1XG2NW.pt,56,30,30,0.004491219999999999
add_prior_6E6GCI.pt,56,1923,1923,0.004430920000000001
add_prior_XNKULF.pt,28,136,136,0.004500819999999999
add_prior_M67S77.pt,3,120,120,0.01674974
add_prior_3UD0CE.pt,56,203,203,0.00454696
add_prior_6J46D4.pt,14,30,30,0.01997966
add_prior_3WGNG1.pt,28,411,411,0.0044272800000000005
add_prior_M6XRQK.pt,28,193,193,0.004529160000000001
add_prior_AYVFNA.pt,14,468,468,0.004477620000000001
add_prior_0CFW9Z.pt,28,2037,2037,0.004511659999999999
add_prior_MRUX0A.pt,56,506,506,0.0044528400000000004
add_prior_D9293F.pt,7,841,841,0.004514399999999999
add_prior_M2K6WV.pt,14,510,510,0.00449026
add_prior_R5MJZ2.pt,14,773,773,0.00458404
add_prior_PF32AJ.pt,7,166,166,0.021820899999999997
add_prior_5V4Y9G.pt,56,688,688,0.004484760000000002
add_prior_O723A9.pt,28,32,32,0.01277222
add_prior_PMJYWD.pt,7,58,58,0.01045324
add_prior_ICTZZN.pt,56,189,189,0.005086300000000001
add_prior_VO4IUN.pt,14,305,305,0.004917939999999999
add_prior_P18IBU.pt,28,428,428,0.004927239999999999
add_prior_T3488U.pt,7,193,193,0.0248341
add_prior_K0KLJE.pt,7,176,176,0.01977994
add_prior_T50YXZ.pt,28,1026,1026,0.00453762
add_prior_LB5CBH.pt,7,896,896,0.006267879999999999
add_prior_B0KXR5.pt,7,215,215,0.015436860000000002
add_prior_0CMG2F.pt,14,211,211,0.00442976
add_prior_L04JC1.pt,112,140,140,0.004591880000000001
add_prior_52Z7VM.pt,28,124,124,0.004491919999999998
add_prior_SLBN6T.pt,14,122,122,0.008769339999999997
add_prior_F3B3H3.pt,14,32,32,0.016040440000000003
add_prior_DIKHR0.pt,14,141,141,0.006997
add_prior_1LNBAL.pt,112,1723,1723,0.004532599999999999
add_prior_23FHH3.pt,7,1420,1420,0.004472520000000001
add_prior_E8FAIL.pt,14,29,29,0.014637160000000007
add_prior_DF9K93.pt,112,12,12,0.00453082
add_prior_P08887.pt,14,129,129,0.004448360000000002
add_prior_W8FF6A.pt,14,169,169,0.007347139999999999
add_prior_YX5MAS.pt,14,20,20,0.016915379999999997
add_prior_0RXXHQ.pt,3,21,21,0.020924619999999994
add_prior_FHEQWR.pt,112,27,27,0.004449020000000001
add_prior_KQODLE.pt,14,238,238,0.006234819999999999
add_prior_X450K3.pt,28,201,201,0.004616859999999999
add_prior_CR05VN.pt,14,791,791,0.004507880000000001
add_prior_LMYA5P.pt,56,701,701,0.0045191400000000005
add_prior_PMWBP9.pt,14,203,203,0.00475668
add_prior_1OJAJM.pt,14,137,137,0.013590419999999999
add_prior_JK24SU.pt,56,221,221,0.00447728
add_prior_4K6I48.pt,28,213,213,0.004524679999999998
add_prior_9B4357.pt,7,158,158,0.01048314
add_prior_MLVZGM.pt,224,513,513,0.004464460000000001
add_prior_LZZ5UQ.pt,28,230,230,0.0045185799999999995
add_prior_5IQN64.pt,56,471,471,0.00445068
add_prior_XOY82Y.pt,14,285,285,0.004983919999999999
add_prior_01JM2W.pt,14,46,46,0.01260848
add_prior_V85RZ4.pt,28,507,507,0.00444168
add_prior_Q46X7K.pt,14,49,49,0.018167279999999997
add_prior_DCAEV0.pt,14,25,25,0.019268239999999996
add_prior_CRP7BJ.pt,14,57,57,0.018976560000000007
add_prior_3PBGIQ.pt,112,55,55,0.004503759999999999
add_prior_HZB2TU.pt,1,222,222,0.020230060000000005
add_prior_ZQHO5I.pt,7,898,898,0.009546880000000002
add_prior_RVBBD2.pt,56,1475,1475,0.004423460000000001
add_prior_9HLBC5.pt,28,148,148,0.004488560000000001
add_prior_LDY9SG.pt,56,86,86,0.004394939999999999
add_prior_MNVJDJ.pt,14,19,19,0.015220500000000003
add_prior_95CJTY.pt,28,1160,1160,0.00453542
add_prior_7BM0BW.pt,14,10,10,0.02758138
add_prior_UPFFP1.pt,112,40,40,0.0045028
add_prior_PL2DAG.pt,14,981,981,0.00451388
add_prior_O09EOP.pt,112,80,80,0.00452006
add_prior_KDB6H0.pt,224,218,218,0.0044745600000000016
add_prior_1HFCLM.pt,56,194,194,0.0044939
add_prior_UWI7BS.pt,14,88,88,0.010496659999999998
add_prior_VBEHCL.pt,112,509,509,0.004539500000000002
add_prior_7CYJLK.pt,14,197,197,0.013312520000000001
add_prior_IG70KD.pt,28,34,34,0.008118859999999999
add_prior_XFVVOU.pt,56,58,58,0.0046156800000000005
add_prior_EZA8QZ.pt,28,523,523,0.004413660000000001
add_prior_RF3I56.pt,14,1006,1006,0.004465480000000001
add_prior_T83RAG.pt,112,179,179,0.00448472
add_prior_TQHV2P.pt,14,8,8,0.02042412
add_prior_Q3BSX7.pt,14,499,499,0.004458180000000002
add_prior_JFSMK9.pt,14,166,166,0.01097154
add_prior_IIWEWK.pt,28,790,790,0.004537939999999999
add_prior_G9ZC3G.pt,14,2009,2009,0.004520220000000001
add_prior_SB0NXX.pt,14,1007,1007,0.00446372
add_prior_TBWYJY.pt,28,200,200,0.004610299999999999
add_prior_01PEHM.pt,28,590,590,0.00442658
add_prior_KIUOL5.pt,14,229,229,0.0047366199999999995
add_prior_ZPLFAD.pt,56,240,240,0.0045084
add_prior_AV6IQH.pt,14,153,153,0.006840060000000002
add_prior_85V3DL.pt,14,27,27,0.028366699999999998
add_prior_S2VGGN.pt,7,119,119,0.0157659
add_prior_WUNE15.pt,56,1875,1875,0.00450008
add_prior_5PRQVP.pt,56,134,134,0.0048606
add_prior_NLZ0P5.pt,28,45,45,0.00448326
add_prior_UNF8AC.pt,112,27,27,0.00444626
add_prior_0KDVJB.pt,28,1155,1155,0.0045321200000000015
add_prior_RLJ6HT.pt,28,734,734,0.00460302
add_prior_QTV5F9.pt,28,212,212,0.004535319999999999
add_prior_NJDAWS.pt,14,1153,1153,0.004533639999999999
add_prior_FEKPPF.pt,7,214,214,0.020058959999999994
add_prior_AQTMY8.pt,56,1081,1081,0.00447406
add_prior_VO1YN0.pt,7,694,694,0.0044846
add_prior_JYUCGS.pt,14,78,78,0.00983718
add_prior_DM1T2Z.pt,56,529,529,0.004491519999999998
add_prior_ZSGQ9D.pt,112,88,88,0.004501640000000001
add_prior_Y08T6P.pt,56,2013,2013,0.00449502
add_prior_IB2BLC.pt,14,35,35,0.01676078
add_prior_MNDZWX.pt,56,155,155,0.00437504
add_prior_A133ZX.pt,14,125,125,0.005579400000000001
add_prior_012Y58.pt,14,3,3,0.019301820000000004
add_prior_ZD4C14.pt,28,768,768,0.00453208
add_prior_V27EPP.pt,28,183,183,0.004522880000000001
add_prior_I5O9AD.pt,112,508,508,0.004468700000000001
add_prior_NJRSDY.pt,7,456,456,0.008775560000000003
add_prior_1OOMVV.pt,112,226,226,0.00447816
add_prior_O5Y5OJ.pt,14,24,24,0.018067839999999998
add_prior_P4SCB3.pt,28,40,40,0.005249779999999999
add_prior_ZOHIEF.pt,14,491,491,0.004439919999999998
add_prior_TKQ825.pt,14,268,268,0.004457640000000001
add_prior_MOEPUY.pt,28,59,59,0.004492440000000001
add_prior_OBVDQH.pt,14,89,89,0.019101619999999996
add_prior_2KEEY6.pt,56,150,150,0.00458316
add_prior_34UOF7.pt,3,177,177,0.02023504
add_prior_NU71PR.pt,112,229,229,0.004622380000000001
add_prior_3EYCF4.pt,14,139,139,0.018731820000000003
add_prior_MONUEC.pt,112,136,136,0.0044266600000000015
add_prior_G33LWT.pt,112,181,181,0.00447444
add_prior_TQ5IUS.pt,7,116,116,0.02136606
add_prior_B1LCBS.pt,14,153,153,0.0055737
add_prior_S2P9FC.pt,14,230,230,0.004900219999999999
add_prior_POM485.pt,7,263,263,0.01269904
add_prior_LBQVHQ.pt,28,151,151,0.00444738
add_prior_47O8AB.pt,56,1897,1897,0.00444804
add_prior_FCWETQ.pt,14,1024,1024,0.0051984599999999985
add_prior_A0ZFLU.pt,56,11,11,0.004425899999999999
add_prior_86SCF7.pt,28,249,249,0.004581099999999999
add_prior_V6UNBP.pt,28,112,112,0.0045056
add_prior_1T8EX6.pt,56,317,317,0.00443326
add_prior_11WW98.pt,56,315,315,0.00443496
add_prior_QEUXKJ.pt,14,45,45,0.026285279999999994
add_prior_U66HUY.pt,28,220,220,0.00446092
add_prior_8R1ZRE.pt,14,44,44,0.021085499999999997
add_prior_WT41GB.pt,7,158,158,0.02225772
add_prior_JG9R1C.pt,7,208,208,0.013114439999999998
add_prior_LXUJVX.pt,14,1006,1006,0.004439559999999999
add_prior_JE5VLR.pt,28,172,172,0.004450879999999999
add_prior_NPX163.pt,28,657,657,0.00450828
add_prior_Y4R0RA.pt,14,495,495,0.004447020000000001
add_prior_DY1316.pt,14,801,801,0.00459182
add_prior_ZG6SXB.pt,14,99,99,0.009432880000000005
add_prior_3N6D44.pt,14,655,655,0.004424440000000001
add_prior_AN4ZTY.pt,14,49,49,0.027111059999999996
add_prior_TLBT17.pt,7,198,198,0.024479920000000006
add_prior_NTW07E.pt,56,226,226,0.004489459999999999
add_prior_BPC03V.pt,14,943,943,0.004511640000000001
add_prior_YKZWLE.pt,112,2044,2044,0.004450680000000001
add_prior_KUONQS.pt,28,105,105,0.004427460000000001
add_prior_VQ0M2M.pt,112,189,189,0.00456302
add_prior_KZFYOR.pt,14,48,48,0.02029052
add_prior_1R1E91.pt,1,50,50,0.02549936
add_prior_YR8KQZ.pt,14,21,21,0.014398699999999995
add_prior_7S4DS6.pt,56,92,92,0.004445759999999998
add_prior_HLOHXL.pt,28,194,194,0.00454326
add_prior_117JDX.pt,28,212,212,0.004562779999999999
add_prior_ZUYLUT.pt,14,270,270,0.006720320000000001
add_prior_JPZONR.pt,28,211,211,0.004653400000000001
add_prior_PRLFY1.pt,28,1001,1001,0.004502399999999998
add_prior_F2P7LU.pt,14,420,420,0.004588900000000001
add_prior_1BVTS7.pt,7,149,149,0.02084392
add_prior_QDE7WC.pt,28,313,313,0.0044687600000000004
add_prior_N3QLMY.pt,28,490,490,0.00444162
add_prior_TRNXAR.pt,14,266,266,0.0044985
add_prior_6FT9M5.pt,14,1445,1445,0.0043605200000000005
add_prior_GXX755.pt,14,392,392,0.00440738
add_prior_9CTJR6.pt,112,156,156,0.00442734
add_prior_GKWXBR.pt,112,58,58,0.004478579999999999
add_prior_9BQ8ID.pt,14,97,97,0.00989152
add_prior_2UO1KB.pt,14,259,259,0.00446
add_prior_8Y36ZR.pt,112,243,243,0.004457399999999999
add_prior_V40ZFC.pt,28,26,26,0.012271940000000007
add_prior_67BJT8.pt,7,47,47,0.024498999999999986
add_prior_8YL61G.pt,14,398,398,0.0044423
add_prior_7S7JG8.pt,28,222,222,0.004492899999999999
add_prior_SK6NDQ.pt,14,2028,2028,0.00497346
add_prior_STRJAG.pt,7,810,810,0.012537760000000002
add_prior_4BQMUD.pt,14,989,989,0.00457826
add_prior_3F0NVT.pt,28,4,4,0.021747899999999994
add_prior_OW6WPN.pt,14,292,292,0.005747019999999999
add_prior_R3Y89J.pt,112,120,120,0.00444284
add_prior_L9D676.pt,14,435,435,0.0045091
add_prior_V1UWW3.pt,28,1065,1065,0.004583319999999999
add_prior_LNP7GJ.pt,14,196,196,0.005036200000000003
add_prior_ZS4O0E.pt,28,839,839,0.004516320000000001
add_prior_ZHGW14.pt,56,130,130,0.004408700000000001
add_prior_KP2BRD.pt,28,209,209,0.00461826
add_prior_KVIJH9.pt,1,34,34,0.02906658
add_prior_G66CW4.pt,14,95,95,0.015484439999999997
add_prior_EL9GRA.pt,28,504,504,0.0044321000000000004
add_prior_RV0O91.pt,7,977,977,0.004478119999999999
add_prior_TWN69C.pt,7,40,40,0.015676779999999998
add_prior_ONLW49.pt,112,110,110,0.0045716
add_prior_6PA1RK.pt,224,163,163,0.0044426000000000005
add_prior_WGOH40.pt,28,153,153,0.00448042
add_prior_LJE713.pt,56,314,314,0.00452624
add_prior_1SB9N6.pt,14,86,86,0.023656539999999997
add_prior_R6ZNL3.pt,14,13,13,0.012626119999999998
add_prior_S46G5Z.pt,28,92,92,0.004486580000000001
add_prior_DDCNNA.pt,28,67,67,0.004499019999999999
add_prior_NI5S34.pt,28,1069,1069,0.004451259999999998
add_prior_SABYKU.pt,112,779,779,0.004521119999999999
add_prior_2UE19Z.pt,56,532,532,0.004454299999999998
add_prior_TXRF7B.pt,14,143,143,0.017580059999999998
add_prior_PWUFO0.pt,28,123,123,0.004488720000000001
add_prior_2PR7XQ.pt,56,519,519,0.004669220000000001
add_prior_6WDC5Q.pt,56,75,75,0.004744419999999998
add_prior_PUC9EJ.pt,7,2048,2048,0.004467580000000001
add_prior_UX57CP.pt,112,490,490,0.00452438
add_prior_HZCTKL.pt,14,94,94,0.01138938
add_prior_GXFD0I.pt,7,206,206,0.01337292
add_prior_QQ3VYO.pt,56,493,493,0.004564340000000001
add_prior_G51LPE.pt,7,261,261,0.016184839999999995
add_prior_41EXEV.pt,112,151,151,0.00446218
add_prior_VTCS7V.pt,28,257,257,0.00451366
add_prior_V03D5L.pt,112,1020,1020,0.00448766
add_prior_4FS6ID.pt,14,497,497,0.00444558
add_prior_1NFKG2.pt,112,36,36,0.0044007399999999985
add_prior_A2IDOA.pt,28,72,72,0.00447578
add_prior_V7QGZ8.pt,7,145,145,0.018401559999999997
add_prior_5IMXKZ.pt,14,250,250,0.00459196
add_prior_QQNY4A.pt,56,101,101,0.004489640000000001
add_prior_1UVOKF.pt,28,508,508,0.004481039999999999
add_prior_CX52LU.pt,56,60,60,0.004561399999999999
add_prior_00WN4N.pt,14,1070,1070,0.004511859999999999
